<?xml version="1.0" encoding="UTF-8" standalone="no" ?>
<gpx xmlns="http://www.topografix.com/GPX/1/1" xmlns:gpxtrx="http://www.garmin.com/xmlschemas/GpxExtensions/v3" xmlns:gpxtpx="http://www.garmin.com/xmlschemas/TrackPointExtension/v1" xmlns:gpxx="http://www.garmin.com/xmlschemas/GpxExtensions/v3" creator="Hiking Logger v3.6.9 b294" version="1.1" xmlns:xsi="http://www.w3.org/2001/XMLSchema-instance" xsi:schemaLocation="http://www.topografix.com/GPX/1/1 http://www.topografix.com/GPX/1/1/gpx.xsd http://www.garmin.com/xmlschemas/TrackPointExtension/v1 http://www.garmin.com/xmlschemas/TrackPointExtensionv1.xsd http://www.garmin.com/xmlschemas/GpxExtensions/v3 http://www8.garmin.com/xmlschemas/GpxExtensionsv3.xsd">
<metadata>
<name><![CDATA[虎寮潭]]></name>
<link href="www.ccmedia.com.tw">
<text>Hiking Logger</text>
</link>
<time>2025-03-23T09:44:55Z</time>
</metadata>
<trk>
<name><![CDATA[2025-03-23_09.49.23]]></name>
<extensions>
<gpxx:TrackExtension>
<gpxx:DisplayColor>Red</gpxx:DisplayColor>
</gpxx:TrackExtension>
</extensions>
<trkseg>
<trkpt lat="24.941311" lon="121.751148">
<ele>320.7</ele>
<time>2025-03-23T01:49:25Z</time>
</trkpt>
<trkpt lat="24.941506" lon="121.751217">
<ele>312</ele>
<time>2025-03-23T01:49:35Z</time>
</trkpt>
<trkpt lat="24.941604" lon="121.75117">
<ele>313.1</ele>
<time>2025-03-23T01:49:46Z</time>
</trkpt>
<trkpt lat="24.941688" lon="121.751086">
<ele>310.8</ele>
<time>2025-03-23T01:49:56Z</time>
</trkpt>
<trkpt lat="24.941736" lon="121.751149">
<ele>307.9</ele>
<time>2025-03-23T01:50:07Z</time>
</trkpt>
<trkpt lat="24.941713" lon="121.751185">
<ele>308.1</ele>
<time>2025-03-23T01:50:18Z</time>
</trkpt>
<trkpt lat="24.94178" lon="121.75123">
<ele>309.9</ele>
<time>2025-03-23T01:50:28Z</time>
</trkpt>
<trkpt lat="24.941817" lon="121.75122">
<ele>307.7</ele>
<time>2025-03-23T01:50:39Z</time>
</trkpt>
<trkpt lat="24.941851" lon="121.75123">
<ele>305.3</ele>
<time>2025-03-23T01:50:50Z</time>
</trkpt>
<trkpt lat="24.941812" lon="121.751236">
<ele>294.9</ele>
<time>2025-03-23T01:51:01Z</time>
</trkpt>
<trkpt lat="24.941833" lon="121.751286">
<ele>307.1</ele>
<time>2025-03-23T01:51:12Z</time>
</trkpt>
<trkpt lat="24.941882" lon="121.751292">
<ele>305</ele>
<time>2025-03-23T01:51:23Z</time>
</trkpt>
<trkpt lat="24.941931" lon="121.751338">
<ele>311.8</ele>
<time>2025-03-23T01:51:34Z</time>
</trkpt>
<trkpt lat="24.941974" lon="121.75132">
<ele>314.7</ele>
<time>2025-03-23T01:51:44Z</time>
</trkpt>
<trkpt lat="24.941939" lon="121.751314">
<ele>310.9</ele>
<time>2025-03-23T01:51:54Z</time>
</trkpt>
<trkpt lat="24.941942" lon="121.751326">
<ele>307.1</ele>
<time>2025-03-23T01:52:05Z</time>
</trkpt>
<trkpt lat="24.941937" lon="121.751312">
<ele>305.9</ele>
<time>2025-03-23T01:52:15Z</time>
</trkpt>
<trkpt lat="24.941929" lon="121.751302">
<ele>304</ele>
<time>2025-03-23T01:52:26Z</time>
</trkpt>
<trkpt lat="24.941913" lon="121.751293">
<ele>302.5</ele>
<time>2025-03-23T01:52:38Z</time>
</trkpt>
<trkpt lat="24.941932" lon="121.751325">
<ele>306.8</ele>
<time>2025-03-23T01:52:49Z</time>
</trkpt>
<trkpt lat="24.941925" lon="121.751335">
<ele>300.6</ele>
<time>2025-03-23T01:53:01Z</time>
</trkpt>
<trkpt lat="24.941941" lon="121.751389">
<ele>302.9</ele>
<time>2025-03-23T01:53:12Z</time>
</trkpt>
<trkpt lat="24.941954" lon="121.751407">
<ele>301.8</ele>
<time>2025-03-23T01:53:23Z</time>
</trkpt>
<trkpt lat="24.941976" lon="121.7514">
<ele>307</ele>
<time>2025-03-23T01:53:34Z</time>
</trkpt>
<trkpt lat="24.941937" lon="121.751436">
<ele>313.5</ele>
<time>2025-03-23T01:53:44Z</time>
</trkpt>
<trkpt lat="24.941901" lon="121.751402">
<ele>309.2</ele>
<time>2025-03-23T01:53:54Z</time>
</trkpt>
<trkpt lat="24.941885" lon="121.75139">
<ele>307.8</ele>
<time>2025-03-23T01:54:04Z</time>
</trkpt>
<trkpt lat="24.941868" lon="121.751389">
<ele>306.8</ele>
<time>2025-03-23T01:54:14Z</time>
</trkpt>
<trkpt lat="24.941875" lon="121.751399">
<ele>301.4</ele>
<time>2025-03-23T01:54:25Z</time>
</trkpt>
<trkpt lat="24.941864" lon="121.751422">
<ele>298.4</ele>
<time>2025-03-23T01:54:36Z</time>
</trkpt>
<trkpt lat="24.941843" lon="121.751395">
<ele>302.8</ele>
<time>2025-03-23T01:54:47Z</time>
</trkpt>
<trkpt lat="24.941848" lon="121.75143">
<ele>306</ele>
<time>2025-03-23T01:54:58Z</time>
</trkpt>
<trkpt lat="24.941852" lon="121.751469">
<ele>303.7</ele>
<time>2025-03-23T01:55:09Z</time>
</trkpt>
<trkpt lat="24.941842" lon="121.751481">
<ele>308.6</ele>
<time>2025-03-23T01:55:20Z</time>
</trkpt>
<trkpt lat="24.941825" lon="121.751493">
<ele>298.7</ele>
<time>2025-03-23T01:55:31Z</time>
</trkpt>
<trkpt lat="24.941811" lon="121.751539">
<ele>310.6</ele>
<time>2025-03-23T01:55:42Z</time>
</trkpt>
<trkpt lat="24.941856" lon="121.751597">
<ele>301.2</ele>
<time>2025-03-23T01:55:53Z</time>
</trkpt>
<trkpt lat="24.941805" lon="121.751642">
<ele>303.9</ele>
<time>2025-03-23T01:56:03Z</time>
</trkpt>
<trkpt lat="24.941827" lon="121.751675">
<ele>305.3</ele>
<time>2025-03-23T01:56:14Z</time>
</trkpt>
<trkpt lat="24.941777" lon="121.751621">
<ele>311.7</ele>
<time>2025-03-23T01:56:25Z</time>
</trkpt>
<trkpt lat="24.941721" lon="121.751726">
<ele>323.1</ele>
<time>2025-03-23T01:56:36Z</time>
</trkpt>
<trkpt lat="24.941729" lon="121.751734">
<ele>321</ele>
<time>2025-03-23T01:56:47Z</time>
</trkpt>
<trkpt lat="24.941728" lon="121.751723">
<ele>315.4</ele>
<time>2025-03-23T01:56:58Z</time>
</trkpt>
<trkpt lat="24.941694" lon="121.751743">
<ele>326.3</ele>
<time>2025-03-23T01:57:09Z</time>
</trkpt>
<trkpt lat="24.941691" lon="121.751757">
<ele>319.8</ele>
<time>2025-03-23T01:57:19Z</time>
</trkpt>
<trkpt lat="24.941681" lon="121.751776">
<ele>316.8</ele>
<time>2025-03-23T01:57:30Z</time>
</trkpt>
<trkpt lat="24.941623" lon="121.751795">
<ele>322.4</ele>
<time>2025-03-23T01:57:41Z</time>
</trkpt>
<trkpt lat="24.941626" lon="121.751809">
<ele>314.8</ele>
<time>2025-03-23T01:57:52Z</time>
</trkpt>
<trkpt lat="24.941636" lon="121.751855">
<ele>318.3</ele>
<time>2025-03-23T01:58:03Z</time>
</trkpt>
<trkpt lat="24.94161" lon="121.751861">
<ele>317.2</ele>
<time>2025-03-23T01:58:14Z</time>
</trkpt>
<trkpt lat="24.941596" lon="121.751863">
<ele>314.5</ele>
<time>2025-03-23T01:58:25Z</time>
</trkpt>
<trkpt lat="24.941565" lon="121.751853">
<ele>317</ele>
<time>2025-03-23T01:58:36Z</time>
</trkpt>
<trkpt lat="24.94156" lon="121.751841">
<ele>318.5</ele>
<time>2025-03-23T01:58:47Z</time>
</trkpt>
<trkpt lat="24.941527" lon="121.751844">
<ele>311.3</ele>
<time>2025-03-23T01:58:58Z</time>
</trkpt>
<trkpt lat="24.941532" lon="121.751907">
<ele>317.2</ele>
<time>2025-03-23T01:59:09Z</time>
</trkpt>
<trkpt lat="24.941544" lon="121.751883">
<ele>312</ele>
<time>2025-03-23T01:59:20Z</time>
</trkpt>
<trkpt lat="24.941514" lon="121.751932">
<ele>308.7</ele>
<time>2025-03-23T01:59:30Z</time>
</trkpt>
<trkpt lat="24.941488" lon="121.751964">
<ele>313.8</ele>
<time>2025-03-23T01:59:41Z</time>
</trkpt>
<trkpt lat="24.941441" lon="121.752039">
<ele>316.4</ele>
<time>2025-03-23T01:59:52Z</time>
</trkpt>
<trkpt lat="24.941405" lon="121.752056">
<ele>316.7</ele>
<time>2025-03-23T02:00:03Z</time>
</trkpt>
<trkpt lat="24.941382" lon="121.752035">
<ele>319.6</ele>
<time>2025-03-23T02:00:14Z</time>
</trkpt>
<trkpt lat="24.941359" lon="121.752068">
<ele>321.7</ele>
<time>2025-03-23T02:00:25Z</time>
</trkpt>
<trkpt lat="24.94132" lon="121.752112">
<ele>323.3</ele>
<time>2025-03-23T02:00:36Z</time>
</trkpt>
<trkpt lat="24.941337" lon="121.752106">
<ele>321.1</ele>
<time>2025-03-23T02:00:47Z</time>
</trkpt>
<trkpt lat="24.94137" lon="121.75213">
<ele>315.5</ele>
<time>2025-03-23T02:00:58Z</time>
</trkpt>
<trkpt lat="24.941357" lon="121.752101">
<ele>315.1</ele>
<time>2025-03-23T02:01:09Z</time>
</trkpt>
<trkpt lat="24.941342" lon="121.752089">
<ele>321.8</ele>
<time>2025-03-23T02:01:20Z</time>
</trkpt>
<trkpt lat="24.941306" lon="121.7521">
<ele>323.2</ele>
<time>2025-03-23T02:01:30Z</time>
</trkpt>
<trkpt lat="24.941297" lon="121.752197">
<ele>326</ele>
<time>2025-03-23T02:01:41Z</time>
</trkpt>
<trkpt lat="24.941265" lon="121.752159">
<ele>318.3</ele>
<time>2025-03-23T02:01:52Z</time>
</trkpt>
<trkpt lat="24.94126" lon="121.75212">
<ele>319.8</ele>
<time>2025-03-23T02:02:03Z</time>
</trkpt>
<trkpt lat="24.941233" lon="121.752183">
<ele>319.1</ele>
<time>2025-03-23T02:02:14Z</time>
</trkpt>
<trkpt lat="24.941296" lon="121.752175">
<ele>317.6</ele>
<time>2025-03-23T02:02:25Z</time>
</trkpt>
<trkpt lat="24.941369" lon="121.752234">
<ele>310.6</ele>
<time>2025-03-23T02:02:36Z</time>
</trkpt>
<trkpt lat="24.941283" lon="121.752157">
<ele>315.1</ele>
<time>2025-03-23T02:02:47Z</time>
</trkpt>
<trkpt lat="24.941237" lon="121.752115">
<ele>322</ele>
<time>2025-03-23T02:02:58Z</time>
</trkpt>
<trkpt lat="24.941235" lon="121.75219">
<ele>307.2</ele>
<time>2025-03-23T02:03:09Z</time>
</trkpt>
<trkpt lat="24.941246" lon="121.752157">
<ele>299.6</ele>
<time>2025-03-23T02:03:20Z</time>
</trkpt>
<trkpt lat="24.941195" lon="121.752164">
<ele>304.7</ele>
<time>2025-03-23T02:03:30Z</time>
</trkpt>
<trkpt lat="24.941206" lon="121.752173">
<ele>308.1</ele>
<time>2025-03-23T02:03:41Z</time>
</trkpt>
<trkpt lat="24.941192" lon="121.75218">
<ele>314</ele>
<time>2025-03-23T02:03:54Z</time>
</trkpt>
<trkpt lat="24.941199" lon="121.752205">
<ele>312.3</ele>
<time>2025-03-23T02:04:05Z</time>
</trkpt>
<trkpt lat="24.94119" lon="121.752208">
<ele>317</ele>
<time>2025-03-23T02:04:16Z</time>
</trkpt>
<trkpt lat="24.941195" lon="121.7522">
<ele>319.7</ele>
<time>2025-03-23T02:04:30Z</time>
</trkpt>
<trkpt lat="24.941206" lon="121.752192">
<ele>322</ele>
<time>2025-03-23T02:04:41Z</time>
</trkpt>
<trkpt lat="24.941201" lon="121.752203">
<ele>320.1</ele>
<time>2025-03-23T02:05:06Z</time>
</trkpt>
<trkpt lat="24.941229" lon="121.752214">
<ele>322.4</ele>
<time>2025-03-23T02:05:16Z</time>
</trkpt>
<trkpt lat="24.941264" lon="121.752213">
<ele>322.3</ele>
<time>2025-03-23T02:05:27Z</time>
</trkpt>
<trkpt lat="24.941232" lon="121.752218">
<ele>318.8</ele>
<time>2025-03-23T02:05:38Z</time>
</trkpt>
<trkpt lat="24.941192" lon="121.752201">
<ele>316.4</ele>
<time>2025-03-23T02:05:49Z</time>
</trkpt>
<trkpt lat="24.941147" lon="121.752173">
<ele>310.7</ele>
<time>2025-03-23T02:06:00Z</time>
</trkpt>
<trkpt lat="24.941185" lon="121.752203">
<ele>307.8</ele>
<time>2025-03-23T02:06:11Z</time>
</trkpt>
<trkpt lat="24.94114" lon="121.752184">
<ele>294.7</ele>
<time>2025-03-23T02:06:22Z</time>
</trkpt>
<trkpt lat="24.941199" lon="121.752224">
<ele>305.5</ele>
<time>2025-03-23T02:06:32Z</time>
</trkpt>
<trkpt lat="24.941196" lon="121.75224">
<ele>306.1</ele>
<time>2025-03-23T02:06:42Z</time>
</trkpt>
<trkpt lat="24.941222" lon="121.752264">
<ele>307.3</ele>
<time>2025-03-23T02:06:52Z</time>
</trkpt>
<trkpt lat="24.941158" lon="121.752206">
<ele>308.8</ele>
<time>2025-03-23T02:07:03Z</time>
</trkpt>
<trkpt lat="24.941146" lon="121.752285">
<ele>304</ele>
<time>2025-03-23T02:07:14Z</time>
</trkpt>
<trkpt lat="24.941136" lon="121.752312">
<ele>314.1</ele>
<time>2025-03-23T02:07:25Z</time>
</trkpt>
<trkpt lat="24.941082" lon="121.752332">
<ele>313.7</ele>
<time>2025-03-23T02:07:36Z</time>
</trkpt>
<trkpt lat="24.94107" lon="121.752361">
<ele>315.3</ele>
<time>2025-03-23T02:07:47Z</time>
</trkpt>
<trkpt lat="24.941018" lon="121.752414">
<ele>311.5</ele>
<time>2025-03-23T02:07:58Z</time>
</trkpt>
<trkpt lat="24.940991" lon="121.752467">
<ele>315.7</ele>
<time>2025-03-23T02:08:09Z</time>
</trkpt>
<trkpt lat="24.941012" lon="121.752519">
<ele>312.4</ele>
<time>2025-03-23T02:08:20Z</time>
</trkpt>
<trkpt lat="24.940993" lon="121.75255">
<ele>317</ele>
<time>2025-03-23T02:08:31Z</time>
</trkpt>
<trkpt lat="24.94098" lon="121.752622">
<ele>316.2</ele>
<time>2025-03-23T02:08:41Z</time>
</trkpt>
<trkpt lat="24.940909" lon="121.752552">
<ele>315.6</ele>
<time>2025-03-23T02:08:52Z</time>
</trkpt>
<trkpt lat="24.940871" lon="121.752623">
<ele>315.8</ele>
<time>2025-03-23T02:09:03Z</time>
</trkpt>
<trkpt lat="24.940817" lon="121.752611">
<ele>331.5</ele>
<time>2025-03-23T02:09:14Z</time>
</trkpt>
<trkpt lat="24.940715" lon="121.752714">
<ele>330.3</ele>
<time>2025-03-23T02:09:25Z</time>
</trkpt>
<trkpt lat="24.940747" lon="121.752687">
<ele>317.1</ele>
<time>2025-03-23T02:09:36Z</time>
</trkpt>
<trkpt lat="24.940716" lon="121.752693">
<ele>317.4</ele>
<time>2025-03-23T02:09:47Z</time>
</trkpt>
<trkpt lat="24.940686" lon="121.752722">
<ele>316.3</ele>
<time>2025-03-23T02:09:57Z</time>
</trkpt>
<trkpt lat="24.940661" lon="121.752747">
<ele>319</ele>
<time>2025-03-23T02:10:08Z</time>
</trkpt>
<trkpt lat="24.940608" lon="121.752749">
<ele>319.3</ele>
<time>2025-03-23T02:10:19Z</time>
</trkpt>
<trkpt lat="24.940547" lon="121.7527">
<ele>320.2</ele>
<time>2025-03-23T02:10:31Z</time>
</trkpt>
<trkpt lat="24.940509" lon="121.752691">
<ele>313.8</ele>
<time>2025-03-23T02:10:42Z</time>
</trkpt>
<trkpt lat="24.940447" lon="121.752692">
<ele>320.2</ele>
<time>2025-03-23T02:10:53Z</time>
</trkpt>
<trkpt lat="24.940417" lon="121.752659">
<ele>311.8</ele>
<time>2025-03-23T02:11:04Z</time>
</trkpt>
<trkpt lat="24.940336" lon="121.752671">
<ele>312.2</ele>
<time>2025-03-23T02:11:15Z</time>
</trkpt>
<trkpt lat="24.940286" lon="121.752653">
<ele>316.3</ele>
<time>2025-03-23T02:11:26Z</time>
</trkpt>
<trkpt lat="24.940248" lon="121.752678">
<ele>322</ele>
<time>2025-03-23T02:11:37Z</time>
</trkpt>
<trkpt lat="24.940201" lon="121.752663">
<ele>320.9</ele>
<time>2025-03-23T02:11:48Z</time>
</trkpt>
<trkpt lat="24.940204" lon="121.752696">
<ele>312.4</ele>
<time>2025-03-23T02:11:59Z</time>
</trkpt>
<trkpt lat="24.940179" lon="121.752701">
<ele>319.5</ele>
<time>2025-03-23T02:12:09Z</time>
</trkpt>
<trkpt lat="24.94015" lon="121.752753">
<ele>321.1</ele>
<time>2025-03-23T02:12:20Z</time>
</trkpt>
<trkpt lat="24.940101" lon="121.752804">
<ele>318.4</ele>
<time>2025-03-23T02:12:31Z</time>
</trkpt>
<trkpt lat="24.94" lon="121.752838">
<ele>309.2</ele>
<time>2025-03-23T02:12:42Z</time>
</trkpt>
<trkpt lat="24.940067" lon="121.75283">
<ele>318.9</ele>
<time>2025-03-23T02:12:53Z</time>
</trkpt>
<trkpt lat="24.94006" lon="121.752798">
<ele>323.4</ele>
<time>2025-03-23T02:13:04Z</time>
</trkpt>
<trkpt lat="24.940048" lon="121.752817">
<ele>330.2</ele>
<time>2025-03-23T02:13:15Z</time>
</trkpt>
<trkpt lat="24.940072" lon="121.752832">
<ele>324.4</ele>
<time>2025-03-23T02:13:26Z</time>
</trkpt>
<trkpt lat="24.940087" lon="121.752859">
<ele>327.3</ele>
<time>2025-03-23T02:13:37Z</time>
</trkpt>
<trkpt lat="24.940032" lon="121.752831">
<ele>325.5</ele>
<time>2025-03-23T02:13:48Z</time>
</trkpt>
<trkpt lat="24.940047" lon="121.752786">
<ele>329.1</ele>
<time>2025-03-23T02:13:59Z</time>
</trkpt>
<trkpt lat="24.940102" lon="121.752829">
<ele>322.2</ele>
<time>2025-03-23T02:14:09Z</time>
</trkpt>
<trkpt lat="24.940105" lon="121.752839">
<ele>322.6</ele>
<time>2025-03-23T02:14:20Z</time>
</trkpt>
<trkpt lat="24.940098" lon="121.752854">
<ele>318.7</ele>
<time>2025-03-23T02:14:31Z</time>
</trkpt>
<trkpt lat="24.940084" lon="121.752846">
<ele>319.7</ele>
<time>2025-03-23T02:14:51Z</time>
</trkpt>
<trkpt lat="24.940074" lon="121.752839">
<ele>319</ele>
<time>2025-03-23T02:15:02Z</time>
</trkpt>
<trkpt lat="24.940069" lon="121.752826">
<ele>319.8</ele>
<time>2025-03-23T02:15:13Z</time>
</trkpt>
<trkpt lat="24.940037" lon="121.752831">
<ele>316.1</ele>
<time>2025-03-23T02:15:24Z</time>
</trkpt>
<trkpt lat="24.939965" lon="121.75283">
<ele>314</ele>
<time>2025-03-23T02:15:35Z</time>
</trkpt>
<trkpt lat="24.939997" lon="121.75288">
<ele>320.8</ele>
<time>2025-03-23T02:15:46Z</time>
</trkpt>
<trkpt lat="24.939994" lon="121.752939">
<ele>326.1</ele>
<time>2025-03-23T02:15:56Z</time>
</trkpt>
<trkpt lat="24.939981" lon="121.75296">
<ele>328.7</ele>
<time>2025-03-23T02:16:07Z</time>
</trkpt>
<trkpt lat="24.940037" lon="121.753023">
<ele>330.5</ele>
<time>2025-03-23T02:16:18Z</time>
</trkpt>
<trkpt lat="24.940036" lon="121.753079">
<ele>325.3</ele>
<time>2025-03-23T02:16:29Z</time>
</trkpt>
<trkpt lat="24.940067" lon="121.753069">
<ele>330.7</ele>
<time>2025-03-23T02:16:40Z</time>
</trkpt>
<trkpt lat="24.940052" lon="121.753096">
<ele>336.1</ele>
<time>2025-03-23T02:16:51Z</time>
</trkpt>
<trkpt lat="24.940039" lon="121.753114">
<ele>331.8</ele>
<time>2025-03-23T02:17:02Z</time>
</trkpt>
<trkpt lat="24.940014" lon="121.753185">
<ele>350.8</ele>
<time>2025-03-23T02:17:13Z</time>
</trkpt>
<trkpt lat="24.940062" lon="121.753234">
<ele>341.8</ele>
<time>2025-03-23T02:17:24Z</time>
</trkpt>
<trkpt lat="24.940049" lon="121.753273">
<ele>324.9</ele>
<time>2025-03-23T02:17:35Z</time>
</trkpt>
<trkpt lat="24.940053" lon="121.753336">
<ele>340.9</ele>
<time>2025-03-23T02:17:46Z</time>
</trkpt>
<trkpt lat="24.940021" lon="121.753354">
<ele>341.6</ele>
<time>2025-03-23T02:17:56Z</time>
</trkpt>
<trkpt lat="24.94002" lon="121.753401">
<ele>338.7</ele>
<time>2025-03-23T02:18:07Z</time>
</trkpt>
<trkpt lat="24.939965" lon="121.75339">
<ele>334.1</ele>
<time>2025-03-23T02:18:18Z</time>
</trkpt>
<trkpt lat="24.939963" lon="121.75343">
<ele>327.4</ele>
<time>2025-03-23T02:18:29Z</time>
</trkpt>
<trkpt lat="24.939962" lon="121.753489">
<ele>334</ele>
<time>2025-03-23T02:18:40Z</time>
</trkpt>
<trkpt lat="24.939889" lon="121.753464">
<ele>338.4</ele>
<time>2025-03-23T02:18:51Z</time>
</trkpt>
<trkpt lat="24.939915" lon="121.753567">
<ele>337.1</ele>
<time>2025-03-23T02:19:02Z</time>
</trkpt>
<trkpt lat="24.93988" lon="121.753587">
<ele>326.1</ele>
<time>2025-03-23T02:19:13Z</time>
</trkpt>
<trkpt lat="24.93987" lon="121.753594">
<ele>322.5</ele>
<time>2025-03-23T02:19:27Z</time>
</trkpt>
<trkpt lat="24.93984" lon="121.753585">
<ele>327.2</ele>
<time>2025-03-23T02:19:38Z</time>
</trkpt>
<trkpt lat="24.939905" lon="121.753615">
<ele>340.4</ele>
<time>2025-03-23T02:19:49Z</time>
</trkpt>
<trkpt lat="24.939905" lon="121.753753">
<ele>331.5</ele>
<time>2025-03-23T02:19:59Z</time>
</trkpt>
<trkpt lat="24.939887" lon="121.753686">
<ele>324.8</ele>
<time>2025-03-23T02:20:10Z</time>
</trkpt>
<trkpt lat="24.939908" lon="121.753686">
<ele>335</ele>
<time>2025-03-23T02:20:21Z</time>
</trkpt>
<trkpt lat="24.93993" lon="121.753682">
<ele>334.4</ele>
<time>2025-03-23T02:20:32Z</time>
</trkpt>
<trkpt lat="24.93994" lon="121.753664">
<ele>335.3</ele>
<time>2025-03-23T02:20:43Z</time>
</trkpt>
<trkpt lat="24.939936" lon="121.753694">
<ele>330.9</ele>
<time>2025-03-23T02:20:54Z</time>
</trkpt>
<trkpt lat="24.939928" lon="121.753727">
<ele>321.4</ele>
<time>2025-03-23T02:21:05Z</time>
</trkpt>
<trkpt lat="24.939871" lon="121.753692">
<ele>336.2</ele>
<time>2025-03-23T02:21:15Z</time>
</trkpt>
<trkpt lat="24.939925" lon="121.753655">
<ele>342.6</ele>
<time>2025-03-23T02:21:25Z</time>
</trkpt>
<trkpt lat="24.939924" lon="121.753666">
<ele>339.9</ele>
<time>2025-03-23T02:21:42Z</time>
</trkpt>
<trkpt lat="24.939911" lon="121.753671">
<ele>345.3</ele>
<time>2025-03-23T02:21:52Z</time>
</trkpt>
<trkpt lat="24.939911" lon="121.753694">
<ele>345</ele>
<time>2025-03-23T02:22:03Z</time>
</trkpt>
<trkpt lat="24.939882" lon="121.753743">
<ele>331.3</ele>
<time>2025-03-23T02:22:14Z</time>
</trkpt>
<trkpt lat="24.939881" lon="121.753729">
<ele>352.2</ele>
<time>2025-03-23T02:22:25Z</time>
</trkpt>
<trkpt lat="24.939907" lon="121.753757">
<ele>337.7</ele>
<time>2025-03-23T02:22:36Z</time>
</trkpt>
<trkpt lat="24.939906" lon="121.75379">
<ele>318.8</ele>
<time>2025-03-23T02:22:47Z</time>
</trkpt>
<trkpt lat="24.939919" lon="121.753786">
<ele>331.8</ele>
<time>2025-03-23T02:22:58Z</time>
</trkpt>
<trkpt lat="24.939902" lon="121.753808">
<ele>337.8</ele>
<time>2025-03-23T02:23:09Z</time>
</trkpt>
<trkpt lat="24.939869" lon="121.753789">
<ele>344</ele>
<time>2025-03-23T02:23:20Z</time>
</trkpt>
<trkpt lat="24.93985" lon="121.753855">
<ele>331.9</ele>
<time>2025-03-23T02:23:31Z</time>
</trkpt>
<trkpt lat="24.93985" lon="121.753899">
<ele>331.6</ele>
<time>2025-03-23T02:23:42Z</time>
</trkpt>
<trkpt lat="24.939837" lon="121.753913">
<ele>341</ele>
<time>2025-03-23T02:23:56Z</time>
</trkpt>
<trkpt lat="24.939825" lon="121.753951">
<ele>338.2</ele>
<time>2025-03-23T02:24:07Z</time>
</trkpt>
<trkpt lat="24.939781" lon="121.753976">
<ele>322.9</ele>
<time>2025-03-23T02:24:17Z</time>
</trkpt>
<trkpt lat="24.939797" lon="121.754003">
<ele>336.3</ele>
<time>2025-03-23T02:24:28Z</time>
</trkpt>
<trkpt lat="24.9398" lon="121.754026">
<ele>344.7</ele>
<time>2025-03-23T02:24:39Z</time>
</trkpt>
<trkpt lat="24.939802" lon="121.754058">
<ele>352.2</ele>
<time>2025-03-23T02:24:50Z</time>
</trkpt>
<trkpt lat="24.939782" lon="121.754099">
<ele>345.6</ele>
<time>2025-03-23T02:25:01Z</time>
</trkpt>
<trkpt lat="24.939728" lon="121.7541">
<ele>331.1</ele>
<time>2025-03-23T02:25:13Z</time>
</trkpt>
<trkpt lat="24.939737" lon="121.75414">
<ele>333.7</ele>
<time>2025-03-23T02:25:24Z</time>
</trkpt>
<trkpt lat="24.939726" lon="121.754113">
<ele>343.7</ele>
<time>2025-03-23T02:25:35Z</time>
</trkpt>
<trkpt lat="24.939755" lon="121.754148">
<ele>343.1</ele>
<time>2025-03-23T02:25:46Z</time>
</trkpt>
<trkpt lat="24.939727" lon="121.754168">
<ele>347.8</ele>
<time>2025-03-23T02:25:57Z</time>
</trkpt>
<trkpt lat="24.939689" lon="121.754119">
<ele>344.5</ele>
<time>2025-03-23T02:26:08Z</time>
</trkpt>
<trkpt lat="24.939665" lon="121.754144">
<ele>349.2</ele>
<time>2025-03-23T02:26:19Z</time>
</trkpt>
<trkpt lat="24.939631" lon="121.754087">
<ele>354.5</ele>
<time>2025-03-23T02:26:29Z</time>
</trkpt>
<trkpt lat="24.939617" lon="121.754126">
<ele>347.2</ele>
<time>2025-03-23T02:26:40Z</time>
</trkpt>
<trkpt lat="24.939645" lon="121.754139">
<ele>343.1</ele>
<time>2025-03-23T02:26:51Z</time>
</trkpt>
<trkpt lat="24.939632" lon="121.75413">
<ele>342.3</ele>
<time>2025-03-23T02:27:03Z</time>
</trkpt>
<trkpt lat="24.939668" lon="121.754154">
<ele>337.2</ele>
<time>2025-03-23T02:27:14Z</time>
</trkpt>
<trkpt lat="24.93979" lon="121.754172">
<ele>346.4</ele>
<time>2025-03-23T02:27:26Z</time>
</trkpt>
<trkpt lat="24.939596" lon="121.754273">
<ele>356.8</ele>
<time>2025-03-23T02:27:37Z</time>
</trkpt>
<trkpt lat="24.9396" lon="121.754254">
<ele>357.8</ele>
<time>2025-03-23T02:27:48Z</time>
</trkpt>
<trkpt lat="24.93958" lon="121.754191">
<ele>348</ele>
<time>2025-03-23T02:27:59Z</time>
</trkpt>
<trkpt lat="24.939533" lon="121.754208">
<ele>351.7</ele>
<time>2025-03-23T02:28:10Z</time>
</trkpt>
<trkpt lat="24.939524" lon="121.754218">
<ele>357.3</ele>
<time>2025-03-23T02:28:21Z</time>
</trkpt>
<trkpt lat="24.939544" lon="121.754288">
<ele>356.9</ele>
<time>2025-03-23T02:28:31Z</time>
</trkpt>
<trkpt lat="24.939509" lon="121.754281">
<ele>354.3</ele>
<time>2025-03-23T02:28:42Z</time>
</trkpt>
<trkpt lat="24.939484" lon="121.75432">
<ele>343.8</ele>
<time>2025-03-23T02:28:53Z</time>
</trkpt>
<trkpt lat="24.939455" lon="121.754314">
<ele>353.6</ele>
<time>2025-03-23T02:29:04Z</time>
</trkpt>
<trkpt lat="24.939441" lon="121.754362">
<ele>344.2</ele>
<time>2025-03-23T02:29:15Z</time>
</trkpt>
<trkpt lat="24.939433" lon="121.754334">
<ele>350.1</ele>
<time>2025-03-23T02:29:26Z</time>
</trkpt>
<trkpt lat="24.939416" lon="121.754318">
<ele>359.3</ele>
<time>2025-03-23T02:29:37Z</time>
</trkpt>
<trkpt lat="24.939373" lon="121.754315">
<ele>363</ele>
<time>2025-03-23T02:29:48Z</time>
</trkpt>
<trkpt lat="24.939335" lon="121.754323">
<ele>353.1</ele>
<time>2025-03-23T02:29:59Z</time>
</trkpt>
<trkpt lat="24.939315" lon="121.754404">
<ele>351</ele>
<time>2025-03-23T02:30:10Z</time>
</trkpt>
<trkpt lat="24.939341" lon="121.754494">
<ele>351.4</ele>
<time>2025-03-23T02:30:21Z</time>
</trkpt>
<trkpt lat="24.93932" lon="121.754509">
<ele>358.8</ele>
<time>2025-03-23T02:30:32Z</time>
</trkpt>
<trkpt lat="24.939314" lon="121.754521">
<ele>348.4</ele>
<time>2025-03-23T02:30:44Z</time>
</trkpt>
<trkpt lat="24.939275" lon="121.754583">
<ele>365.1</ele>
<time>2025-03-23T02:30:55Z</time>
</trkpt>
<trkpt lat="24.939284" lon="121.754598">
<ele>362.7</ele>
<time>2025-03-23T02:31:06Z</time>
</trkpt>
<trkpt lat="24.93932" lon="121.75463">
<ele>374.5</ele>
<time>2025-03-23T02:31:17Z</time>
</trkpt>
<trkpt lat="24.939306" lon="121.754624">
<ele>369.5</ele>
<time>2025-03-23T02:31:28Z</time>
</trkpt>
<trkpt lat="24.939289" lon="121.754634">
<ele>357</ele>
<time>2025-03-23T02:31:39Z</time>
</trkpt>
<trkpt lat="24.939301" lon="121.754636">
<ele>358.2</ele>
<time>2025-03-23T02:31:50Z</time>
</trkpt>
<trkpt lat="24.939361" lon="121.754696">
<ele>369.8</ele>
<time>2025-03-23T02:32:01Z</time>
</trkpt>
<trkpt lat="24.939344" lon="121.754704">
<ele>363.4</ele>
<time>2025-03-23T02:32:12Z</time>
</trkpt>
<trkpt lat="24.939333" lon="121.754744">
<ele>367.2</ele>
<time>2025-03-23T02:32:23Z</time>
</trkpt>
<trkpt lat="24.939289" lon="121.754725">
<ele>372.3</ele>
<time>2025-03-23T02:32:34Z</time>
</trkpt>
<trkpt lat="24.939273" lon="121.754725">
<ele>375.3</ele>
<time>2025-03-23T02:32:44Z</time>
</trkpt>
<trkpt lat="24.939297" lon="121.754741">
<ele>361.3</ele>
<time>2025-03-23T02:32:55Z</time>
</trkpt>
<trkpt lat="24.939319" lon="121.754737">
<ele>362.5</ele>
<time>2025-03-23T02:33:06Z</time>
</trkpt>
<trkpt lat="24.939296" lon="121.754769">
<ele>356.4</ele>
<time>2025-03-23T02:33:17Z</time>
</trkpt>
<trkpt lat="24.939321" lon="121.754868">
<ele>352.6</ele>
<time>2025-03-23T02:33:28Z</time>
</trkpt>
<trkpt lat="24.939327" lon="121.754902">
<ele>362.9</ele>
<time>2025-03-23T02:33:39Z</time>
</trkpt>
<trkpt lat="24.939361" lon="121.754894">
<ele>358.8</ele>
<time>2025-03-23T02:33:50Z</time>
</trkpt>
<trkpt lat="24.939345" lon="121.754855">
<ele>361.1</ele>
<time>2025-03-23T02:34:01Z</time>
</trkpt>
<trkpt lat="24.939352" lon="121.754839">
<ele>354.1</ele>
<time>2025-03-23T02:34:12Z</time>
</trkpt>
<trkpt lat="24.939359" lon="121.754883">
<ele>361.7</ele>
<time>2025-03-23T02:34:23Z</time>
</trkpt>
<trkpt lat="24.93931" lon="121.754904">
<ele>355.2</ele>
<time>2025-03-23T02:34:34Z</time>
</trkpt>
<trkpt lat="24.939325" lon="121.754914">
<ele>361.8</ele>
<time>2025-03-23T02:34:44Z</time>
</trkpt>
<trkpt lat="24.939314" lon="121.754927">
<ele>357.3</ele>
<time>2025-03-23T02:34:56Z</time>
</trkpt>
<trkpt lat="24.939333" lon="121.754859">
<ele>355.7</ele>
<time>2025-03-23T02:35:07Z</time>
</trkpt>
<trkpt lat="24.939322" lon="121.754846">
<ele>360.3</ele>
<time>2025-03-23T02:35:18Z</time>
</trkpt>
<trkpt lat="24.939279" lon="121.754909">
<ele>372.5</ele>
<time>2025-03-23T02:35:29Z</time>
</trkpt>
<trkpt lat="24.939295" lon="121.75496">
<ele>377.9</ele>
<time>2025-03-23T02:35:40Z</time>
</trkpt>
<trkpt lat="24.939322" lon="121.754925">
<ele>374.1</ele>
<time>2025-03-23T02:35:51Z</time>
</trkpt>
<trkpt lat="24.939302" lon="121.754952">
<ele>367.5</ele>
<time>2025-03-23T02:36:10Z</time>
</trkpt>
<trkpt lat="24.939309" lon="121.754931">
<ele>374.1</ele>
<time>2025-03-23T02:36:24Z</time>
</trkpt>
<trkpt lat="24.939316" lon="121.754948">
<ele>370.4</ele>
<time>2025-03-23T02:36:35Z</time>
</trkpt>
<trkpt lat="24.939306" lon="121.75494">
<ele>381.6</ele>
<time>2025-03-23T02:36:46Z</time>
</trkpt>
<trkpt lat="24.939307" lon="121.75502">
<ele>382.4</ele>
<time>2025-03-23T02:36:57Z</time>
</trkpt>
<trkpt lat="24.939316" lon="121.75507">
<ele>368.2</ele>
<time>2025-03-23T02:37:08Z</time>
</trkpt>
<trkpt lat="24.939336" lon="121.755035">
<ele>390.1</ele>
<time>2025-03-23T02:37:19Z</time>
</trkpt>
<trkpt lat="24.939367" lon="121.755048">
<ele>376</ele>
<time>2025-03-23T02:37:30Z</time>
</trkpt>
<trkpt lat="24.939293" lon="121.755047">
<ele>382.4</ele>
<time>2025-03-23T02:37:41Z</time>
</trkpt>
<trkpt lat="24.939389" lon="121.755191">
<ele>392.3</ele>
<time>2025-03-23T02:37:52Z</time>
</trkpt>
<trkpt lat="24.939359" lon="121.75516">
<ele>379.9</ele>
<time>2025-03-23T02:38:03Z</time>
</trkpt>
<trkpt lat="24.939299" lon="121.755045">
<ele>376.4</ele>
<time>2025-03-23T02:38:14Z</time>
</trkpt>
<trkpt lat="24.939319" lon="121.755171">
<ele>375.8</ele>
<time>2025-03-23T02:38:25Z</time>
</trkpt>
<trkpt lat="24.939301" lon="121.755153">
<ele>375.5</ele>
<time>2025-03-23T02:38:36Z</time>
</trkpt>
<trkpt lat="24.939289" lon="121.755153">
<ele>372</ele>
<time>2025-03-23T02:38:46Z</time>
</trkpt>
<trkpt lat="24.939315" lon="121.755095">
<ele>380.8</ele>
<time>2025-03-23T02:38:57Z</time>
</trkpt>
<trkpt lat="24.939296" lon="121.75512">
<ele>372.8</ele>
<time>2025-03-23T02:39:08Z</time>
</trkpt>
<trkpt lat="24.939246" lon="121.75506">
<ele>383.8</ele>
<time>2025-03-23T02:39:19Z</time>
</trkpt>
<trkpt lat="24.939265" lon="121.755091">
<ele>379.2</ele>
<time>2025-03-23T02:39:30Z</time>
</trkpt>
<trkpt lat="24.939251" lon="121.755096">
<ele>379</ele>
<time>2025-03-23T02:39:41Z</time>
</trkpt>
<trkpt lat="24.939272" lon="121.755165">
<ele>377</ele>
<time>2025-03-23T02:39:52Z</time>
</trkpt>
<trkpt lat="24.939285" lon="121.755102">
<ele>375.6</ele>
<time>2025-03-23T02:40:03Z</time>
</trkpt>
<trkpt lat="24.939293" lon="121.755089">
<ele>390.6</ele>
<time>2025-03-23T02:40:23Z</time>
</trkpt>
<trkpt lat="24.939273" lon="121.75509">
<ele>382</ele>
<time>2025-03-23T02:40:34Z</time>
</trkpt>
<trkpt lat="24.939266" lon="121.755121">
<ele>381.4</ele>
<time>2025-03-23T02:40:45Z</time>
</trkpt>
<trkpt lat="24.939257" lon="121.755107">
<ele>378.6</ele>
<time>2025-03-23T02:40:55Z</time>
</trkpt>
<trkpt lat="24.939245" lon="121.755116">
<ele>372.3</ele>
<time>2025-03-23T02:41:06Z</time>
</trkpt>
<trkpt lat="24.939305" lon="121.755151">
<ele>376.2</ele>
<time>2025-03-23T02:41:17Z</time>
</trkpt>
<trkpt lat="24.939329" lon="121.755115">
<ele>364.4</ele>
<time>2025-03-23T02:41:28Z</time>
</trkpt>
<trkpt lat="24.939301" lon="121.755108">
<ele>369.9</ele>
<time>2025-03-23T02:41:39Z</time>
</trkpt>
<trkpt lat="24.939267" lon="121.755135">
<ele>382</ele>
<time>2025-03-23T02:41:50Z</time>
</trkpt>
<trkpt lat="24.93923" lon="121.755028">
<ele>393.8</ele>
<time>2025-03-23T02:42:01Z</time>
</trkpt>
<trkpt lat="24.939259" lon="121.755042">
<ele>389.5</ele>
<time>2025-03-23T02:42:11Z</time>
</trkpt>
<trkpt lat="24.939307" lon="121.755109">
<ele>384.3</ele>
<time>2025-03-23T02:42:29Z</time>
</trkpt>
<trkpt lat="24.939275" lon="121.755219">
<ele>385.9</ele>
<time>2025-03-23T02:42:39Z</time>
</trkpt>
<trkpt lat="24.939206" lon="121.755271">
<ele>372.2</ele>
<time>2025-03-23T02:42:50Z</time>
</trkpt>
<trkpt lat="24.93928" lon="121.755208">
<ele>378.9</ele>
<time>2025-03-23T02:43:01Z</time>
</trkpt>
<trkpt lat="24.939278" lon="121.755179">
<ele>376.4</ele>
<time>2025-03-23T02:43:12Z</time>
</trkpt>
<trkpt lat="24.93924" lon="121.755154">
<ele>371.2</ele>
<time>2025-03-23T02:43:23Z</time>
</trkpt>
<trkpt lat="24.93927" lon="121.755207">
<ele>375.9</ele>
<time>2025-03-23T02:43:34Z</time>
</trkpt>
<trkpt lat="24.93926" lon="121.755162">
<ele>367</ele>
<time>2025-03-23T02:43:45Z</time>
</trkpt>
<trkpt lat="24.939302" lon="121.755214">
<ele>370.1</ele>
<time>2025-03-23T02:43:56Z</time>
</trkpt>
<trkpt lat="24.939263" lon="121.755167">
<ele>380.6</ele>
<time>2025-03-23T02:44:07Z</time>
</trkpt>
<trkpt lat="24.93941" lon="121.755335">
<ele>337</ele>
<time>2025-03-23T02:45:19Z</time>
</trkpt>
<trkpt lat="24.93915" lon="121.75503">
<ele>384.3</ele>
<time>2025-03-23T02:45:29Z</time>
</trkpt>
<trkpt lat="24.939138" lon="121.755093">
<ele>365.4</ele>
<time>2025-03-23T02:45:53Z</time>
</trkpt>
<trkpt lat="24.93927" lon="121.75526">
<ele>386.2</ele>
<time>2025-03-23T02:46:04Z</time>
</trkpt>
<trkpt lat="24.939366" lon="121.755337">
<ele>398.2</ele>
<time>2025-03-23T02:46:15Z</time>
</trkpt>
<trkpt lat="24.939363" lon="121.755195">
<ele>399.8</ele>
<time>2025-03-23T02:46:26Z</time>
</trkpt>
<trkpt lat="24.939306" lon="121.755176">
<ele>386.1</ele>
<time>2025-03-23T02:46:37Z</time>
</trkpt>
<trkpt lat="24.939237" lon="121.755166">
<ele>387.1</ele>
<time>2025-03-23T02:46:47Z</time>
</trkpt>
<trkpt lat="24.939237" lon="121.755261">
<ele>391.6</ele>
<time>2025-03-23T02:47:12Z</time>
</trkpt>
<trkpt lat="24.939238" lon="121.75525">
<ele>386.6</ele>
<time>2025-03-23T02:47:23Z</time>
</trkpt>
<trkpt lat="24.93925" lon="121.755229">
<ele>385.3</ele>
<time>2025-03-23T02:47:34Z</time>
</trkpt>
<trkpt lat="24.939308" lon="121.755186">
<ele>382.9</ele>
<time>2025-03-23T02:47:45Z</time>
</trkpt>
<trkpt lat="24.939252" lon="121.755208">
<ele>389.3</ele>
<time>2025-03-23T02:47:56Z</time>
</trkpt>
<trkpt lat="24.939268" lon="121.755307">
<ele>386.2</ele>
<time>2025-03-23T02:48:07Z</time>
</trkpt>
<trkpt lat="24.939273" lon="121.755263">
<ele>382.1</ele>
<time>2025-03-23T02:48:18Z</time>
</trkpt>
<trkpt lat="24.939254" lon="121.755248">
<ele>375.4</ele>
<time>2025-03-23T02:48:29Z</time>
</trkpt>
<trkpt lat="24.939256" lon="121.755268">
<ele>370.7</ele>
<time>2025-03-23T02:48:40Z</time>
</trkpt>
<trkpt lat="24.939268" lon="121.755341">
<ele>383.2</ele>
<time>2025-03-23T02:48:51Z</time>
</trkpt>
<trkpt lat="24.939216" lon="121.755328">
<ele>387.3</ele>
<time>2025-03-23T02:49:01Z</time>
</trkpt>
<trkpt lat="24.939221" lon="121.755284">
<ele>387.3</ele>
<time>2025-03-23T02:49:12Z</time>
</trkpt>
<trkpt lat="24.939196" lon="121.755303">
<ele>385</ele>
<time>2025-03-23T02:49:23Z</time>
</trkpt>
<trkpt lat="24.939183" lon="121.75532">
<ele>380.3</ele>
<time>2025-03-23T02:49:34Z</time>
</trkpt>
<trkpt lat="24.939171" lon="121.755341">
<ele>381.3</ele>
<time>2025-03-23T02:49:45Z</time>
</trkpt>
<trkpt lat="24.939245" lon="121.755308">
<ele>390.1</ele>
<time>2025-03-23T02:49:56Z</time>
</trkpt>
<trkpt lat="24.939191" lon="121.755296">
<ele>388.2</ele>
<time>2025-03-23T02:50:07Z</time>
</trkpt>
<trkpt lat="24.939157" lon="121.755312">
<ele>384.1</ele>
<time>2025-03-23T02:50:18Z</time>
</trkpt>
<trkpt lat="24.93917" lon="121.755256">
<ele>395.6</ele>
<time>2025-03-23T02:50:29Z</time>
</trkpt>
<trkpt lat="24.939103" lon="121.75524">
<ele>378.4</ele>
<time>2025-03-23T02:50:40Z</time>
</trkpt>
<trkpt lat="24.939152" lon="121.755204">
<ele>385</ele>
<time>2025-03-23T02:50:50Z</time>
</trkpt>
<trkpt lat="24.939177" lon="121.755243">
<ele>382.1</ele>
<time>2025-03-23T02:51:01Z</time>
</trkpt>
<trkpt lat="24.939157" lon="121.755254">
<ele>383</ele>
<time>2025-03-23T02:51:12Z</time>
</trkpt>
<trkpt lat="24.939155" lon="121.755303">
<ele>377.1</ele>
<time>2025-03-23T02:51:23Z</time>
</trkpt>
<trkpt lat="24.939151" lon="121.755335">
<ele>376.5</ele>
<time>2025-03-23T02:51:34Z</time>
</trkpt>
<trkpt lat="24.939137" lon="121.755394">
<ele>374.8</ele>
<time>2025-03-23T02:51:45Z</time>
</trkpt>
<trkpt lat="24.939146" lon="121.755409">
<ele>385.7</ele>
<time>2025-03-23T02:51:56Z</time>
</trkpt>
<trkpt lat="24.939118" lon="121.755447">
<ele>393.8</ele>
<time>2025-03-23T02:52:07Z</time>
</trkpt>
<trkpt lat="24.939107" lon="121.755434">
<ele>383.5</ele>
<time>2025-03-23T02:52:18Z</time>
</trkpt>
<trkpt lat="24.939113" lon="121.755552">
<ele>402.9</ele>
<time>2025-03-23T02:52:29Z</time>
</trkpt>
<trkpt lat="24.939041" lon="121.755416">
<ele>387.2</ele>
<time>2025-03-23T02:52:40Z</time>
</trkpt>
<trkpt lat="24.939019" lon="121.755518">
<ele>387.5</ele>
<time>2025-03-23T02:52:50Z</time>
</trkpt>
<trkpt lat="24.938999" lon="121.755515">
<ele>390.7</ele>
<time>2025-03-23T02:53:01Z</time>
</trkpt>
<trkpt lat="24.93897" lon="121.755609">
<ele>377.7</ele>
<time>2025-03-23T02:53:12Z</time>
</trkpt>
<trkpt lat="24.938991" lon="121.755656">
<ele>372.4</ele>
<time>2025-03-23T02:53:23Z</time>
</trkpt>
<trkpt lat="24.938958" lon="121.75569">
<ele>380.9</ele>
<time>2025-03-23T02:53:34Z</time>
</trkpt>
<trkpt lat="24.938914" lon="121.755622">
<ele>374.4</ele>
<time>2025-03-23T02:53:45Z</time>
</trkpt>
<trkpt lat="24.938934" lon="121.755558">
<ele>392.3</ele>
<time>2025-03-23T02:53:56Z</time>
</trkpt>
<trkpt lat="24.938879" lon="121.755695">
<ele>396.5</ele>
<time>2025-03-23T02:54:07Z</time>
</trkpt>
<trkpt lat="24.938783" lon="121.755298">
<ele>447.9</ele>
<time>2025-03-23T02:54:36Z</time>
</trkpt>
<trkpt lat="24.938838" lon="121.7558">
<ele>398.9</ele>
<time>2025-03-23T02:54:46Z</time>
</trkpt>
<trkpt lat="24.938908" lon="121.755586">
<ele>394</ele>
<time>2025-03-23T02:54:57Z</time>
</trkpt>
<trkpt lat="24.938864" lon="121.755666">
<ele>388</ele>
<time>2025-03-23T02:55:08Z</time>
</trkpt>
<trkpt lat="24.938886" lon="121.755695">
<ele>398.3</ele>
<time>2025-03-23T02:55:19Z</time>
</trkpt>
<trkpt lat="24.938854" lon="121.755658">
<ele>390.5</ele>
<time>2025-03-23T02:55:30Z</time>
</trkpt>
<trkpt lat="24.938876" lon="121.755636">
<ele>393.4</ele>
<time>2025-03-23T02:55:41Z</time>
</trkpt>
<trkpt lat="24.938841" lon="121.755681">
<ele>391.1</ele>
<time>2025-03-23T02:55:52Z</time>
</trkpt>
<trkpt lat="24.938781" lon="121.755799">
<ele>382.2</ele>
<time>2025-03-23T02:56:03Z</time>
</trkpt>
<trkpt lat="24.938825" lon="121.755726">
<ele>376.1</ele>
<time>2025-03-23T02:56:14Z</time>
</trkpt>
<trkpt lat="24.938841" lon="121.755722">
<ele>372.6</ele>
<time>2025-03-23T02:56:25Z</time>
</trkpt>
<trkpt lat="24.938836" lon="121.75573">
<ele>374.7</ele>
<time>2025-03-23T02:56:36Z</time>
</trkpt>
<trkpt lat="24.938829" lon="121.755762">
<ele>375.2</ele>
<time>2025-03-23T02:56:47Z</time>
</trkpt>
<trkpt lat="24.938831" lon="121.75575">
<ele>375.8</ele>
<time>2025-03-23T02:56:57Z</time>
</trkpt>
<trkpt lat="24.93882" lon="121.755727">
<ele>373.1</ele>
<time>2025-03-23T02:57:08Z</time>
</trkpt>
<trkpt lat="24.938787" lon="121.755687">
<ele>381.1</ele>
<time>2025-03-23T02:57:19Z</time>
</trkpt>
<trkpt lat="24.938778" lon="121.755672">
<ele>382.2</ele>
<time>2025-03-23T02:57:30Z</time>
</trkpt>
<trkpt lat="24.938772" lon="121.755755">
<ele>384.6</ele>
<time>2025-03-23T02:57:41Z</time>
</trkpt>
<trkpt lat="24.938773" lon="121.755771">
<ele>384.2</ele>
<time>2025-03-23T02:57:52Z</time>
</trkpt>
<trkpt lat="24.938774" lon="121.755829">
<ele>381.5</ele>
<time>2025-03-23T02:58:03Z</time>
</trkpt>
<trkpt lat="24.938703" lon="121.755812">
<ele>391</ele>
<time>2025-03-23T02:58:14Z</time>
</trkpt>
<trkpt lat="24.938704" lon="121.755787">
<ele>390.9</ele>
<time>2025-03-23T02:58:25Z</time>
</trkpt>
<trkpt lat="24.938682" lon="121.755709">
<ele>393.6</ele>
<time>2025-03-23T02:58:36Z</time>
</trkpt>
<trkpt lat="24.93867" lon="121.755745">
<ele>384.3</ele>
<time>2025-03-23T02:58:47Z</time>
</trkpt>
<trkpt lat="24.938607" lon="121.755808">
<ele>382.6</ele>
<time>2025-03-23T02:58:57Z</time>
</trkpt>
<trkpt lat="24.938587" lon="121.755814">
<ele>388.8</ele>
<time>2025-03-23T02:59:08Z</time>
</trkpt>
<trkpt lat="24.938573" lon="121.755916">
<ele>388.9</ele>
<time>2025-03-23T02:59:19Z</time>
</trkpt>
<trkpt lat="24.938547" lon="121.755988">
<ele>402.6</ele>
<time>2025-03-23T02:59:30Z</time>
</trkpt>
<trkpt lat="24.938541" lon="121.755858">
<ele>393.2</ele>
<time>2025-03-23T02:59:41Z</time>
</trkpt>
<trkpt lat="24.938544" lon="121.755923">
<ele>397.9</ele>
<time>2025-03-23T02:59:52Z</time>
</trkpt>
<trkpt lat="24.938506" lon="121.755914">
<ele>392.4</ele>
<time>2025-03-23T03:00:03Z</time>
</trkpt>
<trkpt lat="24.938501" lon="121.755953">
<ele>393.6</ele>
<time>2025-03-23T03:00:14Z</time>
</trkpt>
<trkpt lat="24.938504" lon="121.755994">
<ele>405.7</ele>
<time>2025-03-23T03:00:25Z</time>
</trkpt>
<trkpt lat="24.938442" lon="121.755989">
<ele>397.7</ele>
<time>2025-03-23T03:00:36Z</time>
</trkpt>
<trkpt lat="24.938467" lon="121.755981">
<ele>394.6</ele>
<time>2025-03-23T03:00:47Z</time>
</trkpt>
<trkpt lat="24.938423" lon="121.755984">
<ele>400.1</ele>
<time>2025-03-23T03:00:57Z</time>
</trkpt>
<trkpt lat="24.938419" lon="121.755962">
<ele>402.8</ele>
<time>2025-03-23T03:01:08Z</time>
</trkpt>
<trkpt lat="24.938398" lon="121.755989">
<ele>394.9</ele>
<time>2025-03-23T03:01:19Z</time>
</trkpt>
<trkpt lat="24.938446" lon="121.755945">
<ele>401.6</ele>
<time>2025-03-23T03:01:30Z</time>
</trkpt>
<trkpt lat="24.938377" lon="121.755993">
<ele>397.9</ele>
<time>2025-03-23T03:01:41Z</time>
</trkpt>
<trkpt lat="24.938355" lon="121.756027">
<ele>399</ele>
<time>2025-03-23T03:01:52Z</time>
</trkpt>
<trkpt lat="24.938367" lon="121.75601">
<ele>391.9</ele>
<time>2025-03-23T03:02:03Z</time>
</trkpt>
<trkpt lat="24.938373" lon="121.756024">
<ele>388.6</ele>
<time>2025-03-23T03:02:15Z</time>
</trkpt>
<trkpt lat="24.938353" lon="121.755977">
<ele>396</ele>
<time>2025-03-23T03:02:26Z</time>
</trkpt>
<trkpt lat="24.938327" lon="121.755974">
<ele>399</ele>
<time>2025-03-23T03:02:37Z</time>
</trkpt>
<trkpt lat="24.938263" lon="121.755954">
<ele>385.1</ele>
<time>2025-03-23T03:02:48Z</time>
</trkpt>
<trkpt lat="24.938284" lon="121.756055">
<ele>397.7</ele>
<time>2025-03-23T03:02:58Z</time>
</trkpt>
<trkpt lat="24.938241" lon="121.756101">
<ele>391.2</ele>
<time>2025-03-23T03:03:09Z</time>
</trkpt>
<trkpt lat="24.938201" lon="121.756036">
<ele>396.5</ele>
<time>2025-03-23T03:03:20Z</time>
</trkpt>
<trkpt lat="24.938196" lon="121.756058">
<ele>399</ele>
<time>2025-03-23T03:03:31Z</time>
</trkpt>
<trkpt lat="24.938181" lon="121.756002">
<ele>382.7</ele>
<time>2025-03-23T03:03:42Z</time>
</trkpt>
<trkpt lat="24.938222" lon="121.755976">
<ele>397.9</ele>
<time>2025-03-23T03:03:53Z</time>
</trkpt>
<trkpt lat="24.938167" lon="121.756028">
<ele>397.9</ele>
<time>2025-03-23T03:04:04Z</time>
</trkpt>
<trkpt lat="24.938126" lon="121.756064">
<ele>398.8</ele>
<time>2025-03-23T03:04:15Z</time>
</trkpt>
<trkpt lat="24.93816" lon="121.75602">
<ele>407.9</ele>
<time>2025-03-23T03:04:26Z</time>
</trkpt>
<trkpt lat="24.938067" lon="121.756063">
<ele>399</ele>
<time>2025-03-23T03:04:37Z</time>
</trkpt>
<trkpt lat="24.938037" lon="121.756052">
<ele>398.4</ele>
<time>2025-03-23T03:04:48Z</time>
</trkpt>
<trkpt lat="24.938073" lon="121.75618">
<ele>403.5</ele>
<time>2025-03-23T03:04:59Z</time>
</trkpt>
<trkpt lat="24.938038" lon="121.756167">
<ele>394.7</ele>
<time>2025-03-23T03:05:09Z</time>
</trkpt>
<trkpt lat="24.937975" lon="121.756193">
<ele>395.1</ele>
<time>2025-03-23T03:05:20Z</time>
</trkpt>
<trkpt lat="24.937988" lon="121.756242">
<ele>398.5</ele>
<time>2025-03-23T03:05:31Z</time>
</trkpt>
<trkpt lat="24.937959" lon="121.756275">
<ele>395.7</ele>
<time>2025-03-23T03:05:42Z</time>
</trkpt>
<trkpt lat="24.937967" lon="121.756306">
<ele>390.4</ele>
<time>2025-03-23T03:05:53Z</time>
</trkpt>
<trkpt lat="24.937939" lon="121.756304">
<ele>395.4</ele>
<time>2025-03-23T03:06:04Z</time>
</trkpt>
<trkpt lat="24.937957" lon="121.75633">
<ele>402.8</ele>
<time>2025-03-23T03:06:15Z</time>
</trkpt>
<trkpt lat="24.937932" lon="121.756288">
<ele>413.1</ele>
<time>2025-03-23T03:06:26Z</time>
</trkpt>
<trkpt lat="24.937903" lon="121.756335">
<ele>403.5</ele>
<time>2025-03-23T03:06:36Z</time>
</trkpt>
<trkpt lat="24.937884" lon="121.756347">
<ele>407.5</ele>
<time>2025-03-23T03:06:47Z</time>
</trkpt>
<trkpt lat="24.937904" lon="121.756391">
<ele>411.5</ele>
<time>2025-03-23T03:06:58Z</time>
</trkpt>
<trkpt lat="24.937914" lon="121.756359">
<ele>413.6</ele>
<time>2025-03-23T03:07:09Z</time>
</trkpt>
<trkpt lat="24.937888" lon="121.756362">
<ele>407.5</ele>
<time>2025-03-23T03:07:22Z</time>
</trkpt>
<trkpt lat="24.937931" lon="121.756394">
<ele>408</ele>
<time>2025-03-23T03:07:33Z</time>
</trkpt>
<trkpt lat="24.937922" lon="121.756414">
<ele>398.3</ele>
<time>2025-03-23T03:07:44Z</time>
</trkpt>
<trkpt lat="24.937978" lon="121.756352">
<ele>408.5</ele>
<time>2025-03-23T03:07:55Z</time>
</trkpt>
<trkpt lat="24.93801" lon="121.756398">
<ele>403.6</ele>
<time>2025-03-23T03:08:06Z</time>
</trkpt>
<trkpt lat="24.938043" lon="121.756323">
<ele>399.8</ele>
<time>2025-03-23T03:08:17Z</time>
</trkpt>
<trkpt lat="24.937967" lon="121.75657">
<ele>397.2</ele>
<time>2025-03-23T03:08:28Z</time>
</trkpt>
<trkpt lat="24.937924" lon="121.756575">
<ele>398.1</ele>
<time>2025-03-23T03:08:39Z</time>
</trkpt>
<trkpt lat="24.937902" lon="121.756547">
<ele>394</ele>
<time>2025-03-23T03:08:50Z</time>
</trkpt>
<trkpt lat="24.93783" lon="121.756611">
<ele>416.7</ele>
<time>2025-03-23T03:09:01Z</time>
</trkpt>
<trkpt lat="24.937839" lon="121.756601">
<ele>407.4</ele>
<time>2025-03-23T03:09:13Z</time>
</trkpt>
<trkpt lat="24.937814" lon="121.75661">
<ele>398.5</ele>
<time>2025-03-23T03:09:24Z</time>
</trkpt>
<trkpt lat="24.937745" lon="121.756639">
<ele>406.2</ele>
<time>2025-03-23T03:09:34Z</time>
</trkpt>
<trkpt lat="24.937717" lon="121.756675">
<ele>402.5</ele>
<time>2025-03-23T03:09:45Z</time>
</trkpt>
<trkpt lat="24.937707" lon="121.756699">
<ele>403.8</ele>
<time>2025-03-23T03:09:56Z</time>
</trkpt>
<trkpt lat="24.937702" lon="121.756657">
<ele>424.5</ele>
<time>2025-03-23T03:10:07Z</time>
</trkpt>
<trkpt lat="24.937699" lon="121.756676">
<ele>418.9</ele>
<time>2025-03-23T03:10:18Z</time>
</trkpt>
<trkpt lat="24.937665" lon="121.75663">
<ele>406</ele>
<time>2025-03-23T03:10:29Z</time>
</trkpt>
<trkpt lat="24.937651" lon="121.756709">
<ele>405.6</ele>
<time>2025-03-23T03:10:40Z</time>
</trkpt>
<trkpt lat="24.937567" lon="121.756737">
<ele>405.6</ele>
<time>2025-03-23T03:10:51Z</time>
</trkpt>
<trkpt lat="24.93758" lon="121.756624">
<ele>407.4</ele>
<time>2025-03-23T03:11:02Z</time>
</trkpt>
<trkpt lat="24.937539" lon="121.756612">
<ele>410.7</ele>
<time>2025-03-23T03:11:13Z</time>
</trkpt>
<trkpt lat="24.937512" lon="121.756686">
<ele>410.9</ele>
<time>2025-03-23T03:11:24Z</time>
</trkpt>
<trkpt lat="24.937475" lon="121.756709">
<ele>390.8</ele>
<time>2025-03-23T03:11:34Z</time>
</trkpt>
<trkpt lat="24.937515" lon="121.756634">
<ele>407.5</ele>
<time>2025-03-23T03:11:45Z</time>
</trkpt>
<trkpt lat="24.937365" lon="121.756801">
<ele>406.8</ele>
<time>2025-03-23T03:11:56Z</time>
</trkpt>
<trkpt lat="24.937386" lon="121.756778">
<ele>401.7</ele>
<time>2025-03-23T03:12:07Z</time>
</trkpt>
<trkpt lat="24.937377" lon="121.756797">
<ele>407.5</ele>
<time>2025-03-23T03:12:18Z</time>
</trkpt>
<trkpt lat="24.937359" lon="121.756759">
<ele>415.6</ele>
<time>2025-03-23T03:12:29Z</time>
</trkpt>
<trkpt lat="24.937307" lon="121.756766">
<ele>413.3</ele>
<time>2025-03-23T03:12:40Z</time>
</trkpt>
<trkpt lat="24.937287" lon="121.756823">
<ele>412.2</ele>
<time>2025-03-23T03:12:51Z</time>
</trkpt>
<trkpt lat="24.937273" lon="121.756829">
<ele>403.7</ele>
<time>2025-03-23T03:13:02Z</time>
</trkpt>
<trkpt lat="24.937295" lon="121.756716">
<ele>424</ele>
<time>2025-03-23T03:13:13Z</time>
</trkpt>
<trkpt lat="24.937267" lon="121.756744">
<ele>420.6</ele>
<time>2025-03-23T03:13:24Z</time>
</trkpt>
<trkpt lat="24.937243" lon="121.756714">
<ele>419.2</ele>
<time>2025-03-23T03:13:34Z</time>
</trkpt>
<trkpt lat="24.937254" lon="121.756714">
<ele>418.3</ele>
<time>2025-03-23T03:13:45Z</time>
</trkpt>
<trkpt lat="24.937223" lon="121.756718">
<ele>419</ele>
<time>2025-03-23T03:13:56Z</time>
</trkpt>
<trkpt lat="24.937222" lon="121.75669">
<ele>423.1</ele>
<time>2025-03-23T03:14:07Z</time>
</trkpt>
<trkpt lat="24.937207" lon="121.75662">
<ele>421</ele>
<time>2025-03-23T03:14:18Z</time>
</trkpt>
<trkpt lat="24.93718" lon="121.756688">
<ele>414.6</ele>
<time>2025-03-23T03:14:29Z</time>
</trkpt>
<trkpt lat="24.937179" lon="121.75664">
<ele>409.9</ele>
<time>2025-03-23T03:14:40Z</time>
</trkpt>
<trkpt lat="24.937114" lon="121.75663">
<ele>413</ele>
<time>2025-03-23T03:14:51Z</time>
</trkpt>
<trkpt lat="24.937096" lon="121.756646">
<ele>420.7</ele>
<time>2025-03-23T03:15:01Z</time>
</trkpt>
<trkpt lat="24.937119" lon="121.756602">
<ele>430.8</ele>
<time>2025-03-23T03:15:12Z</time>
</trkpt>
<trkpt lat="24.937014" lon="121.756746">
<ele>433.9</ele>
<time>2025-03-23T03:15:23Z</time>
</trkpt>
<trkpt lat="24.937088" lon="121.756645">
<ele>423.8</ele>
<time>2025-03-23T03:15:34Z</time>
</trkpt>
<trkpt lat="24.93702" lon="121.756698">
<ele>410.4</ele>
<time>2025-03-23T03:15:44Z</time>
</trkpt>
<trkpt lat="24.936955" lon="121.756697">
<ele>416</ele>
<time>2025-03-23T03:15:55Z</time>
</trkpt>
<trkpt lat="24.93695" lon="121.756688">
<ele>421.4</ele>
<time>2025-03-23T03:16:06Z</time>
</trkpt>
<trkpt lat="24.936955" lon="121.756796">
<ele>427.7</ele>
<time>2025-03-23T03:16:17Z</time>
</trkpt>
<trkpt lat="24.936963" lon="121.756781">
<ele>421</ele>
<time>2025-03-23T03:16:28Z</time>
</trkpt>
<trkpt lat="24.93694" lon="121.756802">
<ele>418.2</ele>
<time>2025-03-23T03:16:39Z</time>
</trkpt>
<trkpt lat="24.936938" lon="121.756817">
<ele>417.3</ele>
<time>2025-03-23T03:16:54Z</time>
</trkpt>
<trkpt lat="24.936931" lon="121.756846">
<ele>417</ele>
<time>2025-03-23T03:17:05Z</time>
</trkpt>
<trkpt lat="24.936931" lon="121.756826">
<ele>415</ele>
<time>2025-03-23T03:17:15Z</time>
</trkpt>
<trkpt lat="24.936948" lon="121.756791">
<ele>416.9</ele>
<time>2025-03-23T03:17:26Z</time>
</trkpt>
<trkpt lat="24.936945" lon="121.756759">
<ele>415.3</ele>
<time>2025-03-23T03:17:37Z</time>
</trkpt>
<trkpt lat="24.936958" lon="121.756757">
<ele>427</ele>
<time>2025-03-23T03:17:48Z</time>
</trkpt>
<trkpt lat="24.936937" lon="121.75673">
<ele>414.9</ele>
<time>2025-03-23T03:17:59Z</time>
</trkpt>
<trkpt lat="24.936896" lon="121.75667">
<ele>429.5</ele>
<time>2025-03-23T03:18:10Z</time>
</trkpt>
<trkpt lat="24.936916" lon="121.756811">
<ele>436.1</ele>
<time>2025-03-23T03:18:21Z</time>
</trkpt>
<trkpt lat="24.936918" lon="121.756787">
<ele>431.9</ele>
<time>2025-03-23T03:18:32Z</time>
</trkpt>
<trkpt lat="24.936928" lon="121.756764">
<ele>420.9</ele>
<time>2025-03-23T03:18:43Z</time>
</trkpt>
<trkpt lat="24.936914" lon="121.756798">
<ele>408.8</ele>
<time>2025-03-23T03:18:54Z</time>
</trkpt>
<trkpt lat="24.936877" lon="121.756618">
<ele>414.4</ele>
<time>2025-03-23T03:19:05Z</time>
</trkpt>
<trkpt lat="24.936881" lon="121.756646">
<ele>419.5</ele>
<time>2025-03-23T03:19:15Z</time>
</trkpt>
<trkpt lat="24.93687" lon="121.75667">
<ele>427</ele>
<time>2025-03-23T03:19:25Z</time>
</trkpt>
<trkpt lat="24.936905" lon="121.756666">
<ele>431</ele>
<time>2025-03-23T03:19:35Z</time>
</trkpt>
<trkpt lat="24.936959" lon="121.756674">
<ele>419.3</ele>
<time>2025-03-23T03:19:45Z</time>
</trkpt>
<trkpt lat="24.936876" lon="121.756686">
<ele>430.3</ele>
<time>2025-03-23T03:19:56Z</time>
</trkpt>
<trkpt lat="24.936851" lon="121.756758">
<ele>424.3</ele>
<time>2025-03-23T03:20:07Z</time>
</trkpt>
<trkpt lat="24.936866" lon="121.756732">
<ele>413.8</ele>
<time>2025-03-23T03:20:18Z</time>
</trkpt>
<trkpt lat="24.936848" lon="121.756663">
<ele>415.4</ele>
<time>2025-03-23T03:20:29Z</time>
</trkpt>
<trkpt lat="24.936805" lon="121.756763">
<ele>420.8</ele>
<time>2025-03-23T03:20:40Z</time>
</trkpt>
<trkpt lat="24.936847" lon="121.756804">
<ele>423</ele>
<time>2025-03-23T03:20:51Z</time>
</trkpt>
<trkpt lat="24.936853" lon="121.756846">
<ele>428.5</ele>
<time>2025-03-23T03:21:02Z</time>
</trkpt>
<trkpt lat="24.936873" lon="121.756769">
<ele>425.3</ele>
<time>2025-03-23T03:21:13Z</time>
</trkpt>
<trkpt lat="24.93683" lon="121.756709">
<ele>427.4</ele>
<time>2025-03-23T03:21:23Z</time>
</trkpt>
<trkpt lat="24.936861" lon="121.756716">
<ele>432.2</ele>
<time>2025-03-23T03:21:34Z</time>
</trkpt>
<trkpt lat="24.936818" lon="121.756708">
<ele>433</ele>
<time>2025-03-23T03:21:45Z</time>
</trkpt>
<trkpt lat="24.936816" lon="121.756634">
<ele>436.6</ele>
<time>2025-03-23T03:21:56Z</time>
</trkpt>
<trkpt lat="24.936851" lon="121.75669">
<ele>423.2</ele>
<time>2025-03-23T03:22:07Z</time>
</trkpt>
<trkpt lat="24.936784" lon="121.756645">
<ele>424.9</ele>
<time>2025-03-23T03:22:18Z</time>
</trkpt>
<trkpt lat="24.936696" lon="121.756792">
<ele>434.7</ele>
<time>2025-03-23T03:22:29Z</time>
</trkpt>
<trkpt lat="24.936738" lon="121.756739">
<ele>444.8</ele>
<time>2025-03-23T03:22:39Z</time>
</trkpt>
<trkpt lat="24.936737" lon="121.756808">
<ele>438.1</ele>
<time>2025-03-23T03:22:50Z</time>
</trkpt>
<trkpt lat="24.936742" lon="121.756817">
<ele>435.7</ele>
<time>2025-03-23T03:23:01Z</time>
</trkpt>
<trkpt lat="24.936711" lon="121.756795">
<ele>432.5</ele>
<time>2025-03-23T03:23:12Z</time>
</trkpt>
<trkpt lat="24.936681" lon="121.756822">
<ele>431.5</ele>
<time>2025-03-23T03:23:23Z</time>
</trkpt>
<trkpt lat="24.936673" lon="121.75684">
<ele>439.1</ele>
<time>2025-03-23T03:23:34Z</time>
</trkpt>
<trkpt lat="24.936694" lon="121.756805">
<ele>434.9</ele>
<time>2025-03-23T03:23:45Z</time>
</trkpt>
<trkpt lat="24.93662" lon="121.756719">
<ele>450.6</ele>
<time>2025-03-23T03:23:56Z</time>
</trkpt>
<trkpt lat="24.936665" lon="121.756874">
<ele>447.1</ele>
<time>2025-03-23T03:24:07Z</time>
</trkpt>
<trkpt lat="24.936635" lon="121.756834">
<ele>434</ele>
<time>2025-03-23T03:24:18Z</time>
</trkpt>
<trkpt lat="24.936618" lon="121.756895">
<ele>432.5</ele>
<time>2025-03-23T03:24:29Z</time>
</trkpt>
<trkpt lat="24.936592" lon="121.75685">
<ele>433.3</ele>
<time>2025-03-23T03:24:40Z</time>
</trkpt>
<trkpt lat="24.93655" lon="121.756804">
<ele>431.8</ele>
<time>2025-03-23T03:24:51Z</time>
</trkpt>
<trkpt lat="24.936583" lon="121.756807">
<ele>441.2</ele>
<time>2025-03-23T03:25:01Z</time>
</trkpt>
<trkpt lat="24.936672" lon="121.756877">
<ele>465.1</ele>
<time>2025-03-23T03:25:12Z</time>
</trkpt>
<trkpt lat="24.936683" lon="121.756849">
<ele>467.3</ele>
<time>2025-03-23T03:25:24Z</time>
</trkpt>
<trkpt lat="24.936618" lon="121.756859">
<ele>450.6</ele>
<time>2025-03-23T03:25:35Z</time>
</trkpt>
<trkpt lat="24.936609" lon="121.756924">
<ele>435.1</ele>
<time>2025-03-23T03:25:46Z</time>
</trkpt>
<trkpt lat="24.93661" lon="121.75694">
<ele>451.7</ele>
<time>2025-03-23T03:25:57Z</time>
</trkpt>
<trkpt lat="24.936769" lon="121.757113">
<ele>447.2</ele>
<time>2025-03-23T03:26:08Z</time>
</trkpt>
<trkpt lat="24.936603" lon="121.757033">
<ele>440.5</ele>
<time>2025-03-23T03:26:19Z</time>
</trkpt>
<trkpt lat="24.936566" lon="121.757068">
<ele>441.1</ele>
<time>2025-03-23T03:26:30Z</time>
</trkpt>
<trkpt lat="24.936549" lon="121.757031">
<ele>445.8</ele>
<time>2025-03-23T03:26:41Z</time>
</trkpt>
<trkpt lat="24.936536" lon="121.757023">
<ele>446.5</ele>
<time>2025-03-23T03:26:52Z</time>
</trkpt>
<trkpt lat="24.936529" lon="121.757103">
<ele>443.1</ele>
<time>2025-03-23T03:27:03Z</time>
</trkpt>
<trkpt lat="24.936492" lon="121.75713">
<ele>433.4</ele>
<time>2025-03-23T03:27:14Z</time>
</trkpt>
<trkpt lat="24.93661" lon="121.75706">
<ele>445.1</ele>
<time>2025-03-23T03:27:25Z</time>
</trkpt>
<trkpt lat="24.936553" lon="121.757138">
<ele>441.9</ele>
<time>2025-03-23T03:27:36Z</time>
</trkpt>
<trkpt lat="24.936476" lon="121.757149">
<ele>440.9</ele>
<time>2025-03-23T03:27:47Z</time>
</trkpt>
<trkpt lat="24.936464" lon="121.757129">
<ele>441.6</ele>
<time>2025-03-23T03:27:58Z</time>
</trkpt>
<trkpt lat="24.936477" lon="121.757194">
<ele>440.8</ele>
<time>2025-03-23T03:28:09Z</time>
</trkpt>
<trkpt lat="24.936528" lon="121.757194">
<ele>440</ele>
<time>2025-03-23T03:28:20Z</time>
</trkpt>
<trkpt lat="24.936467" lon="121.757243">
<ele>438.5</ele>
<time>2025-03-23T03:28:31Z</time>
</trkpt>
<trkpt lat="24.936491" lon="121.757258">
<ele>437.5</ele>
<time>2025-03-23T03:28:42Z</time>
</trkpt>
<trkpt lat="24.936433" lon="121.757242">
<ele>444</ele>
<time>2025-03-23T03:28:52Z</time>
</trkpt>
<trkpt lat="24.936432" lon="121.757213">
<ele>438.2</ele>
<time>2025-03-23T03:29:03Z</time>
</trkpt>
<trkpt lat="24.936445" lon="121.757268">
<ele>442.9</ele>
<time>2025-03-23T03:29:14Z</time>
</trkpt>
<trkpt lat="24.936507" lon="121.757302">
<ele>419.8</ele>
<time>2025-03-23T03:29:25Z</time>
</trkpt>
<trkpt lat="24.936462" lon="121.757341">
<ele>443.8</ele>
<time>2025-03-23T03:29:36Z</time>
</trkpt>
<trkpt lat="24.936577" lon="121.75728">
<ele>434.7</ele>
<time>2025-03-23T03:29:47Z</time>
</trkpt>
<trkpt lat="24.936499" lon="121.757359">
<ele>429</ele>
<time>2025-03-23T03:29:58Z</time>
</trkpt>
<trkpt lat="24.936502" lon="121.757442">
<ele>436.4</ele>
<time>2025-03-23T03:30:09Z</time>
</trkpt>
<trkpt lat="24.936508" lon="121.757496">
<ele>448.6</ele>
<time>2025-03-23T03:30:20Z</time>
</trkpt>
<trkpt lat="24.936531" lon="121.757596">
<ele>451.1</ele>
<time>2025-03-23T03:30:31Z</time>
</trkpt>
<trkpt lat="24.936566" lon="121.757494">
<ele>451.7</ele>
<time>2025-03-23T03:30:41Z</time>
</trkpt>
<trkpt lat="24.936551" lon="121.757482">
<ele>451</ele>
<time>2025-03-23T03:30:52Z</time>
</trkpt>
<trkpt lat="24.93655" lon="121.757551">
<ele>442.5</ele>
<time>2025-03-23T03:31:03Z</time>
</trkpt>
<trkpt lat="24.936511" lon="121.757605">
<ele>450.9</ele>
<time>2025-03-23T03:31:14Z</time>
</trkpt>
<trkpt lat="24.936524" lon="121.757602">
<ele>448.1</ele>
<time>2025-03-23T03:31:25Z</time>
</trkpt>
<trkpt lat="24.936539" lon="121.757638">
<ele>456.8</ele>
<time>2025-03-23T03:31:36Z</time>
</trkpt>
<trkpt lat="24.936545" lon="121.757558">
<ele>446.7</ele>
<time>2025-03-23T03:31:47Z</time>
</trkpt>
<trkpt lat="24.93654" lon="121.757537">
<ele>443.9</ele>
<time>2025-03-23T03:31:58Z</time>
</trkpt>
<trkpt lat="24.936549" lon="121.757483">
<ele>444.8</ele>
<time>2025-03-23T03:32:09Z</time>
</trkpt>
<trkpt lat="24.936524" lon="121.757427">
<ele>447.1</ele>
<time>2025-03-23T03:32:20Z</time>
</trkpt>
<trkpt lat="24.936521" lon="121.757446">
<ele>451.4</ele>
<time>2025-03-23T03:32:30Z</time>
</trkpt>
<trkpt lat="24.936532" lon="121.757467">
<ele>449.8</ele>
<time>2025-03-23T03:32:41Z</time>
</trkpt>
<trkpt lat="24.936522" lon="121.757472">
<ele>438.3</ele>
<time>2025-03-23T03:32:52Z</time>
</trkpt>
<trkpt lat="24.936528" lon="121.757461">
<ele>450.3</ele>
<time>2025-03-23T03:33:03Z</time>
</trkpt>
<trkpt lat="24.936491" lon="121.757434">
<ele>472.7</ele>
<time>2025-03-23T03:33:14Z</time>
</trkpt>
<trkpt lat="24.936512" lon="121.757441">
<ele>468.3</ele>
<time>2025-03-23T03:33:25Z</time>
</trkpt>
<trkpt lat="24.936506" lon="121.757459">
<ele>455.7</ele>
<time>2025-03-23T03:33:36Z</time>
</trkpt>
<trkpt lat="24.936502" lon="121.757429">
<ele>453.8</ele>
<time>2025-03-23T03:33:46Z</time>
</trkpt>
<trkpt lat="24.93656" lon="121.757446">
<ele>453</ele>
<time>2025-03-23T03:33:56Z</time>
</trkpt>
<trkpt lat="24.936544" lon="121.757442">
<ele>452.9</ele>
<time>2025-03-23T03:34:06Z</time>
</trkpt>
<trkpt lat="24.936558" lon="121.757452">
<ele>451.6</ele>
<time>2025-03-23T03:34:17Z</time>
</trkpt>
<trkpt lat="24.936542" lon="121.757441">
<ele>451.2</ele>
<time>2025-03-23T03:34:30Z</time>
</trkpt>
<trkpt lat="24.93653" lon="121.75745">
<ele>446</ele>
<time>2025-03-23T03:34:41Z</time>
</trkpt>
<trkpt lat="24.93659" lon="121.757464">
<ele>442.3</ele>
<time>2025-03-23T03:34:52Z</time>
</trkpt>
<trkpt lat="24.93664" lon="121.757443">
<ele>449.8</ele>
<time>2025-03-23T03:35:07Z</time>
</trkpt>
<trkpt lat="24.936634" lon="121.757458">
<ele>452.1</ele>
<time>2025-03-23T03:35:18Z</time>
</trkpt>
<trkpt lat="24.936578" lon="121.757433">
<ele>456.2</ele>
<time>2025-03-23T03:35:29Z</time>
</trkpt>
<trkpt lat="24.936627" lon="121.75741">
<ele>452.8</ele>
<time>2025-03-23T03:35:48Z</time>
</trkpt>
<trkpt lat="24.936622" lon="121.757395">
<ele>453.7</ele>
<time>2025-03-23T03:35:59Z</time>
</trkpt>
<trkpt lat="24.936573" lon="121.7574">
<ele>449.5</ele>
<time>2025-03-23T03:36:09Z</time>
</trkpt>
<trkpt lat="24.936561" lon="121.757407">
<ele>448.3</ele>
<time>2025-03-23T03:36:20Z</time>
</trkpt>
<trkpt lat="24.936669" lon="121.757554">
<ele>449.9</ele>
<time>2025-03-23T03:36:31Z</time>
</trkpt>
<trkpt lat="24.936609" lon="121.757495">
<ele>452.7</ele>
<time>2025-03-23T03:36:42Z</time>
</trkpt>
<trkpt lat="24.936595" lon="121.757516">
<ele>454.6</ele>
<time>2025-03-23T03:36:53Z</time>
</trkpt>
<trkpt lat="24.93662" lon="121.757613">
<ele>456.9</ele>
<time>2025-03-23T03:37:03Z</time>
</trkpt>
<trkpt lat="24.936575" lon="121.757601">
<ele>456.6</ele>
<time>2025-03-23T03:37:14Z</time>
</trkpt>
<trkpt lat="24.936576" lon="121.757628">
<ele>464.4</ele>
<time>2025-03-23T03:37:25Z</time>
</trkpt>
<trkpt lat="24.936584" lon="121.757609">
<ele>465.8</ele>
<time>2025-03-23T03:37:36Z</time>
</trkpt>
<trkpt lat="24.936505" lon="121.75755">
<ele>463.7</ele>
<time>2025-03-23T03:37:47Z</time>
</trkpt>
<trkpt lat="24.936575" lon="121.757666">
<ele>451.7</ele>
<time>2025-03-23T03:37:58Z</time>
</trkpt>
<trkpt lat="24.936558" lon="121.757625">
<ele>480.4</ele>
<time>2025-03-23T03:38:09Z</time>
</trkpt>
<trkpt lat="24.936548" lon="121.757606">
<ele>522.3</ele>
<time>2025-03-23T03:38:20Z</time>
</trkpt>
<trkpt lat="24.936417" lon="121.757631">
<ele>508.6</ele>
<time>2025-03-23T03:38:31Z</time>
</trkpt>
<trkpt lat="24.936521" lon="121.757655">
<ele>515</ele>
<time>2025-03-23T03:38:42Z</time>
</trkpt>
<trkpt lat="24.936616" lon="121.75773">
<ele>519.7</ele>
<time>2025-03-23T03:38:53Z</time>
</trkpt>
<trkpt lat="24.936487" lon="121.757539">
<ele>531</ele>
<time>2025-03-23T03:39:04Z</time>
</trkpt>
<trkpt lat="24.936414" lon="121.757517">
<ele>485.8</ele>
<time>2025-03-23T03:39:16Z</time>
</trkpt>
<trkpt lat="24.936524" lon="121.757671">
<ele>458.3</ele>
<time>2025-03-23T03:39:27Z</time>
</trkpt>
<trkpt lat="24.936591" lon="121.75766">
<ele>468.5</ele>
<time>2025-03-23T03:39:38Z</time>
</trkpt>
<trkpt lat="24.936577" lon="121.757702">
<ele>464.9</ele>
<time>2025-03-23T03:39:49Z</time>
</trkpt>
<trkpt lat="24.936564" lon="121.75769">
<ele>466.2</ele>
<time>2025-03-23T03:40:00Z</time>
</trkpt>
<trkpt lat="24.936575" lon="121.75771">
<ele>467.2</ele>
<time>2025-03-23T03:40:11Z</time>
</trkpt>
<trkpt lat="24.936561" lon="121.757728">
<ele>467.2</ele>
<time>2025-03-23T03:40:22Z</time>
</trkpt>
<trkpt lat="24.936605" lon="121.757754">
<ele>468.9</ele>
<time>2025-03-23T03:40:33Z</time>
</trkpt>
<trkpt lat="24.936591" lon="121.757758">
<ele>471.8</ele>
<time>2025-03-23T03:40:48Z</time>
</trkpt>
<trkpt lat="24.936583" lon="121.757768">
<ele>473.6</ele>
<time>2025-03-23T03:40:59Z</time>
</trkpt>
<trkpt lat="24.936558" lon="121.757657">
<ele>463.6</ele>
<time>2025-03-23T03:41:10Z</time>
</trkpt>
<trkpt lat="24.936601" lon="121.75775">
<ele>470.9</ele>
<time>2025-03-23T03:41:20Z</time>
</trkpt>
<trkpt lat="24.93655" lon="121.757745">
<ele>464.6</ele>
<time>2025-03-23T03:41:31Z</time>
</trkpt>
<trkpt lat="24.93647" lon="121.757613">
<ele>461.6</ele>
<time>2025-03-23T03:41:42Z</time>
</trkpt>
<trkpt lat="24.936483" lon="121.757577">
<ele>460</ele>
<time>2025-03-23T03:41:53Z</time>
</trkpt>
<trkpt lat="24.936497" lon="121.757705">
<ele>457</ele>
<time>2025-03-23T03:42:04Z</time>
</trkpt>
<trkpt lat="24.936499" lon="121.757745">
<ele>457.1</ele>
<time>2025-03-23T03:42:15Z</time>
</trkpt>
<trkpt lat="24.93659" lon="121.757637">
<ele>468</ele>
<time>2025-03-23T03:42:26Z</time>
</trkpt>
<trkpt lat="24.936605" lon="121.75768">
<ele>468.3</ele>
<time>2025-03-23T03:42:37Z</time>
</trkpt>
<trkpt lat="24.936532" lon="121.757635">
<ele>471.9</ele>
<time>2025-03-23T03:42:48Z</time>
</trkpt>
<trkpt lat="24.936519" lon="121.757646">
<ele>471.4</ele>
<time>2025-03-23T03:42:59Z</time>
</trkpt>
<trkpt lat="24.936464" lon="121.757633">
<ele>466.8</ele>
<time>2025-03-23T03:43:10Z</time>
</trkpt>
<trkpt lat="24.936476" lon="121.757608">
<ele>465.5</ele>
<time>2025-03-23T03:43:20Z</time>
</trkpt>
<trkpt lat="24.936463" lon="121.757618">
<ele>466.1</ele>
<time>2025-03-23T03:43:31Z</time>
</trkpt>
<trkpt lat="24.936505" lon="121.757607">
<ele>452.4</ele>
<time>2025-03-23T03:43:42Z</time>
</trkpt>
<trkpt lat="24.936491" lon="121.75762">
<ele>451.8</ele>
<time>2025-03-23T03:43:53Z</time>
</trkpt>
<trkpt lat="24.936466" lon="121.757564">
<ele>460.4</ele>
<time>2025-03-23T03:44:04Z</time>
</trkpt>
<trkpt lat="24.936473" lon="121.757623">
<ele>463.3</ele>
<time>2025-03-23T03:44:15Z</time>
</trkpt>
<trkpt lat="24.936442" lon="121.757671">
<ele>458.6</ele>
<time>2025-03-23T03:44:26Z</time>
</trkpt>
<trkpt lat="24.936402" lon="121.75775">
<ele>463.9</ele>
<time>2025-03-23T03:44:37Z</time>
</trkpt>
<trkpt lat="24.936383" lon="121.757736">
<ele>460.9</ele>
<time>2025-03-23T03:44:48Z</time>
</trkpt>
<trkpt lat="24.93636" lon="121.757718">
<ele>458.1</ele>
<time>2025-03-23T03:44:59Z</time>
</trkpt>
<trkpt lat="24.936384" lon="121.757684">
<ele>469.2</ele>
<time>2025-03-23T03:45:10Z</time>
</trkpt>
<trkpt lat="24.936391" lon="121.757697">
<ele>468.9</ele>
<time>2025-03-23T03:45:20Z</time>
</trkpt>
<trkpt lat="24.936382" lon="121.757628">
<ele>468.9</ele>
<time>2025-03-23T03:45:31Z</time>
</trkpt>
<trkpt lat="24.936419" lon="121.757672">
<ele>455.6</ele>
<time>2025-03-23T03:45:42Z</time>
</trkpt>
<trkpt lat="24.936394" lon="121.757673">
<ele>465</ele>
<time>2025-03-23T03:45:54Z</time>
</trkpt>
<trkpt lat="24.936423" lon="121.757657">
<ele>464.7</ele>
<time>2025-03-23T03:46:09Z</time>
</trkpt>
<trkpt lat="24.93639" lon="121.757654">
<ele>457.8</ele>
<time>2025-03-23T03:46:20Z</time>
</trkpt>
<trkpt lat="24.936358" lon="121.757676">
<ele>456.2</ele>
<time>2025-03-23T03:46:31Z</time>
</trkpt>
<trkpt lat="24.936347" lon="121.75762">
<ele>463.5</ele>
<time>2025-03-23T03:46:42Z</time>
</trkpt>
<trkpt lat="24.93634" lon="121.757575">
<ele>462.6</ele>
<time>2025-03-23T03:46:53Z</time>
</trkpt>
<trkpt lat="24.936333" lon="121.757528">
<ele>469.7</ele>
<time>2025-03-23T03:47:04Z</time>
</trkpt>
<trkpt lat="24.936327" lon="121.757651">
<ele>459.6</ele>
<time>2025-03-23T03:47:15Z</time>
</trkpt>
<trkpt lat="24.936296" lon="121.757622">
<ele>474.4</ele>
<time>2025-03-23T03:47:25Z</time>
</trkpt>
<trkpt lat="24.936323" lon="121.757582">
<ele>468.9</ele>
<time>2025-03-23T03:47:36Z</time>
</trkpt>
<trkpt lat="24.936246" lon="121.757533">
<ele>461.8</ele>
<time>2025-03-23T03:47:47Z</time>
</trkpt>
<trkpt lat="24.936241" lon="121.757589">
<ele>458.9</ele>
<time>2025-03-23T03:47:58Z</time>
</trkpt>
<trkpt lat="24.936227" lon="121.757588">
<ele>467.3</ele>
<time>2025-03-23T03:48:09Z</time>
</trkpt>
<trkpt lat="24.936198" lon="121.757598">
<ele>464.3</ele>
<time>2025-03-23T03:48:20Z</time>
</trkpt>
<trkpt lat="24.936099" lon="121.757572">
<ele>470.7</ele>
<time>2025-03-23T03:48:31Z</time>
</trkpt>
<trkpt lat="24.936117" lon="121.757542">
<ele>465.4</ele>
<time>2025-03-23T03:48:41Z</time>
</trkpt>
<trkpt lat="24.936133" lon="121.757529">
<ele>471.5</ele>
<time>2025-03-23T03:48:52Z</time>
</trkpt>
<trkpt lat="24.93609" lon="121.757511">
<ele>466.8</ele>
<time>2025-03-23T03:49:03Z</time>
</trkpt>
<trkpt lat="24.93605" lon="121.757483">
<ele>481.3</ele>
<time>2025-03-23T03:49:14Z</time>
</trkpt>
<trkpt lat="24.93607" lon="121.757511">
<ele>475.4</ele>
<time>2025-03-23T03:49:25Z</time>
</trkpt>
<trkpt lat="24.936017" lon="121.757344">
<ele>464.7</ele>
<time>2025-03-23T03:49:35Z</time>
</trkpt>
<trkpt lat="24.93609" lon="121.757501">
<ele>465.1</ele>
<time>2025-03-23T03:49:46Z</time>
</trkpt>
<trkpt lat="24.936131" lon="121.757452">
<ele>464.4</ele>
<time>2025-03-23T03:49:57Z</time>
</trkpt>
<trkpt lat="24.93602" lon="121.757311">
<ele>471.3</ele>
<time>2025-03-23T03:50:08Z</time>
</trkpt>
<trkpt lat="24.936162" lon="121.757383">
<ele>465.4</ele>
<time>2025-03-23T03:50:19Z</time>
</trkpt>
<trkpt lat="24.936085" lon="121.757389">
<ele>459.1</ele>
<time>2025-03-23T03:50:30Z</time>
</trkpt>
<trkpt lat="24.935794" lon="121.757637">
<ele>476.4</ele>
<time>2025-03-23T03:50:41Z</time>
</trkpt>
<trkpt lat="24.935954" lon="121.757529">
<ele>479.1</ele>
<time>2025-03-23T03:50:52Z</time>
</trkpt>
<trkpt lat="24.935977" lon="121.757437">
<ele>465.6</ele>
<time>2025-03-23T03:51:03Z</time>
</trkpt>
<trkpt lat="24.935935" lon="121.757466">
<ele>469.1</ele>
<time>2025-03-23T03:51:14Z</time>
</trkpt>
<trkpt lat="24.936" lon="121.757517">
<ele>471.8</ele>
<time>2025-03-23T03:51:25Z</time>
</trkpt>
<trkpt lat="24.936035" lon="121.757516">
<ele>476</ele>
<time>2025-03-23T03:51:35Z</time>
</trkpt>
<trkpt lat="24.936035" lon="121.757588">
<ele>475.1</ele>
<time>2025-03-23T03:51:46Z</time>
</trkpt>
<trkpt lat="24.935971" lon="121.757495">
<ele>460.2</ele>
<time>2025-03-23T03:51:57Z</time>
</trkpt>
<trkpt lat="24.935925" lon="121.757545">
<ele>459.4</ele>
<time>2025-03-23T03:52:08Z</time>
</trkpt>
<trkpt lat="24.935975" lon="121.75755">
<ele>461.5</ele>
<time>2025-03-23T03:52:19Z</time>
</trkpt>
<trkpt lat="24.936006" lon="121.757638">
<ele>480.9</ele>
<time>2025-03-23T03:52:30Z</time>
</trkpt>
<trkpt lat="24.936019" lon="121.75761">
<ele>484.5</ele>
<time>2025-03-23T03:52:42Z</time>
</trkpt>
<trkpt lat="24.936036" lon="121.757601">
<ele>473.6</ele>
<time>2025-03-23T03:52:53Z</time>
</trkpt>
<trkpt lat="24.93603" lon="121.757579">
<ele>472.6</ele>
<time>2025-03-23T03:53:30Z</time>
</trkpt>
<trkpt lat="24.93597" lon="121.757542">
<ele>461.7</ele>
<time>2025-03-23T03:53:41Z</time>
</trkpt>
<trkpt lat="24.935949" lon="121.757576">
<ele>462.4</ele>
<time>2025-03-23T03:53:52Z</time>
</trkpt>
<trkpt lat="24.935976" lon="121.75758">
<ele>469.7</ele>
<time>2025-03-23T03:54:03Z</time>
</trkpt>
<trkpt lat="24.93596" lon="121.757609">
<ele>468.6</ele>
<time>2025-03-23T03:54:14Z</time>
</trkpt>
<trkpt lat="24.935949" lon="121.757641">
<ele>473.5</ele>
<time>2025-03-23T03:54:25Z</time>
</trkpt>
<trkpt lat="24.935964" lon="121.757622">
<ele>476.7</ele>
<time>2025-03-23T03:54:36Z</time>
</trkpt>
<trkpt lat="24.935965" lon="121.757605">
<ele>476.1</ele>
<time>2025-03-23T03:54:47Z</time>
</trkpt>
<trkpt lat="24.935968" lon="121.757595">
<ele>475.8</ele>
<time>2025-03-23T03:54:58Z</time>
</trkpt>
<trkpt lat="24.935956" lon="121.757574">
<ele>469.8</ele>
<time>2025-03-23T03:55:08Z</time>
</trkpt>
<trkpt lat="24.935948" lon="121.757603">
<ele>470.4</ele>
<time>2025-03-23T03:55:19Z</time>
</trkpt>
<trkpt lat="24.935949" lon="121.757629">
<ele>475.1</ele>
<time>2025-03-23T03:55:29Z</time>
</trkpt>
<trkpt lat="24.935939" lon="121.757596">
<ele>471.2</ele>
<time>2025-03-23T03:55:40Z</time>
</trkpt>
<trkpt lat="24.935913" lon="121.757623">
<ele>466.8</ele>
<time>2025-03-23T03:55:51Z</time>
</trkpt>
<trkpt lat="24.93593" lon="121.757638">
<ele>469.6</ele>
<time>2025-03-23T03:56:02Z</time>
</trkpt>
<trkpt lat="24.935945" lon="121.757637">
<ele>471.8</ele>
<time>2025-03-23T03:56:13Z</time>
</trkpt>
<trkpt lat="24.935959" lon="121.757658">
<ele>479.1</ele>
<time>2025-03-23T03:56:24Z</time>
</trkpt>
<trkpt lat="24.935942" lon="121.757737">
<ele>482.2</ele>
<time>2025-03-23T03:56:35Z</time>
</trkpt>
<trkpt lat="24.93595" lon="121.757708">
<ele>480.2</ele>
<time>2025-03-23T03:56:46Z</time>
</trkpt>
<trkpt lat="24.935958" lon="121.75769">
<ele>483.4</ele>
<time>2025-03-23T03:56:56Z</time>
</trkpt>
<trkpt lat="24.935961" lon="121.757654">
<ele>478.5</ele>
<time>2025-03-23T03:57:11Z</time>
</trkpt>
<trkpt lat="24.935964" lon="121.757636">
<ele>474.3</ele>
<time>2025-03-23T03:57:21Z</time>
</trkpt>
<trkpt lat="24.935957" lon="121.75761">
<ele>469.2</ele>
<time>2025-03-23T03:57:31Z</time>
</trkpt>
<trkpt lat="24.935935" lon="121.757654">
<ele>474.5</ele>
<time>2025-03-23T03:57:42Z</time>
</trkpt>
<trkpt lat="24.935942" lon="121.757698">
<ele>480.2</ele>
<time>2025-03-23T03:57:53Z</time>
</trkpt>
<trkpt lat="24.935946" lon="121.757735">
<ele>480.4</ele>
<time>2025-03-23T03:58:04Z</time>
</trkpt>
<trkpt lat="24.93595" lon="121.757765">
<ele>478.1</ele>
<time>2025-03-23T03:58:15Z</time>
</trkpt>
<trkpt lat="24.935921" lon="121.757687">
<ele>477.7</ele>
<time>2025-03-23T03:58:26Z</time>
</trkpt>
<trkpt lat="24.935933" lon="121.757639">
<ele>472</ele>
<time>2025-03-23T03:58:37Z</time>
</trkpt>
<trkpt lat="24.935947" lon="121.75764">
<ele>473.8</ele>
<time>2025-03-23T03:58:48Z</time>
</trkpt>
<trkpt lat="24.935986" lon="121.757635">
<ele>473.2</ele>
<time>2025-03-23T03:58:59Z</time>
</trkpt>
<trkpt lat="24.935923" lon="121.757612">
<ele>468.5</ele>
<time>2025-03-23T03:59:35Z</time>
</trkpt>
<trkpt lat="24.935947" lon="121.757611">
<ele>472.6</ele>
<time>2025-03-23T03:59:47Z</time>
</trkpt>
<trkpt lat="24.935961" lon="121.757575">
<ele>468.7</ele>
<time>2025-03-23T03:59:57Z</time>
</trkpt>
<trkpt lat="24.935916" lon="121.757624">
<ele>469.2</ele>
<time>2025-03-23T04:00:07Z</time>
</trkpt>
<trkpt lat="24.935945" lon="121.757651">
<ele>473.3</ele>
<time>2025-03-23T04:00:18Z</time>
</trkpt>
<trkpt lat="24.935946" lon="121.757663">
<ele>471.8</ele>
<time>2025-03-23T04:00:29Z</time>
</trkpt>
<trkpt lat="24.935957" lon="121.757676">
<ele>475.9</ele>
<time>2025-03-23T04:00:41Z</time>
</trkpt>
<trkpt lat="24.935966" lon="121.757678">
<ele>476.1</ele>
<time>2025-03-23T04:00:52Z</time>
</trkpt>
<trkpt lat="24.935975" lon="121.757637">
<ele>473.9</ele>
<time>2025-03-23T04:01:03Z</time>
</trkpt>
<trkpt lat="24.935979" lon="121.757655">
<ele>475.3</ele>
<time>2025-03-23T04:01:14Z</time>
</trkpt>
<trkpt lat="24.935992" lon="121.757652">
<ele>475.8</ele>
<time>2025-03-23T04:01:24Z</time>
</trkpt>
<trkpt lat="24.93602" lon="121.757593">
<ele>475.8</ele>
<time>2025-03-23T04:01:34Z</time>
</trkpt>
<trkpt lat="24.936017" lon="121.75758">
<ele>474.8</ele>
<time>2025-03-23T04:01:44Z</time>
</trkpt>
<trkpt lat="24.936026" lon="121.757571">
<ele>473.6</ele>
<time>2025-03-23T04:01:54Z</time>
</trkpt>
<trkpt lat="24.936011" lon="121.757612">
<ele>472.8</ele>
<time>2025-03-23T04:02:04Z</time>
</trkpt>
<trkpt lat="24.936011" lon="121.757635">
<ele>472.9</ele>
<time>2025-03-23T04:02:14Z</time>
</trkpt>
<trkpt lat="24.935989" lon="121.757634">
<ele>474</ele>
<time>2025-03-23T04:02:27Z</time>
</trkpt>
<trkpt lat="24.935998" lon="121.757616">
<ele>474.5</ele>
<time>2025-03-23T04:02:37Z</time>
</trkpt>
<trkpt lat="24.93598" lon="121.757647">
<ele>475.2</ele>
<time>2025-03-23T04:02:47Z</time>
</trkpt>
<trkpt lat="24.935962" lon="121.757608">
<ele>477</ele>
<time>2025-03-23T04:03:52Z</time>
</trkpt>
<trkpt lat="24.935957" lon="121.757632">
<ele>476.5</ele>
<time>2025-03-23T04:04:02Z</time>
</trkpt>
<trkpt lat="24.93596" lon="121.757645">
<ele>476.4</ele>
<time>2025-03-23T04:04:13Z</time>
</trkpt>
<trkpt lat="24.935964" lon="121.757634">
<ele>475.7</ele>
<time>2025-03-23T04:04:46Z</time>
</trkpt>
<trkpt lat="24.935956" lon="121.757653">
<ele>474.9</ele>
<time>2025-03-23T04:04:56Z</time>
</trkpt>
<trkpt lat="24.935949" lon="121.757726">
<ele>475.2</ele>
<time>2025-03-23T04:05:27Z</time>
</trkpt>
<trkpt lat="24.935931" lon="121.757711">
<ele>476.4</ele>
<time>2025-03-23T04:05:38Z</time>
</trkpt>
<trkpt lat="24.935973" lon="121.757606">
<ele>476.1</ele>
<time>2025-03-23T04:05:48Z</time>
</trkpt>
<trkpt lat="24.935981" lon="121.757617">
<ele>475.3</ele>
<time>2025-03-23T04:06:03Z</time>
</trkpt>
<trkpt lat="24.935971" lon="121.757631">
<ele>475.9</ele>
<time>2025-03-23T04:06:13Z</time>
</trkpt>
<trkpt lat="24.935945" lon="121.757712">
<ele>476.1</ele>
<time>2025-03-23T04:06:23Z</time>
</trkpt>
<trkpt lat="24.935953" lon="121.757688">
<ele>476.8</ele>
<time>2025-03-23T04:06:34Z</time>
</trkpt>
<trkpt lat="24.935971" lon="121.757677">
<ele>476.6</ele>
<time>2025-03-23T04:06:44Z</time>
</trkpt>
<trkpt lat="24.935991" lon="121.757654">
<ele>476.2</ele>
<time>2025-03-23T04:06:54Z</time>
</trkpt>
<trkpt lat="24.93598" lon="121.757633">
<ele>476.1</ele>
<time>2025-03-23T04:07:04Z</time>
</trkpt>
<trkpt lat="24.935962" lon="121.757664">
<ele>474.9</ele>
<time>2025-03-23T04:08:16Z</time>
</trkpt>
<trkpt lat="24.935987" lon="121.757646">
<ele>475.9</ele>
<time>2025-03-23T04:08:26Z</time>
</trkpt>
<trkpt lat="24.935987" lon="121.757634">
<ele>476.3</ele>
<time>2025-03-23T04:08:36Z</time>
</trkpt>
<trkpt lat="24.935959" lon="121.757661">
<ele>476.2</ele>
<time>2025-03-23T04:08:46Z</time>
</trkpt>
<trkpt lat="24.935932" lon="121.757663">
<ele>475.6</ele>
<time>2025-03-23T04:08:56Z</time>
</trkpt>
<trkpt lat="24.935946" lon="121.757673">
<ele>476.1</ele>
<time>2025-03-23T04:09:06Z</time>
</trkpt>
<trkpt lat="24.935944" lon="121.757663">
<ele>475.9</ele>
<time>2025-03-23T04:09:16Z</time>
</trkpt>
<trkpt lat="24.935942" lon="121.757649">
<ele>476.5</ele>
<time>2025-03-23T04:09:26Z</time>
</trkpt>
<trkpt lat="24.935918" lon="121.757621">
<ele>466.6</ele>
<time>2025-03-23T04:14:35Z</time>
</trkpt>
<trkpt lat="24.935915" lon="121.757635">
<ele>472.5</ele>
<time>2025-03-23T04:14:51Z</time>
</trkpt>
<trkpt lat="24.935918" lon="121.757705">
<ele>475.2</ele>
<time>2025-03-23T04:15:01Z</time>
</trkpt>
<trkpt lat="24.935928" lon="121.757708">
<ele>475.9</ele>
<time>2025-03-23T04:15:11Z</time>
</trkpt>
<trkpt lat="24.93593" lon="121.757693">
<ele>476.3</ele>
<time>2025-03-23T04:15:21Z</time>
</trkpt>
<trkpt lat="24.93594" lon="121.757687">
<ele>476.8</ele>
<time>2025-03-23T04:15:31Z</time>
</trkpt>
<trkpt lat="24.935962" lon="121.757694">
<ele>477.5</ele>
<time>2025-03-23T04:15:41Z</time>
</trkpt>
<trkpt lat="24.935961" lon="121.757674">
<ele>477.4</ele>
<time>2025-03-23T04:15:52Z</time>
</trkpt>
<trkpt lat="24.93597" lon="121.75768">
<ele>477.8</ele>
<time>2025-03-23T04:16:10Z</time>
</trkpt>
<trkpt lat="24.935966" lon="121.757657">
<ele>477.1</ele>
<time>2025-03-23T04:16:28Z</time>
</trkpt>
<trkpt lat="24.935936" lon="121.757666">
<ele>474.1</ele>
<time>2025-03-23T04:16:38Z</time>
</trkpt>
<trkpt lat="24.935928" lon="121.75767">
<ele>475.3</ele>
<time>2025-03-23T04:16:49Z</time>
</trkpt>
<trkpt lat="24.935929" lon="121.757689">
<ele>475.7</ele>
<time>2025-03-23T04:16:59Z</time>
</trkpt>
<trkpt lat="24.935966" lon="121.757639">
<ele>477.5</ele>
<time>2025-03-23T04:20:08Z</time>
</trkpt>
<trkpt lat="24.935952" lon="121.757662">
<ele>476.6</ele>
<time>2025-03-23T04:20:19Z</time>
</trkpt>
<trkpt lat="24.935966" lon="121.757659">
<ele>478</ele>
<time>2025-03-23T04:20:30Z</time>
</trkpt>
<trkpt lat="24.935978" lon="121.757672">
<ele>478.7</ele>
<time>2025-03-23T04:20:41Z</time>
</trkpt>
<trkpt lat="24.935973" lon="121.757694">
<ele>479</ele>
<time>2025-03-23T04:20:51Z</time>
</trkpt>
<trkpt lat="24.935964" lon="121.757713">
<ele>478.7</ele>
<time>2025-03-23T04:21:02Z</time>
</trkpt>
<trkpt lat="24.935947" lon="121.757759">
<ele>479.2</ele>
<time>2025-03-23T04:21:12Z</time>
</trkpt>
<trkpt lat="24.935949" lon="121.757743">
<ele>480.4</ele>
<time>2025-03-23T04:21:25Z</time>
</trkpt>
<trkpt lat="24.935935" lon="121.757753">
<ele>479.6</ele>
<time>2025-03-23T04:21:35Z</time>
</trkpt>
<trkpt lat="24.935948" lon="121.757725">
<ele>478.5</ele>
<time>2025-03-23T04:21:45Z</time>
</trkpt>
<trkpt lat="24.935956" lon="121.757709">
<ele>477.9</ele>
<time>2025-03-23T04:21:55Z</time>
</trkpt>
<trkpt lat="24.93593" lon="121.757704">
<ele>477.6</ele>
<time>2025-03-23T04:22:54Z</time>
</trkpt>
<trkpt lat="24.93593" lon="121.757736">
<ele>477.6</ele>
<time>2025-03-23T04:23:04Z</time>
</trkpt>
<trkpt lat="24.935925" lon="121.757776">
<ele>477.7</ele>
<time>2025-03-23T04:23:24Z</time>
</trkpt>
<trkpt lat="24.935915" lon="121.757668">
<ele>477.3</ele>
<time>2025-03-23T04:23:49Z</time>
</trkpt>
<trkpt lat="24.935905" lon="121.757695">
<ele>476.4</ele>
<time>2025-03-23T04:23:59Z</time>
</trkpt>
<trkpt lat="24.935889" lon="121.757678">
<ele>479.1</ele>
<time>2025-03-23T04:25:18Z</time>
</trkpt>
<trkpt lat="24.935865" lon="121.757717">
<ele>478</ele>
<time>2025-03-23T04:25:29Z</time>
</trkpt>
<trkpt lat="24.935857" lon="121.757723">
<ele>478.6</ele>
<time>2025-03-23T04:25:39Z</time>
</trkpt>
<trkpt lat="24.935874" lon="121.757731">
<ele>480.7</ele>
<time>2025-03-23T04:25:50Z</time>
</trkpt>
<trkpt lat="24.935882" lon="121.757719">
<ele>480.8</ele>
<time>2025-03-23T04:26:00Z</time>
</trkpt>
<trkpt lat="24.935914" lon="121.757745">
<ele>482.3</ele>
<time>2025-03-23T04:26:10Z</time>
</trkpt>
<trkpt lat="24.935906" lon="121.757728">
<ele>482.5</ele>
<time>2025-03-23T04:26:20Z</time>
</trkpt>
<trkpt lat="24.935907" lon="121.757714">
<ele>482.1</ele>
<time>2025-03-23T04:26:30Z</time>
</trkpt>
<trkpt lat="24.935916" lon="121.757707">
<ele>480.3</ele>
<time>2025-03-23T04:26:41Z</time>
</trkpt>
<trkpt lat="24.935903" lon="121.757745">
<ele>480.2</ele>
<time>2025-03-23T04:26:51Z</time>
</trkpt>
<trkpt lat="24.935892" lon="121.757778">
<ele>480.3</ele>
<time>2025-03-23T04:27:01Z</time>
</trkpt>
<trkpt lat="24.935909" lon="121.757737">
<ele>480.9</ele>
<time>2025-03-23T04:27:11Z</time>
</trkpt>
<trkpt lat="24.935937" lon="121.757743">
<ele>480.7</ele>
<time>2025-03-23T04:27:21Z</time>
</trkpt>
<trkpt lat="24.935938" lon="121.75773">
<ele>479.8</ele>
<time>2025-03-23T04:27:31Z</time>
</trkpt>
<trkpt lat="24.935932" lon="121.757746">
<ele>479.7</ele>
<time>2025-03-23T04:27:41Z</time>
</trkpt>
<trkpt lat="24.935917" lon="121.757696">
<ele>478.8</ele>
<time>2025-03-23T04:34:50Z</time>
</trkpt>
<trkpt lat="24.935897" lon="121.757703">
<ele>478.5</ele>
<time>2025-03-23T04:35:01Z</time>
</trkpt>
<trkpt lat="24.935917" lon="121.757706">
<ele>479.2</ele>
<time>2025-03-23T04:35:12Z</time>
</trkpt>
<trkpt lat="24.935918" lon="121.757682">
<ele>478.6</ele>
<time>2025-03-23T04:35:23Z</time>
</trkpt>
<trkpt lat="24.935907" lon="121.757654">
<ele>478.3</ele>
<time>2025-03-23T04:35:34Z</time>
</trkpt>
<trkpt lat="24.935912" lon="121.757641">
<ele>478.2</ele>
<time>2025-03-23T04:35:46Z</time>
</trkpt>
<trkpt lat="24.935892" lon="121.757684">
<ele>478.9</ele>
<time>2025-03-23T04:35:57Z</time>
</trkpt>
<trkpt lat="24.935886" lon="121.757715">
<ele>479.5</ele>
<time>2025-03-23T04:36:08Z</time>
</trkpt>
<trkpt lat="24.935897" lon="121.757716">
<ele>480.1</ele>
<time>2025-03-23T04:36:19Z</time>
</trkpt>
<trkpt lat="24.935893" lon="121.757726">
<ele>479.4</ele>
<time>2025-03-23T04:36:30Z</time>
</trkpt>
<trkpt lat="24.935884" lon="121.757751">
<ele>479.3</ele>
<time>2025-03-23T04:36:41Z</time>
</trkpt>
<trkpt lat="24.935935" lon="121.75775">
<ele>483.8</ele>
<time>2025-03-23T04:37:25Z</time>
</trkpt>
<trkpt lat="24.935878" lon="121.757732">
<ele>482.2</ele>
<time>2025-03-23T04:37:36Z</time>
</trkpt>
<trkpt lat="24.935896" lon="121.75774">
<ele>482.7</ele>
<time>2025-03-23T04:37:47Z</time>
</trkpt>
<trkpt lat="24.935913" lon="121.757691">
<ele>480.3</ele>
<time>2025-03-23T04:37:58Z</time>
</trkpt>
<trkpt lat="24.93587" lon="121.75769">
<ele>480.9</ele>
<time>2025-03-23T04:38:09Z</time>
</trkpt>
<trkpt lat="24.935863" lon="121.757648">
<ele>479.5</ele>
<time>2025-03-23T04:38:20Z</time>
</trkpt>
<trkpt lat="24.93585" lon="121.757714">
<ele>481</ele>
<time>2025-03-23T04:38:31Z</time>
</trkpt>
<trkpt lat="24.935846" lon="121.757733">
<ele>482.2</ele>
<time>2025-03-23T04:38:42Z</time>
</trkpt>
<trkpt lat="24.935832" lon="121.757765">
<ele>485.1</ele>
<time>2025-03-23T04:38:54Z</time>
</trkpt>
<trkpt lat="24.935848" lon="121.757734">
<ele>483.7</ele>
<time>2025-03-23T04:39:05Z</time>
</trkpt>
<trkpt lat="24.935867" lon="121.757754">
<ele>483.9</ele>
<time>2025-03-23T04:39:16Z</time>
</trkpt>
<trkpt lat="24.935856" lon="121.757724">
<ele>484.3</ele>
<time>2025-03-23T04:39:27Z</time>
</trkpt>
<trkpt lat="24.935837" lon="121.757707">
<ele>484.1</ele>
<time>2025-03-23T04:39:38Z</time>
</trkpt>
<trkpt lat="24.935867" lon="121.757649">
<ele>482.6</ele>
<time>2025-03-23T04:39:49Z</time>
</trkpt>
<trkpt lat="24.935863" lon="121.757633">
<ele>482.1</ele>
<time>2025-03-23T04:40:00Z</time>
</trkpt>
<trkpt lat="24.935866" lon="121.757675">
<ele>482.1</ele>
<time>2025-03-23T04:40:11Z</time>
</trkpt>
<trkpt lat="24.935834" lon="121.757649">
<ele>484.8</ele>
<time>2025-03-23T04:40:22Z</time>
</trkpt>
<trkpt lat="24.935837" lon="121.757671">
<ele>479.8</ele>
<time>2025-03-23T04:40:33Z</time>
</trkpt>
<trkpt lat="24.935839" lon="121.757632">
<ele>482</ele>
<time>2025-03-23T04:40:44Z</time>
</trkpt>
<trkpt lat="24.935844" lon="121.757649">
<ele>483.8</ele>
<time>2025-03-23T04:40:55Z</time>
</trkpt>
<trkpt lat="24.935858" lon="121.757695">
<ele>481.5</ele>
<time>2025-03-23T04:41:05Z</time>
</trkpt>
<trkpt lat="24.935848" lon="121.757719">
<ele>474.6</ele>
<time>2025-03-23T04:41:16Z</time>
</trkpt>
<trkpt lat="24.935827" lon="121.757732">
<ele>477.8</ele>
<time>2025-03-23T04:41:27Z</time>
</trkpt>
<trkpt lat="24.935855" lon="121.75768">
<ele>478.3</ele>
<time>2025-03-23T04:41:38Z</time>
</trkpt>
<trkpt lat="24.935833" lon="121.757707">
<ele>477.6</ele>
<time>2025-03-23T04:41:49Z</time>
</trkpt>
<trkpt lat="24.935842" lon="121.757689">
<ele>475.1</ele>
<time>2025-03-23T04:42:00Z</time>
</trkpt>
<trkpt lat="24.935856" lon="121.75768">
<ele>466.9</ele>
<time>2025-03-23T04:42:11Z</time>
</trkpt>
<trkpt lat="24.93581" lon="121.75778">
<ele>481</ele>
<time>2025-03-23T04:42:22Z</time>
</trkpt>
<trkpt lat="24.935799" lon="121.757772">
<ele>476.2</ele>
<time>2025-03-23T04:42:33Z</time>
</trkpt>
<trkpt lat="24.935812" lon="121.757637">
<ele>478.5</ele>
<time>2025-03-23T04:42:44Z</time>
</trkpt>
<trkpt lat="24.935822" lon="121.757746">
<ele>481</ele>
<time>2025-03-23T04:42:55Z</time>
</trkpt>
<trkpt lat="24.935778" lon="121.757706">
<ele>485.2</ele>
<time>2025-03-23T04:43:06Z</time>
</trkpt>
<trkpt lat="24.935735" lon="121.757618">
<ele>482.1</ele>
<time>2025-03-23T04:43:17Z</time>
</trkpt>
<trkpt lat="24.935726" lon="121.757558">
<ele>482.5</ele>
<time>2025-03-23T04:43:28Z</time>
</trkpt>
<trkpt lat="24.935734" lon="121.757502">
<ele>483.8</ele>
<time>2025-03-23T04:43:39Z</time>
</trkpt>
<trkpt lat="24.935703" lon="121.757559">
<ele>481.1</ele>
<time>2025-03-23T04:43:50Z</time>
</trkpt>
<trkpt lat="24.935643" lon="121.757342">
<ele>468.3</ele>
<time>2025-03-23T04:44:01Z</time>
</trkpt>
<trkpt lat="24.935885" lon="121.757428">
<ele>468.5</ele>
<time>2025-03-23T04:44:12Z</time>
</trkpt>
<trkpt lat="24.935734" lon="121.757498">
<ele>499.2</ele>
<time>2025-03-23T04:44:23Z</time>
</trkpt>
<trkpt lat="24.935516" lon="121.757361">
<ele>486.5</ele>
<time>2025-03-23T04:44:34Z</time>
</trkpt>
<trkpt lat="24.935515" lon="121.757307">
<ele>482.3</ele>
<time>2025-03-23T04:44:45Z</time>
</trkpt>
<trkpt lat="24.935519" lon="121.757335">
<ele>481.5</ele>
<time>2025-03-23T04:44:57Z</time>
</trkpt>
<trkpt lat="24.935529" lon="121.757408">
<ele>482.9</ele>
<time>2025-03-23T04:45:08Z</time>
</trkpt>
<trkpt lat="24.935522" lon="121.757442">
<ele>484.6</ele>
<time>2025-03-23T04:45:18Z</time>
</trkpt>
<trkpt lat="24.935523" lon="121.757394">
<ele>485.3</ele>
<time>2025-03-23T04:45:29Z</time>
</trkpt>
<trkpt lat="24.935513" lon="121.757349">
<ele>486</ele>
<time>2025-03-23T04:45:40Z</time>
</trkpt>
<trkpt lat="24.935524" lon="121.75739">
<ele>487.4</ele>
<time>2025-03-23T04:45:51Z</time>
</trkpt>
<trkpt lat="24.935533" lon="121.757426">
<ele>486</ele>
<time>2025-03-23T04:46:02Z</time>
</trkpt>
<trkpt lat="24.935553" lon="121.757417">
<ele>486</ele>
<time>2025-03-23T04:46:13Z</time>
</trkpt>
<trkpt lat="24.935526" lon="121.757393">
<ele>485.3</ele>
<time>2025-03-23T04:46:27Z</time>
</trkpt>
<trkpt lat="24.935531" lon="121.757417">
<ele>485.8</ele>
<time>2025-03-23T04:46:46Z</time>
</trkpt>
<trkpt lat="24.935522" lon="121.757406">
<ele>480.9</ele>
<time>2025-03-23T04:46:59Z</time>
</trkpt>
<trkpt lat="24.935526" lon="121.757453">
<ele>473.2</ele>
<time>2025-03-23T04:47:09Z</time>
</trkpt>
<trkpt lat="24.935513" lon="121.757429">
<ele>472.6</ele>
<time>2025-03-23T04:47:20Z</time>
</trkpt>
<trkpt lat="24.935505" lon="121.757391">
<ele>483.8</ele>
<time>2025-03-23T04:47:30Z</time>
</trkpt>
<trkpt lat="24.93552" lon="121.757465">
<ele>486.6</ele>
<time>2025-03-23T04:47:40Z</time>
</trkpt>
<trkpt lat="24.935515" lon="121.757406">
<ele>489.6</ele>
<time>2025-03-23T04:47:51Z</time>
</trkpt>
<trkpt lat="24.935531" lon="121.757386">
<ele>494.7</ele>
<time>2025-03-23T04:48:02Z</time>
</trkpt>
<trkpt lat="24.935536" lon="121.757422">
<ele>486.7</ele>
<time>2025-03-23T04:48:13Z</time>
</trkpt>
<trkpt lat="24.93551" lon="121.75744">
<ele>485.9</ele>
<time>2025-03-23T04:48:30Z</time>
</trkpt>
<trkpt lat="24.935512" lon="121.757409">
<ele>481.6</ele>
<time>2025-03-23T04:48:40Z</time>
</trkpt>
<trkpt lat="24.935525" lon="121.757402">
<ele>478</ele>
<time>2025-03-23T04:48:51Z</time>
</trkpt>
<trkpt lat="24.935516" lon="121.757425">
<ele>481.9</ele>
<time>2025-03-23T04:49:02Z</time>
</trkpt>
<trkpt lat="24.93553" lon="121.757492">
<ele>484.6</ele>
<time>2025-03-23T04:49:13Z</time>
</trkpt>
<trkpt lat="24.935526" lon="121.757505">
<ele>486.2</ele>
<time>2025-03-23T04:49:23Z</time>
</trkpt>
<trkpt lat="24.935521" lon="121.757452">
<ele>486.4</ele>
<time>2025-03-23T04:49:48Z</time>
</trkpt>
<trkpt lat="24.935532" lon="121.757492">
<ele>473.7</ele>
<time>2025-03-23T04:49:59Z</time>
</trkpt>
<trkpt lat="24.935526" lon="121.757411">
<ele>475.6</ele>
<time>2025-03-23T04:50:10Z</time>
</trkpt>
<trkpt lat="24.935534" lon="121.757427">
<ele>490.8</ele>
<time>2025-03-23T04:50:23Z</time>
</trkpt>
<trkpt lat="24.935535" lon="121.757463">
<ele>488.7</ele>
<time>2025-03-23T04:50:34Z</time>
</trkpt>
<trkpt lat="24.935539" lon="121.757485">
<ele>482.3</ele>
<time>2025-03-23T04:50:45Z</time>
</trkpt>
<trkpt lat="24.935523" lon="121.757476">
<ele>480.3</ele>
<time>2025-03-23T04:50:56Z</time>
</trkpt>
<trkpt lat="24.935521" lon="121.757464">
<ele>487.5</ele>
<time>2025-03-23T04:51:07Z</time>
</trkpt>
<trkpt lat="24.935531" lon="121.757442">
<ele>487.8</ele>
<time>2025-03-23T04:52:35Z</time>
</trkpt>
<trkpt lat="24.935526" lon="121.757471">
<ele>486.6</ele>
<time>2025-03-23T04:53:05Z</time>
</trkpt>
<trkpt lat="24.935528" lon="121.757459">
<ele>486.6</ele>
<time>2025-03-23T04:53:16Z</time>
</trkpt>
<trkpt lat="24.935516" lon="121.757399">
<ele>484.4</ele>
<time>2025-03-23T04:53:27Z</time>
</trkpt>
<trkpt lat="24.935514" lon="121.757417">
<ele>486.7</ele>
<time>2025-03-23T04:53:38Z</time>
</trkpt>
<trkpt lat="24.935505" lon="121.757488">
<ele>489.7</ele>
<time>2025-03-23T04:53:48Z</time>
</trkpt>
<trkpt lat="24.935504" lon="121.75747">
<ele>495.8</ele>
<time>2025-03-23T04:53:59Z</time>
</trkpt>
<trkpt lat="24.935521" lon="121.757437">
<ele>486.2</ele>
<time>2025-03-23T04:54:10Z</time>
</trkpt>
<trkpt lat="24.935531" lon="121.757456">
<ele>472.7</ele>
<time>2025-03-23T04:54:21Z</time>
</trkpt>
<trkpt lat="24.935516" lon="121.757449">
<ele>481.2</ele>
<time>2025-03-23T04:54:32Z</time>
</trkpt>
<trkpt lat="24.935503" lon="121.757397">
<ele>483.8</ele>
<time>2025-03-23T04:54:43Z</time>
</trkpt>
<trkpt lat="24.9355" lon="121.757503">
<ele>487.2</ele>
<time>2025-03-23T04:54:54Z</time>
</trkpt>
<trkpt lat="24.935523" lon="121.757526">
<ele>489.1</ele>
<time>2025-03-23T04:55:26Z</time>
</trkpt>
<trkpt lat="24.935526" lon="121.75751">
<ele>487.9</ele>
<time>2025-03-23T04:55:42Z</time>
</trkpt>
<trkpt lat="24.935526" lon="121.757522">
<ele>487.2</ele>
<time>2025-03-23T04:55:52Z</time>
</trkpt>
<trkpt lat="24.935509" lon="121.757538">
<ele>487.9</ele>
<time>2025-03-23T04:56:03Z</time>
</trkpt>
<trkpt lat="24.935516" lon="121.75753">
<ele>487.9</ele>
<time>2025-03-23T04:56:21Z</time>
</trkpt>
<trkpt lat="24.935524" lon="121.757546">
<ele>484.7</ele>
<time>2025-03-23T04:56:35Z</time>
</trkpt>
<trkpt lat="24.935532" lon="121.757571">
<ele>486.5</ele>
<time>2025-03-23T04:56:46Z</time>
</trkpt>
<trkpt lat="24.935538" lon="121.75756">
<ele>486.5</ele>
<time>2025-03-23T04:56:58Z</time>
</trkpt>
<trkpt lat="24.935517" lon="121.757495">
<ele>489.7</ele>
<time>2025-03-23T04:57:09Z</time>
</trkpt>
<trkpt lat="24.935513" lon="121.757442">
<ele>482.9</ele>
<time>2025-03-23T04:57:20Z</time>
</trkpt>
<trkpt lat="24.935522" lon="121.757459">
<ele>485.5</ele>
<time>2025-03-23T04:57:31Z</time>
</trkpt>
<trkpt lat="24.935509" lon="121.757511">
<ele>484.1</ele>
<time>2025-03-23T04:57:42Z</time>
</trkpt>
<trkpt lat="24.935522" lon="121.757511">
<ele>482.6</ele>
<time>2025-03-23T04:57:53Z</time>
</trkpt>
<trkpt lat="24.935496" lon="121.75754">
<ele>486.9</ele>
<time>2025-03-23T04:58:04Z</time>
</trkpt>
<trkpt lat="24.935448" lon="121.757503">
<ele>501.9</ele>
<time>2025-03-23T04:58:15Z</time>
</trkpt>
<trkpt lat="24.935443" lon="121.757395">
<ele>498.7</ele>
<time>2025-03-23T04:58:26Z</time>
</trkpt>
<trkpt lat="24.935447" lon="121.757329">
<ele>501.1</ele>
<time>2025-03-23T04:58:37Z</time>
</trkpt>
<trkpt lat="24.935456" lon="121.757356">
<ele>499.6</ele>
<time>2025-03-23T04:58:48Z</time>
</trkpt>
<trkpt lat="24.935467" lon="121.757403">
<ele>491.1</ele>
<time>2025-03-23T04:59:09Z</time>
</trkpt>
<trkpt lat="24.935454" lon="121.757414">
<ele>490.6</ele>
<time>2025-03-23T04:59:19Z</time>
</trkpt>
<trkpt lat="24.935443" lon="121.757384">
<ele>489.9</ele>
<time>2025-03-23T04:59:30Z</time>
</trkpt>
<trkpt lat="24.935449" lon="121.757421">
<ele>489.7</ele>
<time>2025-03-23T04:59:41Z</time>
</trkpt>
<trkpt lat="24.935455" lon="121.757332">
<ele>499.5</ele>
<time>2025-03-23T04:59:52Z</time>
</trkpt>
<trkpt lat="24.93547" lon="121.757399">
<ele>492.6</ele>
<time>2025-03-23T05:00:16Z</time>
</trkpt>
<trkpt lat="24.935471" lon="121.75733">
<ele>490.2</ele>
<time>2025-03-23T05:01:10Z</time>
</trkpt>
<trkpt lat="24.935481" lon="121.757387">
<ele>487.4</ele>
<time>2025-03-23T05:01:21Z</time>
</trkpt>
<trkpt lat="24.935472" lon="121.757378">
<ele>485.4</ele>
<time>2025-03-23T05:01:34Z</time>
</trkpt>
<trkpt lat="24.935485" lon="121.75744">
<ele>485.4</ele>
<time>2025-03-23T05:01:45Z</time>
</trkpt>
<trkpt lat="24.935505" lon="121.757477">
<ele>482.8</ele>
<time>2025-03-23T05:01:56Z</time>
</trkpt>
<trkpt lat="24.935482" lon="121.757509">
<ele>483.8</ele>
<time>2025-03-23T05:02:06Z</time>
</trkpt>
<trkpt lat="24.935491" lon="121.757477">
<ele>486.7</ele>
<time>2025-03-23T05:02:19Z</time>
</trkpt>
<trkpt lat="24.935489" lon="121.757452">
<ele>485.1</ele>
<time>2025-03-23T05:02:32Z</time>
</trkpt>
<trkpt lat="24.935477" lon="121.75741">
<ele>487.6</ele>
<time>2025-03-23T05:02:43Z</time>
</trkpt>
<trkpt lat="24.935461" lon="121.757326">
<ele>495</ele>
<time>2025-03-23T05:02:54Z</time>
</trkpt>
<trkpt lat="24.935467" lon="121.757383">
<ele>490.1</ele>
<time>2025-03-23T05:03:05Z</time>
</trkpt>
<trkpt lat="24.935476" lon="121.757487">
<ele>489.4</ele>
<time>2025-03-23T05:03:16Z</time>
</trkpt>
<trkpt lat="24.935486" lon="121.757416">
<ele>490.9</ele>
<time>2025-03-23T05:03:27Z</time>
</trkpt>
<trkpt lat="24.93549" lon="121.757398">
<ele>488.2</ele>
<time>2025-03-23T05:03:43Z</time>
</trkpt>
<trkpt lat="24.935484" lon="121.757425">
<ele>484.7</ele>
<time>2025-03-23T05:03:54Z</time>
</trkpt>
<trkpt lat="24.935481" lon="121.757468">
<ele>485.2</ele>
<time>2025-03-23T05:04:19Z</time>
</trkpt>
<trkpt lat="24.935478" lon="121.757444">
<ele>485.9</ele>
<time>2025-03-23T05:04:30Z</time>
</trkpt>
<trkpt lat="24.935494" lon="121.757488">
<ele>481.3</ele>
<time>2025-03-23T05:04:41Z</time>
</trkpt>
<trkpt lat="24.935459" lon="121.75735">
<ele>486.5</ele>
<time>2025-03-23T05:04:52Z</time>
</trkpt>
<trkpt lat="24.935398" lon="121.757183">
<ele>479.4</ele>
<time>2025-03-23T05:07:58Z</time>
</trkpt>
<trkpt lat="24.935563" lon="121.75729">
<ele>464.9</ele>
<time>2025-03-23T05:08:13Z</time>
</trkpt>
<trkpt lat="24.935437" lon="121.757446">
<ele>471.2</ele>
<time>2025-03-23T05:10:51Z</time>
</trkpt>
<trkpt lat="24.935441" lon="121.757412">
<ele>474.8</ele>
<time>2025-03-23T05:11:02Z</time>
</trkpt>
<trkpt lat="24.935455" lon="121.757447">
<ele>485.2</ele>
<time>2025-03-23T05:11:48Z</time>
</trkpt>
<trkpt lat="24.935476" lon="121.757443">
<ele>483.1</ele>
<time>2025-03-23T05:11:59Z</time>
</trkpt>
<trkpt lat="24.935485" lon="121.757454">
<ele>483.3</ele>
<time>2025-03-23T05:12:10Z</time>
</trkpt>
<trkpt lat="24.935485" lon="121.75741">
<ele>484.5</ele>
<time>2025-03-23T05:12:26Z</time>
</trkpt>
<trkpt lat="24.935475" lon="121.757394">
<ele>484.6</ele>
<time>2025-03-23T05:12:48Z</time>
</trkpt>
<trkpt lat="24.935469" lon="121.757376">
<ele>484.1</ele>
<time>2025-03-23T05:12:59Z</time>
</trkpt>
<trkpt lat="24.935454" lon="121.757387">
<ele>487.9</ele>
<time>2025-03-23T05:13:10Z</time>
</trkpt>
<trkpt lat="24.935441" lon="121.757386">
<ele>487.1</ele>
<time>2025-03-23T05:13:27Z</time>
</trkpt>
<trkpt lat="24.935449" lon="121.75734">
<ele>484.9</ele>
<time>2025-03-23T05:13:37Z</time>
</trkpt>
<trkpt lat="24.935442" lon="121.757323">
<ele>486.2</ele>
<time>2025-03-23T05:13:48Z</time>
</trkpt>
<trkpt lat="24.93543" lon="121.757362">
<ele>488.2</ele>
<time>2025-03-23T05:13:59Z</time>
</trkpt>
<trkpt lat="24.935436" lon="121.75737">
<ele>488.7</ele>
<time>2025-03-23T05:14:10Z</time>
</trkpt>
<trkpt lat="24.935432" lon="121.757444">
<ele>488.1</ele>
<time>2025-03-23T05:14:39Z</time>
</trkpt>
<trkpt lat="24.93546" lon="121.757435">
<ele>488.5</ele>
<time>2025-03-23T05:14:52Z</time>
</trkpt>
<trkpt lat="24.935464" lon="121.757424">
<ele>488.2</ele>
<time>2025-03-23T05:15:03Z</time>
</trkpt>
<trkpt lat="24.935458" lon="121.757411">
<ele>488</ele>
<time>2025-03-23T05:15:39Z</time>
</trkpt>
<trkpt lat="24.935454" lon="121.757422">
<ele>486.8</ele>
<time>2025-03-23T05:16:00Z</time>
</trkpt>
<trkpt lat="24.935441" lon="121.757417">
<ele>484.6</ele>
<time>2025-03-23T05:16:11Z</time>
</trkpt>
<trkpt lat="24.935453" lon="121.757434">
<ele>477.1</ele>
<time>2025-03-23T05:16:22Z</time>
</trkpt>
<trkpt lat="24.935436" lon="121.757382">
<ele>482.6</ele>
<time>2025-03-23T05:16:33Z</time>
</trkpt>
<trkpt lat="24.935451" lon="121.757411">
<ele>485</ele>
<time>2025-03-23T05:16:44Z</time>
</trkpt>
<trkpt lat="24.93547" lon="121.757466">
<ele>486</ele>
<time>2025-03-23T05:16:54Z</time>
</trkpt>
<trkpt lat="24.935487" lon="121.757458">
<ele>488</ele>
<time>2025-03-23T05:17:05Z</time>
</trkpt>
<trkpt lat="24.935471" lon="121.75746">
<ele>486.1</ele>
<time>2025-03-23T05:17:16Z</time>
</trkpt>
<trkpt lat="24.935452" lon="121.757449">
<ele>488.3</ele>
<time>2025-03-23T05:17:27Z</time>
</trkpt>
<trkpt lat="24.935466" lon="121.757431">
<ele>487.9</ele>
<time>2025-03-23T05:17:37Z</time>
</trkpt>
<trkpt lat="24.935473" lon="121.757467">
<ele>487.1</ele>
<time>2025-03-23T05:17:48Z</time>
</trkpt>
<trkpt lat="24.935471" lon="121.757495">
<ele>487.1</ele>
<time>2025-03-23T05:18:01Z</time>
</trkpt>
<trkpt lat="24.935435" lon="121.75742">
<ele>487</ele>
<time>2025-03-23T05:18:12Z</time>
</trkpt>
<trkpt lat="24.935472" lon="121.757471">
<ele>487.6</ele>
<time>2025-03-23T05:18:23Z</time>
</trkpt>
<trkpt lat="24.93549" lon="121.757425">
<ele>490.7</ele>
<time>2025-03-23T05:18:34Z</time>
</trkpt>
<trkpt lat="24.93548" lon="121.757431">
<ele>497.8</ele>
<time>2025-03-23T05:18:48Z</time>
</trkpt>
<trkpt lat="24.935449" lon="121.757418">
<ele>492</ele>
<time>2025-03-23T05:18:58Z</time>
</trkpt>
<trkpt lat="24.93546" lon="121.75746">
<ele>483.2</ele>
<time>2025-03-23T05:19:09Z</time>
</trkpt>
<trkpt lat="24.935512" lon="121.757365">
<ele>484.8</ele>
<time>2025-03-23T05:19:20Z</time>
</trkpt>
<trkpt lat="24.935549" lon="121.757337">
<ele>484.5</ele>
<time>2025-03-23T05:19:31Z</time>
</trkpt>
<trkpt lat="24.935569" lon="121.757277">
<ele>497.4</ele>
<time>2025-03-23T05:19:41Z</time>
</trkpt>
<trkpt lat="24.935564" lon="121.75731">
<ele>482</ele>
<time>2025-03-23T05:19:53Z</time>
</trkpt>
<trkpt lat="24.935556" lon="121.757338">
<ele>486.9</ele>
<time>2025-03-23T05:20:04Z</time>
</trkpt>
<trkpt lat="24.935452" lon="121.757395">
<ele>500.1</ele>
<time>2025-03-23T05:20:15Z</time>
</trkpt>
<trkpt lat="24.935402" lon="121.757489">
<ele>486.5</ele>
<time>2025-03-23T05:20:26Z</time>
</trkpt>
<trkpt lat="24.935398" lon="121.757474">
<ele>482.2</ele>
<time>2025-03-23T05:20:37Z</time>
</trkpt>
<trkpt lat="24.935428" lon="121.75756">
<ele>483.5</ele>
<time>2025-03-23T05:20:48Z</time>
</trkpt>
<trkpt lat="24.935437" lon="121.757591">
<ele>478.9</ele>
<time>2025-03-23T05:20:59Z</time>
</trkpt>
<trkpt lat="24.93545" lon="121.757614">
<ele>478.4</ele>
<time>2025-03-23T05:21:09Z</time>
</trkpt>
<trkpt lat="24.935448" lon="121.757598">
<ele>479.1</ele>
<time>2025-03-23T05:21:20Z</time>
</trkpt>
<trkpt lat="24.935447" lon="121.757558">
<ele>485.6</ele>
<time>2025-03-23T05:21:31Z</time>
</trkpt>
<trkpt lat="24.935414" lon="121.75749">
<ele>483.2</ele>
<time>2025-03-23T05:21:41Z</time>
</trkpt>
<trkpt lat="24.935417" lon="121.757503">
<ele>478.9</ele>
<time>2025-03-23T05:21:52Z</time>
</trkpt>
<trkpt lat="24.93543" lon="121.757581">
<ele>480.3</ele>
<time>2025-03-23T05:22:03Z</time>
</trkpt>
<trkpt lat="24.935405" lon="121.757552">
<ele>477.9</ele>
<time>2025-03-23T05:22:14Z</time>
</trkpt>
<trkpt lat="24.935417" lon="121.757602">
<ele>479.8</ele>
<time>2025-03-23T05:22:25Z</time>
</trkpt>
<trkpt lat="24.935426" lon="121.757599">
<ele>488.3</ele>
<time>2025-03-23T05:22:37Z</time>
</trkpt>
<trkpt lat="24.935446" lon="121.757601">
<ele>481.5</ele>
<time>2025-03-23T05:22:48Z</time>
</trkpt>
<trkpt lat="24.935456" lon="121.757599">
<ele>476.5</ele>
<time>2025-03-23T05:22:59Z</time>
</trkpt>
<trkpt lat="24.935441" lon="121.757536">
<ele>474.7</ele>
<time>2025-03-23T05:23:10Z</time>
</trkpt>
<trkpt lat="24.935432" lon="121.757533">
<ele>475.1</ele>
<time>2025-03-23T05:23:20Z</time>
</trkpt>
<trkpt lat="24.935397" lon="121.757525">
<ele>480.2</ele>
<time>2025-03-23T05:23:31Z</time>
</trkpt>
<trkpt lat="24.935359" lon="121.757522">
<ele>483.1</ele>
<time>2025-03-23T05:23:42Z</time>
</trkpt>
<trkpt lat="24.93535" lon="121.757539">
<ele>484.4</ele>
<time>2025-03-23T05:23:53Z</time>
</trkpt>
<trkpt lat="24.935367" lon="121.757561">
<ele>484.1</ele>
<time>2025-03-23T05:24:04Z</time>
</trkpt>
<trkpt lat="24.935347" lon="121.757554">
<ele>485.9</ele>
<time>2025-03-23T05:24:15Z</time>
</trkpt>
<trkpt lat="24.935381" lon="121.757592">
<ele>485.4</ele>
<time>2025-03-23T05:24:26Z</time>
</trkpt>
<trkpt lat="24.935375" lon="121.757578">
<ele>483.9</ele>
<time>2025-03-23T05:24:37Z</time>
</trkpt>
<trkpt lat="24.935354" lon="121.757463">
<ele>467.3</ele>
<time>2025-03-23T05:24:48Z</time>
</trkpt>
<trkpt lat="24.935353" lon="121.75749">
<ele>481.3</ele>
<time>2025-03-23T05:24:59Z</time>
</trkpt>
<trkpt lat="24.935352" lon="121.757512">
<ele>484.8</ele>
<time>2025-03-23T05:25:09Z</time>
</trkpt>
<trkpt lat="24.935375" lon="121.757483">
<ele>480.8</ele>
<time>2025-03-23T05:25:19Z</time>
</trkpt>
<trkpt lat="24.935382" lon="121.757496">
<ele>481.4</ele>
<time>2025-03-23T05:25:29Z</time>
</trkpt>
<trkpt lat="24.935398" lon="121.757507">
<ele>477.8</ele>
<time>2025-03-23T05:25:39Z</time>
</trkpt>
<trkpt lat="24.935362" lon="121.757543">
<ele>483.2</ele>
<time>2025-03-23T05:25:50Z</time>
</trkpt>
<trkpt lat="24.935336" lon="121.75753">
<ele>489.6</ele>
<time>2025-03-23T05:26:01Z</time>
</trkpt>
<trkpt lat="24.935319" lon="121.757542">
<ele>487</ele>
<time>2025-03-23T05:26:12Z</time>
</trkpt>
<trkpt lat="24.935286" lon="121.757551">
<ele>481.7</ele>
<time>2025-03-23T05:26:23Z</time>
</trkpt>
<trkpt lat="24.935248" lon="121.757508">
<ele>485.6</ele>
<time>2025-03-23T05:26:34Z</time>
</trkpt>
<trkpt lat="24.935273" lon="121.757509">
<ele>487.6</ele>
<time>2025-03-23T05:26:45Z</time>
</trkpt>
<trkpt lat="24.935229" lon="121.75742">
<ele>500.4</ele>
<time>2025-03-23T05:26:56Z</time>
</trkpt>
<trkpt lat="24.935282" lon="121.757472">
<ele>494.3</ele>
<time>2025-03-23T05:27:07Z</time>
</trkpt>
<trkpt lat="24.935212" lon="121.757532">
<ele>490.3</ele>
<time>2025-03-23T05:27:18Z</time>
</trkpt>
<trkpt lat="24.935103" lon="121.757554">
<ele>493.9</ele>
<time>2025-03-23T05:27:28Z</time>
</trkpt>
<trkpt lat="24.935082" lon="121.75758">
<ele>493.4</ele>
<time>2025-03-23T05:27:39Z</time>
</trkpt>
<trkpt lat="24.935096" lon="121.757589">
<ele>474</ele>
<time>2025-03-23T05:27:50Z</time>
</trkpt>
<trkpt lat="24.935134" lon="121.757665">
<ele>478.1</ele>
<time>2025-03-23T05:28:01Z</time>
</trkpt>
<trkpt lat="24.935116" lon="121.757652">
<ele>475.6</ele>
<time>2025-03-23T05:28:11Z</time>
</trkpt>
<trkpt lat="24.935148" lon="121.757668">
<ele>483.6</ele>
<time>2025-03-23T05:28:22Z</time>
</trkpt>
<trkpt lat="24.93509" lon="121.757621">
<ele>479.2</ele>
<time>2025-03-23T05:28:32Z</time>
</trkpt>
<trkpt lat="24.935101" lon="121.757654">
<ele>475.5</ele>
<time>2025-03-23T05:28:43Z</time>
</trkpt>
<trkpt lat="24.93502" lon="121.75763">
<ele>482.3</ele>
<time>2025-03-23T05:28:54Z</time>
</trkpt>
<trkpt lat="24.935039" lon="121.757635">
<ele>467.4</ele>
<time>2025-03-23T05:29:05Z</time>
</trkpt>
<trkpt lat="24.935028" lon="121.757648">
<ele>488</ele>
<time>2025-03-23T05:29:16Z</time>
</trkpt>
<trkpt lat="24.935001" lon="121.757645">
<ele>485</ele>
<time>2025-03-23T05:29:27Z</time>
</trkpt>
<trkpt lat="24.934968" lon="121.757637">
<ele>489.6</ele>
<time>2025-03-23T05:29:38Z</time>
</trkpt>
<trkpt lat="24.934954" lon="121.757633">
<ele>490.5</ele>
<time>2025-03-23T05:29:48Z</time>
</trkpt>
<trkpt lat="24.934935" lon="121.757618">
<ele>491.3</ele>
<time>2025-03-23T05:30:05Z</time>
</trkpt>
<trkpt lat="24.934917" lon="121.75764">
<ele>497.2</ele>
<time>2025-03-23T05:30:24Z</time>
</trkpt>
<trkpt lat="24.934972" lon="121.757628">
<ele>509.7</ele>
<time>2025-03-23T05:30:35Z</time>
</trkpt>
<trkpt lat="24.935111" lon="121.75768">
<ele>494.6</ele>
<time>2025-03-23T05:30:58Z</time>
</trkpt>
<trkpt lat="24.935052" lon="121.757631">
<ele>499.2</ele>
<time>2025-03-23T05:31:09Z</time>
</trkpt>
<trkpt lat="24.935109" lon="121.757608">
<ele>494.3</ele>
<time>2025-03-23T05:31:24Z</time>
</trkpt>
<trkpt lat="24.935047" lon="121.757576">
<ele>482.8</ele>
<time>2025-03-23T05:31:35Z</time>
</trkpt>
<trkpt lat="24.935029" lon="121.757565">
<ele>482.5</ele>
<time>2025-03-23T05:31:46Z</time>
</trkpt>
<trkpt lat="24.935092" lon="121.757597">
<ele>487.1</ele>
<time>2025-03-23T05:31:57Z</time>
</trkpt>
<trkpt lat="24.935095" lon="121.757619">
<ele>501.4</ele>
<time>2025-03-23T05:32:08Z</time>
</trkpt>
<trkpt lat="24.935074" lon="121.757607">
<ele>491.1</ele>
<time>2025-03-23T05:32:19Z</time>
</trkpt>
<trkpt lat="24.935067" lon="121.757592">
<ele>483.7</ele>
<time>2025-03-23T05:32:30Z</time>
</trkpt>
<trkpt lat="24.935056" lon="121.757592">
<ele>479.9</ele>
<time>2025-03-23T05:32:41Z</time>
</trkpt>
<trkpt lat="24.935068" lon="121.757598">
<ele>480.6</ele>
<time>2025-03-23T05:32:52Z</time>
</trkpt>
<trkpt lat="24.935094" lon="121.757683">
<ele>493.2</ele>
<time>2025-03-23T05:33:03Z</time>
</trkpt>
<trkpt lat="24.935101" lon="121.757644">
<ele>490.1</ele>
<time>2025-03-23T05:33:14Z</time>
</trkpt>
<trkpt lat="24.93508" lon="121.757573">
<ele>493.7</ele>
<time>2025-03-23T05:33:25Z</time>
</trkpt>
<trkpt lat="24.935098" lon="121.757629">
<ele>490</ele>
<time>2025-03-23T05:33:35Z</time>
</trkpt>
<trkpt lat="24.935046" lon="121.757584">
<ele>493.3</ele>
<time>2025-03-23T05:33:46Z</time>
</trkpt>
<trkpt lat="24.935051" lon="121.757771">
<ele>516.3</ele>
<time>2025-03-23T05:33:57Z</time>
</trkpt>
<trkpt lat="24.935026" lon="121.757459">
<ele>483.2</ele>
<time>2025-03-23T05:34:08Z</time>
</trkpt>
<trkpt lat="24.935076" lon="121.757511">
<ele>478.4</ele>
<time>2025-03-23T05:34:19Z</time>
</trkpt>
<trkpt lat="24.935089" lon="121.757545">
<ele>485</ele>
<time>2025-03-23T05:34:30Z</time>
</trkpt>
<trkpt lat="24.935098" lon="121.757563">
<ele>483.8</ele>
<time>2025-03-23T05:34:41Z</time>
</trkpt>
<trkpt lat="24.935073" lon="121.757534">
<ele>483.9</ele>
<time>2025-03-23T05:34:52Z</time>
</trkpt>
<trkpt lat="24.935034" lon="121.757519">
<ele>488.6</ele>
<time>2025-03-23T05:35:03Z</time>
</trkpt>
<trkpt lat="24.935045" lon="121.757539">
<ele>484.8</ele>
<time>2025-03-23T05:35:14Z</time>
</trkpt>
<trkpt lat="24.935152" lon="121.757705">
<ele>484.3</ele>
<time>2025-03-23T05:35:25Z</time>
</trkpt>
<trkpt lat="24.935114" lon="121.757629">
<ele>485.8</ele>
<time>2025-03-23T05:35:36Z</time>
</trkpt>
<trkpt lat="24.93513" lon="121.757622">
<ele>487.2</ele>
<time>2025-03-23T05:35:47Z</time>
</trkpt>
<trkpt lat="24.935114" lon="121.757601">
<ele>486.9</ele>
<time>2025-03-23T05:36:02Z</time>
</trkpt>
<trkpt lat="24.935141" lon="121.757601">
<ele>489.6</ele>
<time>2025-03-23T05:36:31Z</time>
</trkpt>
<trkpt lat="24.935147" lon="121.757593">
<ele>489.8</ele>
<time>2025-03-23T05:36:42Z</time>
</trkpt>
<trkpt lat="24.935139" lon="121.757598">
<ele>492</ele>
<time>2025-03-23T05:36:53Z</time>
</trkpt>
<trkpt lat="24.935143" lon="121.757665">
<ele>493.6</ele>
<time>2025-03-23T05:37:04Z</time>
</trkpt>
<trkpt lat="24.935034" lon="121.757558">
<ele>488.9</ele>
<time>2025-03-23T05:37:14Z</time>
</trkpt>
<trkpt lat="24.935082" lon="121.757557">
<ele>488.4</ele>
<time>2025-03-23T05:37:25Z</time>
</trkpt>
<trkpt lat="24.935151" lon="121.757609">
<ele>490.5</ele>
<time>2025-03-23T05:37:36Z</time>
</trkpt>
<trkpt lat="24.935198" lon="121.75771">
<ele>495.5</ele>
<time>2025-03-23T05:38:18Z</time>
</trkpt>
<trkpt lat="24.935173" lon="121.75767">
<ele>493</ele>
<time>2025-03-23T05:38:34Z</time>
</trkpt>
<trkpt lat="24.935156" lon="121.757596">
<ele>492.4</ele>
<time>2025-03-23T05:40:34Z</time>
</trkpt>
<trkpt lat="24.935122" lon="121.757583">
<ele>494.2</ele>
<time>2025-03-23T05:40:45Z</time>
</trkpt>
<trkpt lat="24.935073" lon="121.757656">
<ele>487</ele>
<time>2025-03-23T05:40:55Z</time>
</trkpt>
<trkpt lat="24.935068" lon="121.757678">
<ele>486.7</ele>
<time>2025-03-23T05:41:06Z</time>
</trkpt>
<trkpt lat="24.935069" lon="121.757612">
<ele>487.2</ele>
<time>2025-03-23T05:41:17Z</time>
</trkpt>
<trkpt lat="24.935081" lon="121.757599">
<ele>486.4</ele>
<time>2025-03-23T05:41:28Z</time>
</trkpt>
<trkpt lat="24.935074" lon="121.757643">
<ele>486.3</ele>
<time>2025-03-23T05:41:39Z</time>
</trkpt>
<trkpt lat="24.935078" lon="121.757628">
<ele>485.9</ele>
<time>2025-03-23T05:41:50Z</time>
</trkpt>
<trkpt lat="24.935137" lon="121.757658">
<ele>489.4</ele>
<time>2025-03-23T05:42:01Z</time>
</trkpt>
<trkpt lat="24.935085" lon="121.757593">
<ele>483.9</ele>
<time>2025-03-23T05:42:12Z</time>
</trkpt>
<trkpt lat="24.935089" lon="121.75762">
<ele>493.7</ele>
<time>2025-03-23T05:42:23Z</time>
</trkpt>
<trkpt lat="24.935079" lon="121.757623">
<ele>487.5</ele>
<time>2025-03-23T05:42:35Z</time>
</trkpt>
<trkpt lat="24.935083" lon="121.757638">
<ele>487.4</ele>
<time>2025-03-23T05:42:45Z</time>
</trkpt>
<trkpt lat="24.935102" lon="121.757667">
<ele>484.1</ele>
<time>2025-03-23T05:42:56Z</time>
</trkpt>
<trkpt lat="24.935074" lon="121.757642">
<ele>485.1</ele>
<time>2025-03-23T05:43:07Z</time>
</trkpt>
<trkpt lat="24.935085" lon="121.757656">
<ele>483.1</ele>
<time>2025-03-23T05:43:18Z</time>
</trkpt>
<trkpt lat="24.935078" lon="121.757614">
<ele>482.7</ele>
<time>2025-03-23T05:43:29Z</time>
</trkpt>
<trkpt lat="24.93508" lon="121.757551">
<ele>487.1</ele>
<time>2025-03-23T05:43:40Z</time>
</trkpt>
<trkpt lat="24.935113" lon="121.757615">
<ele>491.7</ele>
<time>2025-03-23T05:43:51Z</time>
</trkpt>
<trkpt lat="24.93512" lon="121.757604">
<ele>490.4</ele>
<time>2025-03-23T05:44:01Z</time>
</trkpt>
<trkpt lat="24.935079" lon="121.757561">
<ele>489.1</ele>
<time>2025-03-23T05:44:11Z</time>
</trkpt>
<trkpt lat="24.935096" lon="121.757573">
<ele>490.2</ele>
<time>2025-03-23T05:44:22Z</time>
</trkpt>
<trkpt lat="24.935136" lon="121.757625">
<ele>490.9</ele>
<time>2025-03-23T05:44:32Z</time>
</trkpt>
<trkpt lat="24.935157" lon="121.757667">
<ele>492.9</ele>
<time>2025-03-23T05:44:43Z</time>
</trkpt>
<trkpt lat="24.935167" lon="121.757714">
<ele>493.5</ele>
<time>2025-03-23T05:44:54Z</time>
</trkpt>
<trkpt lat="24.935159" lon="121.757669">
<ele>489.5</ele>
<time>2025-03-23T05:45:05Z</time>
</trkpt>
<trkpt lat="24.935145" lon="121.757659">
<ele>495</ele>
<time>2025-03-23T05:45:16Z</time>
</trkpt>
<trkpt lat="24.935153" lon="121.757636">
<ele>493.6</ele>
<time>2025-03-23T05:45:28Z</time>
</trkpt>
<trkpt lat="24.935164" lon="121.75764">
<ele>493.1</ele>
<time>2025-03-23T05:45:39Z</time>
</trkpt>
<trkpt lat="24.935191" lon="121.757666">
<ele>492.2</ele>
<time>2025-03-23T05:45:50Z</time>
</trkpt>
<trkpt lat="24.935202" lon="121.75768">
<ele>493.7</ele>
<time>2025-03-23T05:46:01Z</time>
</trkpt>
<trkpt lat="24.935143" lon="121.757629">
<ele>494.8</ele>
<time>2025-03-23T05:46:12Z</time>
</trkpt>
<trkpt lat="24.935124" lon="121.757614">
<ele>494.1</ele>
<time>2025-03-23T05:46:22Z</time>
</trkpt>
<trkpt lat="24.935121" lon="121.757575">
<ele>491.3</ele>
<time>2025-03-23T05:46:33Z</time>
</trkpt>
<trkpt lat="24.935101" lon="121.757564">
<ele>493.2</ele>
<time>2025-03-23T05:46:44Z</time>
</trkpt>
<trkpt lat="24.935153" lon="121.757612">
<ele>494</ele>
<time>2025-03-23T05:46:55Z</time>
</trkpt>
<trkpt lat="24.935107" lon="121.757549">
<ele>497.2</ele>
<time>2025-03-23T05:47:06Z</time>
</trkpt>
<trkpt lat="24.935127" lon="121.757571">
<ele>496.3</ele>
<time>2025-03-23T05:47:17Z</time>
</trkpt>
<trkpt lat="24.935155" lon="121.757621">
<ele>496.3</ele>
<time>2025-03-23T05:47:28Z</time>
</trkpt>
<trkpt lat="24.935109" lon="121.757534">
<ele>493.7</ele>
<time>2025-03-23T05:47:39Z</time>
</trkpt>
<trkpt lat="24.93511" lon="121.757568">
<ele>497.3</ele>
<time>2025-03-23T05:47:50Z</time>
</trkpt>
<trkpt lat="24.935082" lon="121.757465">
<ele>492.8</ele>
<time>2025-03-23T05:48:01Z</time>
</trkpt>
<trkpt lat="24.935149" lon="121.757566">
<ele>488.2</ele>
<time>2025-03-23T05:48:12Z</time>
</trkpt>
<trkpt lat="24.93518" lon="121.757588">
<ele>487.7</ele>
<time>2025-03-23T05:48:23Z</time>
</trkpt>
<trkpt lat="24.935141" lon="121.75758">
<ele>487.9</ele>
<time>2025-03-23T05:48:34Z</time>
</trkpt>
<trkpt lat="24.935095" lon="121.757604">
<ele>488.8</ele>
<time>2025-03-23T05:48:45Z</time>
</trkpt>
<trkpt lat="24.93512" lon="121.757613">
<ele>496.2</ele>
<time>2025-03-23T05:48:56Z</time>
</trkpt>
<trkpt lat="24.935066" lon="121.75753">
<ele>494.7</ele>
<time>2025-03-23T05:49:07Z</time>
</trkpt>
<trkpt lat="24.935113" lon="121.757574">
<ele>490.9</ele>
<time>2025-03-23T05:49:18Z</time>
</trkpt>
<trkpt lat="24.935154" lon="121.757631">
<ele>490.5</ele>
<time>2025-03-23T05:49:29Z</time>
</trkpt>
<trkpt lat="24.935142" lon="121.757581">
<ele>492.4</ele>
<time>2025-03-23T05:49:39Z</time>
</trkpt>
<trkpt lat="24.935135" lon="121.757549">
<ele>491.7</ele>
<time>2025-03-23T05:49:50Z</time>
</trkpt>
<trkpt lat="24.935013" lon="121.757538">
<ele>493.2</ele>
<time>2025-03-23T05:50:01Z</time>
</trkpt>
<trkpt lat="24.935034" lon="121.757532">
<ele>494.4</ele>
<time>2025-03-23T05:50:12Z</time>
</trkpt>
<trkpt lat="24.935082" lon="121.757537">
<ele>492</ele>
<time>2025-03-23T05:50:23Z</time>
</trkpt>
<trkpt lat="24.93501" lon="121.757526">
<ele>491.9</ele>
<time>2025-03-23T05:50:34Z</time>
</trkpt>
<trkpt lat="24.935095" lon="121.757494">
<ele>493.8</ele>
<time>2025-03-23T05:50:45Z</time>
</trkpt>
<trkpt lat="24.935014" lon="121.757503">
<ele>495.9</ele>
<time>2025-03-23T05:50:56Z</time>
</trkpt>
<trkpt lat="24.935075" lon="121.757504">
<ele>494.3</ele>
<time>2025-03-23T05:51:07Z</time>
</trkpt>
<trkpt lat="24.935185" lon="121.757536">
<ele>494.8</ele>
<time>2025-03-23T05:51:18Z</time>
</trkpt>
<trkpt lat="24.935173" lon="121.757543">
<ele>490.6</ele>
<time>2025-03-23T05:51:32Z</time>
</trkpt>
<trkpt lat="24.93518" lon="121.757525">
<ele>489.9</ele>
<time>2025-03-23T05:51:43Z</time>
</trkpt>
<trkpt lat="24.935198" lon="121.757533">
<ele>491.9</ele>
<time>2025-03-23T05:51:54Z</time>
</trkpt>
<trkpt lat="24.935169" lon="121.757548">
<ele>490.6</ele>
<time>2025-03-23T05:52:05Z</time>
</trkpt>
<trkpt lat="24.935198" lon="121.75753">
<ele>493.7</ele>
<time>2025-03-23T05:52:16Z</time>
</trkpt>
<trkpt lat="24.935225" lon="121.757556">
<ele>487.8</ele>
<time>2025-03-23T05:52:27Z</time>
</trkpt>
<trkpt lat="24.93522" lon="121.757537">
<ele>481.8</ele>
<time>2025-03-23T05:52:40Z</time>
</trkpt>
<trkpt lat="24.93524" lon="121.757561">
<ele>484.5</ele>
<time>2025-03-23T05:52:51Z</time>
</trkpt>
<trkpt lat="24.935208" lon="121.757545">
<ele>482.7</ele>
<time>2025-03-23T05:53:02Z</time>
</trkpt>
<trkpt lat="24.935208" lon="121.75759">
<ele>483.2</ele>
<time>2025-03-23T05:53:13Z</time>
</trkpt>
<trkpt lat="24.935211" lon="121.757581">
<ele>479.4</ele>
<time>2025-03-23T05:53:27Z</time>
</trkpt>
<trkpt lat="24.935193" lon="121.757574">
<ele>483.9</ele>
<time>2025-03-23T05:53:37Z</time>
</trkpt>
<trkpt lat="24.935168" lon="121.757576">
<ele>484.6</ele>
<time>2025-03-23T05:53:48Z</time>
</trkpt>
<trkpt lat="24.935211" lon="121.757596">
<ele>486.2</ele>
<time>2025-03-23T05:53:59Z</time>
</trkpt>
<trkpt lat="24.935213" lon="121.757575">
<ele>480.5</ele>
<time>2025-03-23T05:54:10Z</time>
</trkpt>
<trkpt lat="24.935196" lon="121.757573">
<ele>480.4</ele>
<time>2025-03-23T05:54:21Z</time>
</trkpt>
<trkpt lat="24.935177" lon="121.757577">
<ele>481.9</ele>
<time>2025-03-23T05:54:32Z</time>
</trkpt>
<trkpt lat="24.935181" lon="121.757592">
<ele>482.6</ele>
<time>2025-03-23T05:54:49Z</time>
</trkpt>
<trkpt lat="24.93517" lon="121.757588">
<ele>485.7</ele>
<time>2025-03-23T05:55:00Z</time>
</trkpt>
<trkpt lat="24.93518" lon="121.757598">
<ele>488.2</ele>
<time>2025-03-23T05:55:13Z</time>
</trkpt>
<trkpt lat="24.935179" lon="121.757588">
<ele>487.8</ele>
<time>2025-03-23T05:55:25Z</time>
</trkpt>
<trkpt lat="24.935199" lon="121.7576">
<ele>487.1</ele>
<time>2025-03-23T05:55:35Z</time>
</trkpt>
<trkpt lat="24.935213" lon="121.757567">
<ele>485.9</ele>
<time>2025-03-23T05:55:46Z</time>
</trkpt>
<trkpt lat="24.935191" lon="121.757581">
<ele>486</ele>
<time>2025-03-23T05:55:57Z</time>
</trkpt>
<trkpt lat="24.935233" lon="121.7576">
<ele>476.7</ele>
<time>2025-03-23T05:56:08Z</time>
</trkpt>
<trkpt lat="24.935193" lon="121.757569">
<ele>489.2</ele>
<time>2025-03-23T05:56:19Z</time>
</trkpt>
<trkpt lat="24.935146" lon="121.757571">
<ele>491.2</ele>
<time>2025-03-23T05:56:30Z</time>
</trkpt>
<trkpt lat="24.935128" lon="121.757594">
<ele>490.2</ele>
<time>2025-03-23T05:56:41Z</time>
</trkpt>
<trkpt lat="24.93515" lon="121.757558">
<ele>485</ele>
<time>2025-03-23T05:56:52Z</time>
</trkpt>
<trkpt lat="24.935155" lon="121.75757">
<ele>487.2</ele>
<time>2025-03-23T05:57:03Z</time>
</trkpt>
<trkpt lat="24.935171" lon="121.757526">
<ele>487.4</ele>
<time>2025-03-23T05:57:14Z</time>
</trkpt>
<trkpt lat="24.935119" lon="121.757584">
<ele>493.8</ele>
<time>2025-03-23T05:57:25Z</time>
</trkpt>
<trkpt lat="24.935128" lon="121.757586">
<ele>487.8</ele>
<time>2025-03-23T05:57:35Z</time>
</trkpt>
<trkpt lat="24.935157" lon="121.7576">
<ele>491.7</ele>
<time>2025-03-23T05:57:46Z</time>
</trkpt>
<trkpt lat="24.935175" lon="121.757604">
<ele>482.9</ele>
<time>2025-03-23T05:57:57Z</time>
</trkpt>
<trkpt lat="24.935176" lon="121.757587">
<ele>485.3</ele>
<time>2025-03-23T05:58:08Z</time>
</trkpt>
<trkpt lat="24.935144" lon="121.757572">
<ele>487.9</ele>
<time>2025-03-23T05:58:19Z</time>
</trkpt>
<trkpt lat="24.935122" lon="121.757568">
<ele>487.6</ele>
<time>2025-03-23T05:58:37Z</time>
</trkpt>
<trkpt lat="24.935143" lon="121.757552">
<ele>490.4</ele>
<time>2025-03-23T05:58:57Z</time>
</trkpt>
<trkpt lat="24.935148" lon="121.757583">
<ele>489</ele>
<time>2025-03-23T05:59:20Z</time>
</trkpt>
<trkpt lat="24.935142" lon="121.757591">
<ele>487.7</ele>
<time>2025-03-23T05:59:31Z</time>
</trkpt>
<trkpt lat="24.935113" lon="121.757598">
<ele>490.3</ele>
<time>2025-03-23T05:59:48Z</time>
</trkpt>
<trkpt lat="24.935125" lon="121.757578">
<ele>490.6</ele>
<time>2025-03-23T06:00:10Z</time>
</trkpt>
<trkpt lat="24.935137" lon="121.757582">
<ele>491</ele>
<time>2025-03-23T06:00:21Z</time>
</trkpt>
<trkpt lat="24.935174" lon="121.757595">
<ele>488.8</ele>
<time>2025-03-23T06:00:32Z</time>
</trkpt>
<trkpt lat="24.935225" lon="121.757529">
<ele>485.3</ele>
<time>2025-03-23T06:01:46Z</time>
</trkpt>
<trkpt lat="24.935196" lon="121.757531">
<ele>491.5</ele>
<time>2025-03-23T06:02:01Z</time>
</trkpt>
<trkpt lat="24.935211" lon="121.757539">
<ele>488.1</ele>
<time>2025-03-23T06:02:21Z</time>
</trkpt>
<trkpt lat="24.935155" lon="121.757606">
<ele>486.9</ele>
<time>2025-03-23T06:02:32Z</time>
</trkpt>
<trkpt lat="24.935151" lon="121.757639">
<ele>484.7</ele>
<time>2025-03-23T06:02:43Z</time>
</trkpt>
<trkpt lat="24.93514" lon="121.757649">
<ele>487.2</ele>
<time>2025-03-23T06:02:54Z</time>
</trkpt>
<trkpt lat="24.935128" lon="121.757629">
<ele>478.1</ele>
<time>2025-03-23T06:03:05Z</time>
</trkpt>
<trkpt lat="24.935111" lon="121.757594">
<ele>486.2</ele>
<time>2025-03-23T06:03:17Z</time>
</trkpt>
<trkpt lat="24.935072" lon="121.757537">
<ele>492.7</ele>
<time>2025-03-23T06:04:08Z</time>
</trkpt>
<trkpt lat="24.935082" lon="121.757562">
<ele>485.5</ele>
<time>2025-03-23T06:04:19Z</time>
</trkpt>
<trkpt lat="24.935085" lon="121.757586">
<ele>488</ele>
<time>2025-03-23T06:04:30Z</time>
</trkpt>
<trkpt lat="24.935094" lon="121.757597">
<ele>489</ele>
<time>2025-03-23T06:04:41Z</time>
</trkpt>
<trkpt lat="24.935098" lon="121.757609">
<ele>487.8</ele>
<time>2025-03-23T06:04:54Z</time>
</trkpt>
<trkpt lat="24.935107" lon="121.757611">
<ele>480.6</ele>
<time>2025-03-23T06:05:07Z</time>
</trkpt>
<trkpt lat="24.935097" lon="121.75758">
<ele>483.2</ele>
<time>2025-03-23T06:05:18Z</time>
</trkpt>
<trkpt lat="24.93511" lon="121.757549">
<ele>486.4</ele>
<time>2025-03-23T06:05:29Z</time>
</trkpt>
<trkpt lat="24.935124" lon="121.757516">
<ele>491.9</ele>
<time>2025-03-23T06:06:01Z</time>
</trkpt>
<trkpt lat="24.935134" lon="121.757526">
<ele>491.4</ele>
<time>2025-03-23T06:06:12Z</time>
</trkpt>
<trkpt lat="24.935117" lon="121.757528">
<ele>493.1</ele>
<time>2025-03-23T06:06:52Z</time>
</trkpt>
<trkpt lat="24.935127" lon="121.757513">
<ele>493.1</ele>
<time>2025-03-23T06:07:03Z</time>
</trkpt>
<trkpt lat="24.935145" lon="121.757545">
<ele>492.4</ele>
<time>2025-03-23T06:07:20Z</time>
</trkpt>
<trkpt lat="24.93516" lon="121.757566">
<ele>491.5</ele>
<time>2025-03-23T06:07:37Z</time>
</trkpt>
<trkpt lat="24.935197" lon="121.757536">
<ele>488.2</ele>
<time>2025-03-23T06:07:51Z</time>
</trkpt>
<trkpt lat="24.935171" lon="121.757542">
<ele>490.7</ele>
<time>2025-03-23T06:08:01Z</time>
</trkpt>
<trkpt lat="24.935146" lon="121.757548">
<ele>489.9</ele>
<time>2025-03-23T06:08:12Z</time>
</trkpt>
<trkpt lat="24.935102" lon="121.75759">
<ele>487</ele>
<time>2025-03-23T06:09:02Z</time>
</trkpt>
<trkpt lat="24.935106" lon="121.757555">
<ele>491.3</ele>
<time>2025-03-23T06:09:13Z</time>
</trkpt>
<trkpt lat="24.935135" lon="121.75756">
<ele>491</ele>
<time>2025-03-23T06:09:23Z</time>
</trkpt>
<trkpt lat="24.935152" lon="121.757543">
<ele>492.3</ele>
<time>2025-03-23T06:09:34Z</time>
</trkpt>
<trkpt lat="24.935101" lon="121.757561">
<ele>488.9</ele>
<time>2025-03-23T06:09:45Z</time>
</trkpt>
<trkpt lat="24.935092" lon="121.757603">
<ele>489.7</ele>
<time>2025-03-23T06:09:56Z</time>
</trkpt>
<trkpt lat="24.93513" lon="121.757578">
<ele>489.9</ele>
<time>2025-03-23T06:10:09Z</time>
</trkpt>
<trkpt lat="24.935146" lon="121.757586">
<ele>488.9</ele>
<time>2025-03-23T06:10:20Z</time>
</trkpt>
<trkpt lat="24.935164" lon="121.75758">
<ele>488.1</ele>
<time>2025-03-23T06:10:31Z</time>
</trkpt>
<trkpt lat="24.935136" lon="121.757571">
<ele>489.6</ele>
<time>2025-03-23T06:10:44Z</time>
</trkpt>
<trkpt lat="24.935171" lon="121.757566">
<ele>489.8</ele>
<time>2025-03-23T06:11:03Z</time>
</trkpt>
<trkpt lat="24.935182" lon="121.757572">
<ele>490.3</ele>
<time>2025-03-23T06:11:15Z</time>
</trkpt>
<trkpt lat="24.935172" lon="121.75758">
<ele>490.8</ele>
<time>2025-03-23T06:11:26Z</time>
</trkpt>
<trkpt lat="24.935184" lon="121.75762">
<ele>490.7</ele>
<time>2025-03-23T06:11:37Z</time>
</trkpt>
<trkpt lat="24.935156" lon="121.75754">
<ele>492.1</ele>
<time>2025-03-23T06:12:22Z</time>
</trkpt>
<trkpt lat="24.935145" lon="121.757544">
<ele>491.1</ele>
<time>2025-03-23T06:12:58Z</time>
</trkpt>
<trkpt lat="24.93517" lon="121.757529">
<ele>491.3</ele>
<time>2025-03-23T06:13:15Z</time>
</trkpt>
<trkpt lat="24.935139" lon="121.757499">
<ele>492.9</ele>
<time>2025-03-23T06:13:47Z</time>
</trkpt>
<trkpt lat="24.935151" lon="121.757549">
<ele>493</ele>
<time>2025-03-23T06:13:58Z</time>
</trkpt>
<trkpt lat="24.935165" lon="121.757564">
<ele>492.7</ele>
<time>2025-03-23T06:14:09Z</time>
</trkpt>
<trkpt lat="24.935207" lon="121.757545">
<ele>490.1</ele>
<time>2025-03-23T06:14:26Z</time>
</trkpt>
<trkpt lat="24.935146" lon="121.757532">
<ele>478</ele>
<time>2025-03-23T06:14:37Z</time>
</trkpt>
<trkpt lat="24.935182" lon="121.757538">
<ele>476.7</ele>
<time>2025-03-23T06:14:48Z</time>
</trkpt>
<trkpt lat="24.935188" lon="121.757554">
<ele>484</ele>
<time>2025-03-23T06:14:59Z</time>
</trkpt>
<trkpt lat="24.935178" lon="121.757553">
<ele>487.5</ele>
<time>2025-03-23T06:15:10Z</time>
</trkpt>
<trkpt lat="24.935137" lon="121.757554">
<ele>490.1</ele>
<time>2025-03-23T06:15:21Z</time>
</trkpt>
<trkpt lat="24.935145" lon="121.757565">
<ele>489.8</ele>
<time>2025-03-23T06:15:35Z</time>
</trkpt>
<trkpt lat="24.93515" lon="121.757554">
<ele>494.5</ele>
<time>2025-03-23T06:15:46Z</time>
</trkpt>
<trkpt lat="24.935166" lon="121.757559">
<ele>489.2</ele>
<time>2025-03-23T06:15:57Z</time>
</trkpt>
<trkpt lat="24.935175" lon="121.757556">
<ele>489</ele>
<time>2025-03-23T06:16:08Z</time>
</trkpt>
<trkpt lat="24.935125" lon="121.757588">
<ele>490.1</ele>
<time>2025-03-23T06:16:19Z</time>
</trkpt>
<trkpt lat="24.935176" lon="121.757626">
<ele>491.9</ele>
<time>2025-03-23T06:16:29Z</time>
</trkpt>
<trkpt lat="24.935195" lon="121.757588">
<ele>489.7</ele>
<time>2025-03-23T06:16:40Z</time>
</trkpt>
<trkpt lat="24.935191" lon="121.757572">
<ele>493</ele>
<time>2025-03-23T06:16:51Z</time>
</trkpt>
<trkpt lat="24.935159" lon="121.757579">
<ele>491.3</ele>
<time>2025-03-23T06:17:04Z</time>
</trkpt>
<trkpt lat="24.935201" lon="121.757658">
<ele>493</ele>
<time>2025-03-23T06:17:15Z</time>
</trkpt>
<trkpt lat="24.935185" lon="121.757603">
<ele>489.1</ele>
<time>2025-03-23T06:17:26Z</time>
</trkpt>
<trkpt lat="24.935182" lon="121.757575">
<ele>488.6</ele>
<time>2025-03-23T06:17:37Z</time>
</trkpt>
<trkpt lat="24.935207" lon="121.757623">
<ele>491</ele>
<time>2025-03-23T06:17:48Z</time>
</trkpt>
<trkpt lat="24.935133" lon="121.757626">
<ele>490.8</ele>
<time>2025-03-23T06:17:59Z</time>
</trkpt>
<trkpt lat="24.935147" lon="121.757618">
<ele>489</ele>
<time>2025-03-23T06:18:16Z</time>
</trkpt>
<trkpt lat="24.935159" lon="121.757636">
<ele>490.6</ele>
<time>2025-03-23T06:18:26Z</time>
</trkpt>
<trkpt lat="24.935184" lon="121.75769">
<ele>490.5</ele>
<time>2025-03-23T06:18:37Z</time>
</trkpt>
<trkpt lat="24.935137" lon="121.757681">
<ele>491.5</ele>
<time>2025-03-23T06:18:48Z</time>
</trkpt>
<trkpt lat="24.935179" lon="121.757666">
<ele>493.3</ele>
<time>2025-03-23T06:18:59Z</time>
</trkpt>
<trkpt lat="24.935176" lon="121.757622">
<ele>495.2</ele>
<time>2025-03-23T06:19:10Z</time>
</trkpt>
<trkpt lat="24.935142" lon="121.757588">
<ele>494.6</ele>
<time>2025-03-23T06:19:21Z</time>
</trkpt>
<trkpt lat="24.935164" lon="121.757594">
<ele>487.9</ele>
<time>2025-03-23T06:19:32Z</time>
</trkpt>
<trkpt lat="24.935173" lon="121.757587">
<ele>492.5</ele>
<time>2025-03-23T06:19:43Z</time>
</trkpt>
<trkpt lat="24.935149" lon="121.757656">
<ele>488.2</ele>
<time>2025-03-23T06:19:53Z</time>
</trkpt>
<trkpt lat="24.935157" lon="121.757664">
<ele>491</ele>
<time>2025-03-23T06:20:04Z</time>
</trkpt>
<trkpt lat="24.935168" lon="121.75767">
<ele>497</ele>
<time>2025-03-23T06:20:15Z</time>
</trkpt>
<trkpt lat="24.935138" lon="121.75769">
<ele>489.9</ele>
<time>2025-03-23T06:20:26Z</time>
</trkpt>
<trkpt lat="24.93517" lon="121.75765">
<ele>492.8</ele>
<time>2025-03-23T06:20:36Z</time>
</trkpt>
<trkpt lat="24.93518" lon="121.757602">
<ele>493.4</ele>
<time>2025-03-23T06:20:47Z</time>
</trkpt>
<trkpt lat="24.935163" lon="121.757632">
<ele>487.6</ele>
<time>2025-03-23T06:20:58Z</time>
</trkpt>
<trkpt lat="24.935203" lon="121.757626">
<ele>487.4</ele>
<time>2025-03-23T06:21:09Z</time>
</trkpt>
<trkpt lat="24.935203" lon="121.757646">
<ele>488.6</ele>
<time>2025-03-23T06:21:20Z</time>
</trkpt>
<trkpt lat="24.93522" lon="121.757608">
<ele>490.4</ele>
<time>2025-03-23T06:21:36Z</time>
</trkpt>
<trkpt lat="24.935219" lon="121.757624">
<ele>490.7</ele>
<time>2025-03-23T06:21:55Z</time>
</trkpt>
<trkpt lat="24.935228" lon="121.757605">
<ele>490.4</ele>
<time>2025-03-23T06:22:07Z</time>
</trkpt>
<trkpt lat="24.935238" lon="121.757599">
<ele>492.4</ele>
<time>2025-03-23T06:22:18Z</time>
</trkpt>
<trkpt lat="24.935229" lon="121.757582">
<ele>492.8</ele>
<time>2025-03-23T06:22:29Z</time>
</trkpt>
<trkpt lat="24.935236" lon="121.75762">
<ele>491.7</ele>
<time>2025-03-23T06:22:40Z</time>
</trkpt>
<trkpt lat="24.935161" lon="121.757637">
<ele>478.6</ele>
<time>2025-03-23T06:22:50Z</time>
</trkpt>
<trkpt lat="24.935143" lon="121.757687">
<ele>497.4</ele>
<time>2025-03-23T06:23:01Z</time>
</trkpt>
<trkpt lat="24.935117" lon="121.75771">
<ele>494.1</ele>
<time>2025-03-23T06:23:12Z</time>
</trkpt>
<trkpt lat="24.935106" lon="121.75769">
<ele>489.1</ele>
<time>2025-03-23T06:23:23Z</time>
</trkpt>
<trkpt lat="24.935072" lon="121.7577">
<ele>469.2</ele>
<time>2025-03-23T06:23:34Z</time>
</trkpt>
<trkpt lat="24.935108" lon="121.757723">
<ele>491.5</ele>
<time>2025-03-23T06:23:45Z</time>
</trkpt>
<trkpt lat="24.935165" lon="121.757711">
<ele>495</ele>
<time>2025-03-23T06:23:56Z</time>
</trkpt>
<trkpt lat="24.935155" lon="121.757711">
<ele>491.8</ele>
<time>2025-03-23T06:24:07Z</time>
</trkpt>
<trkpt lat="24.935165" lon="121.757695">
<ele>495.7</ele>
<time>2025-03-23T06:24:23Z</time>
</trkpt>
<trkpt lat="24.935181" lon="121.757706">
<ele>489.5</ele>
<time>2025-03-23T06:24:34Z</time>
</trkpt>
<trkpt lat="24.935158" lon="121.757718">
<ele>465.4</ele>
<time>2025-03-23T06:24:45Z</time>
</trkpt>
<trkpt lat="24.935108" lon="121.757778">
<ele>475</ele>
<time>2025-03-23T06:24:55Z</time>
</trkpt>
<trkpt lat="24.935175" lon="121.757759">
<ele>476</ele>
<time>2025-03-23T06:25:06Z</time>
</trkpt>
<trkpt lat="24.935129" lon="121.757674">
<ele>477.9</ele>
<time>2025-03-23T06:25:17Z</time>
</trkpt>
<trkpt lat="24.935122" lon="121.757771">
<ele>484.4</ele>
<time>2025-03-23T06:25:28Z</time>
</trkpt>
<trkpt lat="24.935112" lon="121.757782">
<ele>487.6</ele>
<time>2025-03-23T06:25:39Z</time>
</trkpt>
<trkpt lat="24.935168" lon="121.757717">
<ele>500.4</ele>
<time>2025-03-23T06:25:50Z</time>
</trkpt>
<trkpt lat="24.935087" lon="121.757728">
<ele>501.9</ele>
<time>2025-03-23T06:26:01Z</time>
</trkpt>
<trkpt lat="24.935086" lon="121.757763">
<ele>490.9</ele>
<time>2025-03-23T06:26:11Z</time>
</trkpt>
<trkpt lat="24.935082" lon="121.757747">
<ele>499.4</ele>
<time>2025-03-23T06:26:22Z</time>
</trkpt>
<trkpt lat="24.935053" lon="121.757767">
<ele>502.4</ele>
<time>2025-03-23T06:26:33Z</time>
</trkpt>
<trkpt lat="24.934961" lon="121.7578">
<ele>485.3</ele>
<time>2025-03-23T06:26:44Z</time>
</trkpt>
<trkpt lat="24.934999" lon="121.757745">
<ele>496.1</ele>
<time>2025-03-23T06:26:54Z</time>
</trkpt>
<trkpt lat="24.934972" lon="121.757752">
<ele>490.8</ele>
<time>2025-03-23T06:27:05Z</time>
</trkpt>
<trkpt lat="24.934976" lon="121.757853">
<ele>489.7</ele>
<time>2025-03-23T06:27:16Z</time>
</trkpt>
<trkpt lat="24.934936" lon="121.757863">
<ele>491.6</ele>
<time>2025-03-23T06:27:27Z</time>
</trkpt>
<trkpt lat="24.934984" lon="121.757938">
<ele>492.1</ele>
<time>2025-03-23T06:27:38Z</time>
</trkpt>
<trkpt lat="24.935062" lon="121.75804">
<ele>495.7</ele>
<time>2025-03-23T06:27:49Z</time>
</trkpt>
<trkpt lat="24.935043" lon="121.757996">
<ele>503.4</ele>
<time>2025-03-23T06:28:00Z</time>
</trkpt>
<trkpt lat="24.934947" lon="121.758027">
<ele>480.2</ele>
<time>2025-03-23T06:28:11Z</time>
</trkpt>
<trkpt lat="24.934945" lon="121.757981">
<ele>482.4</ele>
<time>2025-03-23T06:28:21Z</time>
</trkpt>
<trkpt lat="24.934876" lon="121.757942">
<ele>479.1</ele>
<time>2025-03-23T06:28:32Z</time>
</trkpt>
<trkpt lat="24.935034" lon="121.758033">
<ele>514.1</ele>
<time>2025-03-23T06:28:43Z</time>
</trkpt>
<trkpt lat="24.934932" lon="121.757982">
<ele>501.4</ele>
<time>2025-03-23T06:28:54Z</time>
</trkpt>
<trkpt lat="24.934843" lon="121.757885">
<ele>493.7</ele>
<time>2025-03-23T06:29:04Z</time>
</trkpt>
<trkpt lat="24.934839" lon="121.758033">
<ele>482.1</ele>
<time>2025-03-23T06:29:15Z</time>
</trkpt>
<trkpt lat="24.934861" lon="121.758003">
<ele>496.1</ele>
<time>2025-03-23T06:29:26Z</time>
</trkpt>
<trkpt lat="24.934834" lon="121.758043">
<ele>488.1</ele>
<time>2025-03-23T06:29:37Z</time>
</trkpt>
<trkpt lat="24.934742" lon="121.758054">
<ele>482.3</ele>
<time>2025-03-23T06:29:48Z</time>
</trkpt>
<trkpt lat="24.934966" lon="121.75803">
<ele>505.7</ele>
<time>2025-03-23T06:29:59Z</time>
</trkpt>
<trkpt lat="24.934795" lon="121.758083">
<ele>513.1</ele>
<time>2025-03-23T06:30:11Z</time>
</trkpt>
<trkpt lat="24.934771" lon="121.758155">
<ele>489.9</ele>
<time>2025-03-23T06:30:21Z</time>
</trkpt>
<trkpt lat="24.934816" lon="121.758277">
<ele>460.6</ele>
<time>2025-03-23T06:30:32Z</time>
</trkpt>
<trkpt lat="24.9347" lon="121.758172">
<ele>478.4</ele>
<time>2025-03-23T06:30:43Z</time>
</trkpt>
<trkpt lat="24.934667" lon="121.758177">
<ele>483.6</ele>
<time>2025-03-23T06:30:54Z</time>
</trkpt>
<trkpt lat="24.934651" lon="121.758225">
<ele>478.1</ele>
<time>2025-03-23T06:31:04Z</time>
</trkpt>
<trkpt lat="24.934639" lon="121.758195">
<ele>481.4</ele>
<time>2025-03-23T06:31:15Z</time>
</trkpt>
<trkpt lat="24.934652" lon="121.758222">
<ele>476.9</ele>
<time>2025-03-23T06:31:26Z</time>
</trkpt>
<trkpt lat="24.93461" lon="121.758157">
<ele>480.4</ele>
<time>2025-03-23T06:31:37Z</time>
</trkpt>
<trkpt lat="24.934654" lon="121.758224">
<ele>492.1</ele>
<time>2025-03-23T06:31:48Z</time>
</trkpt>
<trkpt lat="24.934614" lon="121.758251">
<ele>493</ele>
<time>2025-03-23T06:31:59Z</time>
</trkpt>
<trkpt lat="24.934597" lon="121.75837">
<ele>488.5</ele>
<time>2025-03-23T06:32:10Z</time>
</trkpt>
<trkpt lat="24.934611" lon="121.758429">
<ele>488.4</ele>
<time>2025-03-23T06:32:21Z</time>
</trkpt>
<trkpt lat="24.93457" lon="121.758399">
<ele>483.5</ele>
<time>2025-03-23T06:32:31Z</time>
</trkpt>
<trkpt lat="24.934567" lon="121.758461">
<ele>483.1</ele>
<time>2025-03-23T06:32:42Z</time>
</trkpt>
<trkpt lat="24.934561" lon="121.75841">
<ele>486.6</ele>
<time>2025-03-23T06:32:53Z</time>
</trkpt>
<trkpt lat="24.934552" lon="121.75841">
<ele>496.8</ele>
<time>2025-03-23T06:33:04Z</time>
</trkpt>
<trkpt lat="24.934521" lon="121.758429">
<ele>500.7</ele>
<time>2025-03-23T06:33:15Z</time>
</trkpt>
<trkpt lat="24.934493" lon="121.758431">
<ele>491.3</ele>
<time>2025-03-23T06:33:25Z</time>
</trkpt>
<trkpt lat="24.934508" lon="121.758438">
<ele>491</ele>
<time>2025-03-23T06:33:36Z</time>
</trkpt>
<trkpt lat="24.934496" lon="121.758447">
<ele>485.9</ele>
<time>2025-03-23T06:33:47Z</time>
</trkpt>
<trkpt lat="24.934485" lon="121.758428">
<ele>488</ele>
<time>2025-03-23T06:33:58Z</time>
</trkpt>
<trkpt lat="24.934468" lon="121.758442">
<ele>482.6</ele>
<time>2025-03-23T06:34:09Z</time>
</trkpt>
<trkpt lat="24.934491" lon="121.758445">
<ele>496.6</ele>
<time>2025-03-23T06:34:20Z</time>
</trkpt>
<trkpt lat="24.934477" lon="121.75842">
<ele>507.1</ele>
<time>2025-03-23T06:34:31Z</time>
</trkpt>
<trkpt lat="24.934449" lon="121.758482">
<ele>494.7</ele>
<time>2025-03-23T06:34:42Z</time>
</trkpt>
<trkpt lat="24.934419" lon="121.758504">
<ele>497.1</ele>
<time>2025-03-23T06:34:53Z</time>
</trkpt>
<trkpt lat="24.934399" lon="121.758509">
<ele>484</ele>
<time>2025-03-23T06:35:04Z</time>
</trkpt>
<trkpt lat="24.934407" lon="121.758474">
<ele>490.8</ele>
<time>2025-03-23T06:35:15Z</time>
</trkpt>
<trkpt lat="24.934349" lon="121.758483">
<ele>473.7</ele>
<time>2025-03-23T06:35:25Z</time>
</trkpt>
<trkpt lat="24.934386" lon="121.758445">
<ele>479.5</ele>
<time>2025-03-23T06:35:36Z</time>
</trkpt>
<trkpt lat="24.934374" lon="121.75843">
<ele>489.3</ele>
<time>2025-03-23T06:35:47Z</time>
</trkpt>
<trkpt lat="24.934389" lon="121.758442">
<ele>497.6</ele>
<time>2025-03-23T06:35:58Z</time>
</trkpt>
<trkpt lat="24.934374" lon="121.758448">
<ele>493</ele>
<time>2025-03-23T06:36:09Z</time>
</trkpt>
<trkpt lat="24.934364" lon="121.758435">
<ele>491.8</ele>
<time>2025-03-23T06:36:20Z</time>
</trkpt>
<trkpt lat="24.934342" lon="121.758476">
<ele>486.8</ele>
<time>2025-03-23T06:36:31Z</time>
</trkpt>
<trkpt lat="24.934356" lon="121.758452">
<ele>491.3</ele>
<time>2025-03-23T06:36:41Z</time>
</trkpt>
<trkpt lat="24.93432" lon="121.758459">
<ele>495.3</ele>
<time>2025-03-23T06:36:52Z</time>
</trkpt>
<trkpt lat="24.934297" lon="121.758487">
<ele>494.6</ele>
<time>2025-03-23T06:37:03Z</time>
</trkpt>
<trkpt lat="24.934297" lon="121.758514">
<ele>484.7</ele>
<time>2025-03-23T06:37:14Z</time>
</trkpt>
<trkpt lat="24.934293" lon="121.758572">
<ele>501.4</ele>
<time>2025-03-23T06:37:25Z</time>
</trkpt>
<trkpt lat="24.934279" lon="121.758551">
<ele>506.7</ele>
<time>2025-03-23T06:37:35Z</time>
</trkpt>
<trkpt lat="24.934262" lon="121.758588">
<ele>508.4</ele>
<time>2025-03-23T06:37:46Z</time>
</trkpt>
<trkpt lat="24.934248" lon="121.75858">
<ele>490.4</ele>
<time>2025-03-23T06:37:57Z</time>
</trkpt>
<trkpt lat="24.934257" lon="121.758622">
<ele>482.6</ele>
<time>2025-03-23T06:38:08Z</time>
</trkpt>
<trkpt lat="24.934232" lon="121.758616">
<ele>489.3</ele>
<time>2025-03-23T06:38:19Z</time>
</trkpt>
<trkpt lat="24.934224" lon="121.758623">
<ele>496.6</ele>
<time>2025-03-23T06:38:30Z</time>
</trkpt>
<trkpt lat="24.934215" lon="121.758606">
<ele>491</ele>
<time>2025-03-23T06:38:41Z</time>
</trkpt>
<trkpt lat="24.934246" lon="121.7585">
<ele>495.4</ele>
<time>2025-03-23T06:38:52Z</time>
</trkpt>
<trkpt lat="24.934188" lon="121.758548">
<ele>486.5</ele>
<time>2025-03-23T06:39:03Z</time>
</trkpt>
<trkpt lat="24.93419" lon="121.758511">
<ele>495.9</ele>
<time>2025-03-23T06:39:14Z</time>
</trkpt>
<trkpt lat="24.934193" lon="121.758501">
<ele>505.6</ele>
<time>2025-03-23T06:39:25Z</time>
</trkpt>
<trkpt lat="24.934163" lon="121.758549">
<ele>501.9</ele>
<time>2025-03-23T06:39:36Z</time>
</trkpt>
<trkpt lat="24.934155" lon="121.758541">
<ele>500.5</ele>
<time>2025-03-23T06:39:47Z</time>
</trkpt>
<trkpt lat="24.934141" lon="121.758518">
<ele>498</ele>
<time>2025-03-23T06:39:58Z</time>
</trkpt>
<trkpt lat="24.934108" lon="121.758556">
<ele>493.3</ele>
<time>2025-03-23T06:40:09Z</time>
</trkpt>
<trkpt lat="24.934046" lon="121.758585">
<ele>491.7</ele>
<time>2025-03-23T06:40:20Z</time>
</trkpt>
<trkpt lat="24.933999" lon="121.758582">
<ele>498.6</ele>
<time>2025-03-23T06:40:31Z</time>
</trkpt>
<trkpt lat="24.934052" lon="121.758588">
<ele>500.7</ele>
<time>2025-03-23T06:40:42Z</time>
</trkpt>
<trkpt lat="24.934002" lon="121.758636">
<ele>493.4</ele>
<time>2025-03-23T06:40:53Z</time>
</trkpt>
<trkpt lat="24.933997" lon="121.758693">
<ele>500.9</ele>
<time>2025-03-23T06:41:04Z</time>
</trkpt>
<trkpt lat="24.933923" lon="121.758686">
<ele>503.3</ele>
<time>2025-03-23T06:41:15Z</time>
</trkpt>
<trkpt lat="24.933894" lon="121.758691">
<ele>500.2</ele>
<time>2025-03-23T06:41:26Z</time>
</trkpt>
<trkpt lat="24.933871" lon="121.758703">
<ele>501.1</ele>
<time>2025-03-23T06:41:36Z</time>
</trkpt>
<trkpt lat="24.933889" lon="121.758724">
<ele>501.2</ele>
<time>2025-03-23T06:41:47Z</time>
</trkpt>
<trkpt lat="24.933853" lon="121.758697">
<ele>497.7</ele>
<time>2025-03-23T06:41:58Z</time>
</trkpt>
<trkpt lat="24.93386" lon="121.758704">
<ele>502.9</ele>
<time>2025-03-23T06:42:09Z</time>
</trkpt>
<trkpt lat="24.933852" lon="121.758679">
<ele>501.9</ele>
<time>2025-03-23T06:42:20Z</time>
</trkpt>
<trkpt lat="24.933834" lon="121.758657">
<ele>532</ele>
<time>2025-03-23T06:42:33Z</time>
</trkpt>
<trkpt lat="24.933819" lon="121.758656">
<ele>515</ele>
<time>2025-03-23T06:42:44Z</time>
</trkpt>
<trkpt lat="24.933837" lon="121.758615">
<ele>514.9</ele>
<time>2025-03-23T06:42:55Z</time>
</trkpt>
<trkpt lat="24.933824" lon="121.758617">
<ele>522.2</ele>
<time>2025-03-23T06:43:05Z</time>
</trkpt>
<trkpt lat="24.933892" lon="121.758741">
<ele>516.4</ele>
<time>2025-03-23T06:43:15Z</time>
</trkpt>
<trkpt lat="24.933831" lon="121.758818">
<ele>480.1</ele>
<time>2025-03-23T06:43:25Z</time>
</trkpt>
<trkpt lat="24.933783" lon="121.758832">
<ele>491.5</ele>
<time>2025-03-23T06:43:36Z</time>
</trkpt>
<trkpt lat="24.933814" lon="121.758755">
<ele>511.7</ele>
<time>2025-03-23T06:43:47Z</time>
</trkpt>
<trkpt lat="24.933784" lon="121.75877">
<ele>504.8</ele>
<time>2025-03-23T06:43:58Z</time>
</trkpt>
<trkpt lat="24.933731" lon="121.758879">
<ele>501.8</ele>
<time>2025-03-23T06:44:09Z</time>
</trkpt>
<trkpt lat="24.933706" lon="121.75878">
<ele>507.5</ele>
<time>2025-03-23T06:44:20Z</time>
</trkpt>
<trkpt lat="24.933741" lon="121.758843">
<ele>508.4</ele>
<time>2025-03-23T06:44:31Z</time>
</trkpt>
<trkpt lat="24.933764" lon="121.758932">
<ele>500.6</ele>
<time>2025-03-23T06:44:42Z</time>
</trkpt>
<trkpt lat="24.933748" lon="121.758903">
<ele>513.5</ele>
<time>2025-03-23T06:44:53Z</time>
</trkpt>
<trkpt lat="24.933783" lon="121.758906">
<ele>517.2</ele>
<time>2025-03-23T06:45:03Z</time>
</trkpt>
<trkpt lat="24.933747" lon="121.758966">
<ele>523.6</ele>
<time>2025-03-23T06:45:14Z</time>
</trkpt>
<trkpt lat="24.933731" lon="121.758984">
<ele>516.5</ele>
<time>2025-03-23T06:45:25Z</time>
</trkpt>
<trkpt lat="24.933728" lon="121.759007">
<ele>506</ele>
<time>2025-03-23T06:45:36Z</time>
</trkpt>
<trkpt lat="24.933757" lon="121.75902">
<ele>504</ele>
<time>2025-03-23T06:45:47Z</time>
</trkpt>
<trkpt lat="24.933751" lon="121.759042">
<ele>513.2</ele>
<time>2025-03-23T06:45:58Z</time>
</trkpt>
<trkpt lat="24.933653" lon="121.758999">
<ele>516.7</ele>
<time>2025-03-23T06:46:09Z</time>
</trkpt>
<trkpt lat="24.933701" lon="121.759009">
<ele>514.1</ele>
<time>2025-03-23T06:46:20Z</time>
</trkpt>
<trkpt lat="24.933676" lon="121.758962">
<ele>504.8</ele>
<time>2025-03-23T06:46:31Z</time>
</trkpt>
<trkpt lat="24.933699" lon="121.758979">
<ele>508.4</ele>
<time>2025-03-23T06:46:43Z</time>
</trkpt>
<trkpt lat="24.933716" lon="121.758958">
<ele>516.9</ele>
<time>2025-03-23T06:46:53Z</time>
</trkpt>
<trkpt lat="24.933653" lon="121.758901">
<ele>503.4</ele>
<time>2025-03-23T06:47:04Z</time>
</trkpt>
<trkpt lat="24.933636" lon="121.758896">
<ele>503.5</ele>
<time>2025-03-23T06:47:15Z</time>
</trkpt>
<trkpt lat="24.93361" lon="121.758963">
<ele>501.6</ele>
<time>2025-03-23T06:47:26Z</time>
</trkpt>
<trkpt lat="24.933621" lon="121.758978">
<ele>499.5</ele>
<time>2025-03-23T06:47:37Z</time>
</trkpt>
<trkpt lat="24.933607" lon="121.759077">
<ele>504.6</ele>
<time>2025-03-23T06:47:48Z</time>
</trkpt>
<trkpt lat="24.933594" lon="121.759076">
<ele>507.4</ele>
<time>2025-03-23T06:48:00Z</time>
</trkpt>
<trkpt lat="24.93355" lon="121.759158">
<ele>513.4</ele>
<time>2025-03-23T06:48:11Z</time>
</trkpt>
<trkpt lat="24.933565" lon="121.759197">
<ele>511.8</ele>
<time>2025-03-23T06:48:22Z</time>
</trkpt>
<trkpt lat="24.933538" lon="121.759186">
<ele>523.5</ele>
<time>2025-03-23T06:48:33Z</time>
</trkpt>
<trkpt lat="24.933537" lon="121.759208">
<ele>519.6</ele>
<time>2025-03-23T06:48:43Z</time>
</trkpt>
<trkpt lat="24.93353" lon="121.759227">
<ele>507.5</ele>
<time>2025-03-23T06:48:54Z</time>
</trkpt>
<trkpt lat="24.933507" lon="121.759174">
<ele>494.2</ele>
<time>2025-03-23T06:49:05Z</time>
</trkpt>
<trkpt lat="24.933488" lon="121.759227">
<ele>498.6</ele>
<time>2025-03-23T06:49:16Z</time>
</trkpt>
<trkpt lat="24.933453" lon="121.759263">
<ele>521.1</ele>
<time>2025-03-23T06:49:27Z</time>
</trkpt>
<trkpt lat="24.93344" lon="121.759163">
<ele>527.5</ele>
<time>2025-03-23T06:49:38Z</time>
</trkpt>
<trkpt lat="24.933413" lon="121.75936">
<ele>489.1</ele>
<time>2025-03-23T06:49:49Z</time>
</trkpt>
<trkpt lat="24.933429" lon="121.759388">
<ele>512.3</ele>
<time>2025-03-23T06:50:00Z</time>
</trkpt>
<trkpt lat="24.933389" lon="121.759249">
<ele>537.1</ele>
<time>2025-03-23T06:50:11Z</time>
</trkpt>
<trkpt lat="24.933367" lon="121.759309">
<ele>515.9</ele>
<time>2025-03-23T06:50:22Z</time>
</trkpt>
<trkpt lat="24.933356" lon="121.759304">
<ele>519.3</ele>
<time>2025-03-23T06:50:33Z</time>
</trkpt>
<trkpt lat="24.933353" lon="121.759271">
<ele>513.8</ele>
<time>2025-03-23T06:50:44Z</time>
</trkpt>
<trkpt lat="24.933378" lon="121.759306">
<ele>516.6</ele>
<time>2025-03-23T06:50:55Z</time>
</trkpt>
<trkpt lat="24.933395" lon="121.759326">
<ele>511.2</ele>
<time>2025-03-23T06:51:06Z</time>
</trkpt>
<trkpt lat="24.933412" lon="121.759324">
<ele>515.9</ele>
<time>2025-03-23T06:51:17Z</time>
</trkpt>
<trkpt lat="24.933374" lon="121.759343">
<ele>510.2</ele>
<time>2025-03-23T06:51:28Z</time>
</trkpt>
<trkpt lat="24.93333" lon="121.759293">
<ele>517.8</ele>
<time>2025-03-23T06:51:39Z</time>
</trkpt>
<trkpt lat="24.933294" lon="121.759262">
<ele>523.4</ele>
<time>2025-03-23T06:51:50Z</time>
</trkpt>
<trkpt lat="24.933308" lon="121.759278">
<ele>523.1</ele>
<time>2025-03-23T06:52:01Z</time>
</trkpt>
<trkpt lat="24.933278" lon="121.759279">
<ele>516.8</ele>
<time>2025-03-23T06:52:12Z</time>
</trkpt>
<trkpt lat="24.933257" lon="121.759252">
<ele>519.9</ele>
<time>2025-03-23T06:52:22Z</time>
</trkpt>
<trkpt lat="24.933215" lon="121.759275">
<ele>524.5</ele>
<time>2025-03-23T06:52:33Z</time>
</trkpt>
<trkpt lat="24.933197" lon="121.759257">
<ele>539</ele>
<time>2025-03-23T06:52:44Z</time>
</trkpt>
<trkpt lat="24.933136" lon="121.759307">
<ele>518.9</ele>
<time>2025-03-23T06:52:55Z</time>
</trkpt>
<trkpt lat="24.93317" lon="121.759304">
<ele>523.4</ele>
<time>2025-03-23T06:53:06Z</time>
</trkpt>
<trkpt lat="24.933155" lon="121.759283">
<ele>521</ele>
<time>2025-03-23T06:53:17Z</time>
</trkpt>
<trkpt lat="24.93311" lon="121.759292">
<ele>526.2</ele>
<time>2025-03-23T06:53:28Z</time>
</trkpt>
<trkpt lat="24.933118" lon="121.75932">
<ele>526.3</ele>
<time>2025-03-23T06:53:39Z</time>
</trkpt>
<trkpt lat="24.933166" lon="121.759277">
<ele>530.5</ele>
<time>2025-03-23T06:53:50Z</time>
</trkpt>
<trkpt lat="24.933144" lon="121.75928">
<ele>514.2</ele>
<time>2025-03-23T06:54:01Z</time>
</trkpt>
<trkpt lat="24.933164" lon="121.759281">
<ele>521.4</ele>
<time>2025-03-23T06:54:12Z</time>
</trkpt>
<trkpt lat="24.933115" lon="121.759322">
<ele>517.7</ele>
<time>2025-03-23T06:54:22Z</time>
</trkpt>
<trkpt lat="24.933111" lon="121.759269">
<ele>516.3</ele>
<time>2025-03-23T06:54:33Z</time>
</trkpt>
<trkpt lat="24.933078" lon="121.75931">
<ele>524.1</ele>
<time>2025-03-23T06:54:44Z</time>
</trkpt>
<trkpt lat="24.933082" lon="121.759299">
<ele>528.6</ele>
<time>2025-03-23T06:54:55Z</time>
</trkpt>
<trkpt lat="24.93306" lon="121.759314">
<ele>538</ele>
<time>2025-03-23T06:55:06Z</time>
</trkpt>
<trkpt lat="24.933071" lon="121.759302">
<ele>532.7</ele>
<time>2025-03-23T06:55:19Z</time>
</trkpt>
<trkpt lat="24.9331" lon="121.759318">
<ele>538.9</ele>
<time>2025-03-23T06:55:30Z</time>
</trkpt>
<trkpt lat="24.933086" lon="121.759307">
<ele>544.3</ele>
<time>2025-03-23T06:55:41Z</time>
</trkpt>
<trkpt lat="24.933072" lon="121.759289">
<ele>538.4</ele>
<time>2025-03-23T06:55:52Z</time>
</trkpt>
<trkpt lat="24.933061" lon="121.75929">
<ele>534.4</ele>
<time>2025-03-23T06:56:03Z</time>
</trkpt>
<trkpt lat="24.933013" lon="121.759185">
<ele>514.7</ele>
<time>2025-03-23T06:56:14Z</time>
</trkpt>
<trkpt lat="24.932982" lon="121.759249">
<ele>525.6</ele>
<time>2025-03-23T06:56:24Z</time>
</trkpt>
<trkpt lat="24.932966" lon="121.759187">
<ele>522.7</ele>
<time>2025-03-23T06:56:35Z</time>
</trkpt>
<trkpt lat="24.932975" lon="121.759205">
<ele>523.8</ele>
<time>2025-03-23T06:56:46Z</time>
</trkpt>
<trkpt lat="24.932976" lon="121.759227">
<ele>526.7</ele>
<time>2025-03-23T06:56:57Z</time>
</trkpt>
<trkpt lat="24.932983" lon="121.759172">
<ele>522.2</ele>
<time>2025-03-23T06:57:08Z</time>
</trkpt>
<trkpt lat="24.932944" lon="121.759134">
<ele>510.5</ele>
<time>2025-03-23T06:57:19Z</time>
</trkpt>
<trkpt lat="24.932935" lon="121.759112">
<ele>519.3</ele>
<time>2025-03-23T06:57:30Z</time>
</trkpt>
<trkpt lat="24.932975" lon="121.759164">
<ele>529.7</ele>
<time>2025-03-23T06:57:41Z</time>
</trkpt>
<trkpt lat="24.932928" lon="121.759158">
<ele>530.8</ele>
<time>2025-03-23T06:57:52Z</time>
</trkpt>
<trkpt lat="24.932907" lon="121.759028">
<ele>513.4</ele>
<time>2025-03-23T06:58:03Z</time>
</trkpt>
<trkpt lat="24.932917" lon="121.759074">
<ele>520.9</ele>
<time>2025-03-23T06:58:14Z</time>
</trkpt>
<trkpt lat="24.932898" lon="121.759035">
<ele>522.1</ele>
<time>2025-03-23T06:58:24Z</time>
</trkpt>
<trkpt lat="24.932904" lon="121.759074">
<ele>530.4</ele>
<time>2025-03-23T06:58:35Z</time>
</trkpt>
<trkpt lat="24.932931" lon="121.75905">
<ele>523.7</ele>
<time>2025-03-23T06:58:46Z</time>
</trkpt>
<trkpt lat="24.932867" lon="121.758992">
<ele>532.1</ele>
<time>2025-03-23T06:58:57Z</time>
</trkpt>
<trkpt lat="24.93295" lon="121.75901">
<ele>552.8</ele>
<time>2025-03-23T06:59:08Z</time>
</trkpt>
<trkpt lat="24.932876" lon="121.75904">
<ele>554.8</ele>
<time>2025-03-23T06:59:19Z</time>
</trkpt>
<trkpt lat="24.93284" lon="121.759093">
<ele>544.9</ele>
<time>2025-03-23T06:59:30Z</time>
</trkpt>
<trkpt lat="24.932853" lon="121.759033">
<ele>536.3</ele>
<time>2025-03-23T06:59:41Z</time>
</trkpt>
<trkpt lat="24.932847" lon="121.759072">
<ele>538.8</ele>
<time>2025-03-23T06:59:52Z</time>
</trkpt>
<trkpt lat="24.932785" lon="121.759104">
<ele>535.9</ele>
<time>2025-03-23T07:00:03Z</time>
</trkpt>
<trkpt lat="24.932752" lon="121.75907">
<ele>537.3</ele>
<time>2025-03-23T07:00:14Z</time>
</trkpt>
<trkpt lat="24.932733" lon="121.75906">
<ele>538.6</ele>
<time>2025-03-23T07:00:24Z</time>
</trkpt>
<trkpt lat="24.932693" lon="121.759058">
<ele>532.1</ele>
<time>2025-03-23T07:00:35Z</time>
</trkpt>
<trkpt lat="24.932714" lon="121.758998">
<ele>546.9</ele>
<time>2025-03-23T07:00:46Z</time>
</trkpt>
<trkpt lat="24.932657" lon="121.758968">
<ele>534.3</ele>
<time>2025-03-23T07:00:57Z</time>
</trkpt>
<trkpt lat="24.932623" lon="121.758931">
<ele>543.6</ele>
<time>2025-03-23T07:01:08Z</time>
</trkpt>
<trkpt lat="24.932608" lon="121.758923">
<ele>542.9</ele>
<time>2025-03-23T07:01:19Z</time>
</trkpt>
<trkpt lat="24.932617" lon="121.758928">
<ele>541.7</ele>
<time>2025-03-23T07:01:31Z</time>
</trkpt>
<trkpt lat="24.932574" lon="121.758926">
<ele>534.8</ele>
<time>2025-03-23T07:01:42Z</time>
</trkpt>
<trkpt lat="24.932559" lon="121.758934">
<ele>538.9</ele>
<time>2025-03-23T07:01:52Z</time>
</trkpt>
<trkpt lat="24.932545" lon="121.75888">
<ele>535.6</ele>
<time>2025-03-23T07:02:03Z</time>
</trkpt>
<trkpt lat="24.93253" lon="121.758914">
<ele>542.3</ele>
<time>2025-03-23T07:02:14Z</time>
</trkpt>
<trkpt lat="24.932516" lon="121.75893">
<ele>548.3</ele>
<time>2025-03-23T07:02:25Z</time>
</trkpt>
<trkpt lat="24.932506" lon="121.758941">
<ele>556</ele>
<time>2025-03-23T07:02:35Z</time>
</trkpt>
<trkpt lat="24.932484" lon="121.758964">
<ele>550.4</ele>
<time>2025-03-23T07:02:46Z</time>
</trkpt>
<trkpt lat="24.932449" lon="121.75895">
<ele>549.4</ele>
<time>2025-03-23T07:02:57Z</time>
</trkpt>
<trkpt lat="24.932413" lon="121.758901">
<ele>562.7</ele>
<time>2025-03-23T07:03:08Z</time>
</trkpt>
<trkpt lat="24.932403" lon="121.758924">
<ele>562.1</ele>
<time>2025-03-23T07:03:19Z</time>
</trkpt>
<trkpt lat="24.932392" lon="121.758922">
<ele>557.7</ele>
<time>2025-03-23T07:03:31Z</time>
</trkpt>
<trkpt lat="24.932413" lon="121.7589">
<ele>547.4</ele>
<time>2025-03-23T07:03:42Z</time>
</trkpt>
<trkpt lat="24.932418" lon="121.758864">
<ele>564</ele>
<time>2025-03-23T07:03:53Z</time>
</trkpt>
<trkpt lat="24.932431" lon="121.758947">
<ele>556.1</ele>
<time>2025-03-23T07:04:04Z</time>
</trkpt>
<trkpt lat="24.932435" lon="121.758874">
<ele>553.7</ele>
<time>2025-03-23T07:04:15Z</time>
</trkpt>
<trkpt lat="24.932478" lon="121.758933">
<ele>555.9</ele>
<time>2025-03-23T07:04:26Z</time>
</trkpt>
<trkpt lat="24.932437" lon="121.758926">
<ele>565.3</ele>
<time>2025-03-23T07:04:36Z</time>
</trkpt>
<trkpt lat="24.932449" lon="121.758965">
<ele>559.8</ele>
<time>2025-03-23T07:04:47Z</time>
</trkpt>
<trkpt lat="24.932394" lon="121.758922">
<ele>549.8</ele>
<time>2025-03-23T07:04:58Z</time>
</trkpt>
<trkpt lat="24.932361" lon="121.75892">
<ele>558.2</ele>
<time>2025-03-23T07:05:09Z</time>
</trkpt>
<trkpt lat="24.93236" lon="121.759018">
<ele>557.8</ele>
<time>2025-03-23T07:05:20Z</time>
</trkpt>
<trkpt lat="24.932347" lon="121.758868">
<ele>552.1</ele>
<time>2025-03-23T07:05:31Z</time>
</trkpt>
<trkpt lat="24.932266" lon="121.758832">
<ele>552.6</ele>
<time>2025-03-23T07:05:42Z</time>
</trkpt>
<trkpt lat="24.932261" lon="121.758821">
<ele>559.8</ele>
<time>2025-03-23T07:05:53Z</time>
</trkpt>
<trkpt lat="24.932221" lon="121.758848">
<ele>576.8</ele>
<time>2025-03-23T07:06:03Z</time>
</trkpt>
<trkpt lat="24.932179" lon="121.758764">
<ele>563.5</ele>
<time>2025-03-23T07:06:13Z</time>
</trkpt>
<trkpt lat="24.932176" lon="121.758718">
<ele>563.4</ele>
<time>2025-03-23T07:06:24Z</time>
</trkpt>
<trkpt lat="24.932143" lon="121.758705">
<ele>562.5</ele>
<time>2025-03-23T07:06:34Z</time>
</trkpt>
<trkpt lat="24.932149" lon="121.758774">
<ele>573.3</ele>
<time>2025-03-23T07:06:45Z</time>
</trkpt>
<trkpt lat="24.932085" lon="121.758759">
<ele>567</ele>
<time>2025-03-23T07:06:56Z</time>
</trkpt>
<trkpt lat="24.932094" lon="121.758814">
<ele>568.8</ele>
<time>2025-03-23T07:07:07Z</time>
</trkpt>
<trkpt lat="24.932107" lon="121.758817">
<ele>559.1</ele>
<time>2025-03-23T07:07:18Z</time>
</trkpt>
<trkpt lat="24.9321" lon="121.758825">
<ele>559.6</ele>
<time>2025-03-23T07:07:29Z</time>
</trkpt>
<trkpt lat="24.932114" lon="121.758823">
<ele>559.5</ele>
<time>2025-03-23T07:07:45Z</time>
</trkpt>
<trkpt lat="24.932114" lon="121.758835">
<ele>561.2</ele>
<time>2025-03-23T07:07:58Z</time>
</trkpt>
<trkpt lat="24.932118" lon="121.758874">
<ele>576.5</ele>
<time>2025-03-23T07:08:08Z</time>
</trkpt>
<trkpt lat="24.932084" lon="121.758687">
<ele>552.4</ele>
<time>2025-03-23T07:08:18Z</time>
</trkpt>
<trkpt lat="24.932096" lon="121.758852">
<ele>566.4</ele>
<time>2025-03-23T07:08:28Z</time>
</trkpt>
<trkpt lat="24.932124" lon="121.75881">
<ele>567.9</ele>
<time>2025-03-23T07:08:38Z</time>
</trkpt>
<trkpt lat="24.932071" lon="121.758898">
<ele>565.5</ele>
<time>2025-03-23T07:08:49Z</time>
</trkpt>
<trkpt lat="24.932075" lon="121.758859">
<ele>560.9</ele>
<time>2025-03-23T07:09:00Z</time>
</trkpt>
<trkpt lat="24.932098" lon="121.75884">
<ele>559.6</ele>
<time>2025-03-23T07:09:13Z</time>
</trkpt>
<trkpt lat="24.932101" lon="121.758822">
<ele>557.2</ele>
<time>2025-03-23T07:09:24Z</time>
</trkpt>
<trkpt lat="24.932103" lon="121.758781">
<ele>551.5</ele>
<time>2025-03-23T07:09:41Z</time>
</trkpt>
<trkpt lat="24.932125" lon="121.758777">
<ele>556</ele>
<time>2025-03-23T07:09:52Z</time>
</trkpt>
<trkpt lat="24.932107" lon="121.758807">
<ele>565.9</ele>
<time>2025-03-23T07:10:03Z</time>
</trkpt>
<trkpt lat="24.932101" lon="121.758823">
<ele>564.9</ele>
<time>2025-03-23T07:10:14Z</time>
</trkpt>
<trkpt lat="24.932099" lon="121.758859">
<ele>562</ele>
<time>2025-03-23T07:10:24Z</time>
</trkpt>
<trkpt lat="24.932053" lon="121.758855">
<ele>561.4</ele>
<time>2025-03-23T07:10:43Z</time>
</trkpt>
<trkpt lat="24.932091" lon="121.758862">
<ele>563.8</ele>
<time>2025-03-23T07:12:02Z</time>
</trkpt>
<trkpt lat="24.932051" lon="121.758806">
<ele>565.1</ele>
<time>2025-03-23T07:12:30Z</time>
</trkpt>
<trkpt lat="24.932116" lon="121.75878">
<ele>567.5</ele>
<time>2025-03-23T07:12:54Z</time>
</trkpt>
<trkpt lat="24.93212" lon="121.758813">
<ele>561.1</ele>
<time>2025-03-23T07:13:25Z</time>
</trkpt>
<trkpt lat="24.932129" lon="121.758816">
<ele>567.8</ele>
<time>2025-03-23T07:13:36Z</time>
</trkpt>
<trkpt lat="24.932081" lon="121.75882">
<ele>572.9</ele>
<time>2025-03-23T07:13:47Z</time>
</trkpt>
<trkpt lat="24.932049" lon="121.758748">
<ele>562.4</ele>
<time>2025-03-23T07:13:58Z</time>
</trkpt>
<trkpt lat="24.932099" lon="121.75872">
<ele>562.2</ele>
<time>2025-03-23T07:14:09Z</time>
</trkpt>
<trkpt lat="24.932126" lon="121.758836">
<ele>564.8</ele>
<time>2025-03-23T07:14:19Z</time>
</trkpt>
<trkpt lat="24.932106" lon="121.758892">
<ele>556.8</ele>
<time>2025-03-23T07:14:30Z</time>
</trkpt>
<trkpt lat="24.932081" lon="121.75886">
<ele>559.3</ele>
<time>2025-03-23T07:14:41Z</time>
</trkpt>
<trkpt lat="24.932075" lon="121.758827">
<ele>560.5</ele>
<time>2025-03-23T07:14:52Z</time>
</trkpt>
<trkpt lat="24.932119" lon="121.758756">
<ele>564.8</ele>
<time>2025-03-23T07:15:07Z</time>
</trkpt>
<trkpt lat="24.932092" lon="121.758728">
<ele>565.4</ele>
<time>2025-03-23T07:15:18Z</time>
</trkpt>
<trkpt lat="24.932136" lon="121.758755">
<ele>566</ele>
<time>2025-03-23T07:16:26Z</time>
</trkpt>
<trkpt lat="24.932103" lon="121.758728">
<ele>568.8</ele>
<time>2025-03-23T07:16:37Z</time>
</trkpt>
<trkpt lat="24.932118" lon="121.758778">
<ele>570.4</ele>
<time>2025-03-23T07:16:48Z</time>
</trkpt>
<trkpt lat="24.932139" lon="121.75876">
<ele>565.6</ele>
<time>2025-03-23T07:16:59Z</time>
</trkpt>
<trkpt lat="24.932049" lon="121.75872">
<ele>564.5</ele>
<time>2025-03-23T07:17:42Z</time>
</trkpt>
<trkpt lat="24.932049" lon="121.758788">
<ele>562.1</ele>
<time>2025-03-23T07:17:53Z</time>
</trkpt>
<trkpt lat="24.932064" lon="121.758704">
<ele>563.9</ele>
<time>2025-03-23T07:18:04Z</time>
</trkpt>
<trkpt lat="24.932079" lon="121.75875">
<ele>564.5</ele>
<time>2025-03-23T07:18:15Z</time>
</trkpt>
<trkpt lat="24.932084" lon="121.758736">
<ele>564.3</ele>
<time>2025-03-23T07:18:28Z</time>
</trkpt>
<trkpt lat="24.932082" lon="121.758746">
<ele>563.8</ele>
<time>2025-03-23T07:18:41Z</time>
</trkpt>
<trkpt lat="24.932077" lon="121.758767">
<ele>566.5</ele>
<time>2025-03-23T07:18:52Z</time>
</trkpt>
<trkpt lat="24.93207" lon="121.758799">
<ele>565.6</ele>
<time>2025-03-23T07:19:03Z</time>
</trkpt>
<trkpt lat="24.932087" lon="121.758798">
<ele>562.4</ele>
<time>2025-03-23T07:19:34Z</time>
</trkpt>
<trkpt lat="24.932068" lon="121.758778">
<ele>561.8</ele>
<time>2025-03-23T07:19:49Z</time>
</trkpt>
<trkpt lat="24.932061" lon="121.75879">
<ele>563.9</ele>
<time>2025-03-23T07:19:59Z</time>
</trkpt>
<trkpt lat="24.932046" lon="121.758711">
<ele>565.2</ele>
<time>2025-03-23T07:20:10Z</time>
</trkpt>
<trkpt lat="24.932068" lon="121.758707">
<ele>567.1</ele>
<time>2025-03-23T07:20:21Z</time>
</trkpt>
<trkpt lat="24.93205" lon="121.758803">
<ele>574.7</ele>
<time>2025-03-23T07:20:32Z</time>
</trkpt>
<trkpt lat="24.932097" lon="121.758782">
<ele>568.1</ele>
<time>2025-03-23T07:20:43Z</time>
</trkpt>
<trkpt lat="24.932111" lon="121.758797">
<ele>569.8</ele>
<time>2025-03-23T07:20:54Z</time>
</trkpt>
<trkpt lat="24.932097" lon="121.758891">
<ele>583.5</ele>
<time>2025-03-23T07:21:05Z</time>
</trkpt>
<trkpt lat="24.932098" lon="121.758816">
<ele>572.7</ele>
<time>2025-03-23T07:21:16Z</time>
</trkpt>
<trkpt lat="24.93211" lon="121.758787">
<ele>566.7</ele>
<time>2025-03-23T07:21:27Z</time>
</trkpt>
<trkpt lat="24.932035" lon="121.758827">
<ele>574.2</ele>
<time>2025-03-23T07:21:51Z</time>
</trkpt>
<trkpt lat="24.932035" lon="121.758841">
<ele>577.3</ele>
<time>2025-03-23T07:22:02Z</time>
</trkpt>
<trkpt lat="24.932088" lon="121.758818">
<ele>572.4</ele>
<time>2025-03-23T07:22:13Z</time>
</trkpt>
<trkpt lat="24.9321" lon="121.758799">
<ele>563.6</ele>
<time>2025-03-23T07:22:24Z</time>
</trkpt>
<trkpt lat="24.932084" lon="121.758746">
<ele>553</ele>
<time>2025-03-23T07:22:35Z</time>
</trkpt>
<trkpt lat="24.93207" lon="121.758728">
<ele>556.3</ele>
<time>2025-03-23T07:22:46Z</time>
</trkpt>
<trkpt lat="24.932063" lon="121.758649">
<ele>557.1</ele>
<time>2025-03-23T07:22:57Z</time>
</trkpt>
<trkpt lat="24.932074" lon="121.758653">
<ele>564.9</ele>
<time>2025-03-23T07:23:08Z</time>
</trkpt>
<trkpt lat="24.932044" lon="121.758658">
<ele>563.8</ele>
<time>2025-03-23T07:23:19Z</time>
</trkpt>
<trkpt lat="24.932057" lon="121.758716">
<ele>569.7</ele>
<time>2025-03-23T07:23:30Z</time>
</trkpt>
<trkpt lat="24.932088" lon="121.758659">
<ele>573.1</ele>
<time>2025-03-23T07:23:40Z</time>
</trkpt>
<trkpt lat="24.932015" lon="121.758576">
<ele>564.1</ele>
<time>2025-03-23T07:23:51Z</time>
</trkpt>
<trkpt lat="24.931982" lon="121.758537">
<ele>557.3</ele>
<time>2025-03-23T07:24:02Z</time>
</trkpt>
<trkpt lat="24.93198" lon="121.758572">
<ele>559.1</ele>
<time>2025-03-23T07:24:13Z</time>
</trkpt>
<trkpt lat="24.93198" lon="121.758619">
<ele>565.6</ele>
<time>2025-03-23T07:24:24Z</time>
</trkpt>
<trkpt lat="24.931993" lon="121.758585">
<ele>583.1</ele>
<time>2025-03-23T07:24:35Z</time>
</trkpt>
<trkpt lat="24.93196" lon="121.758609">
<ele>580.8</ele>
<time>2025-03-23T07:24:47Z</time>
</trkpt>
<trkpt lat="24.931965" lon="121.758633">
<ele>579.4</ele>
<time>2025-03-23T07:24:57Z</time>
</trkpt>
<trkpt lat="24.931904" lon="121.758497">
<ele>568.1</ele>
<time>2025-03-23T07:25:35Z</time>
</trkpt>
<trkpt lat="24.931953" lon="121.758657">
<ele>559.2</ele>
<time>2025-03-23T07:25:45Z</time>
</trkpt>
<trkpt lat="24.931945" lon="121.75864">
<ele>561.4</ele>
<time>2025-03-23T07:25:56Z</time>
</trkpt>
<trkpt lat="24.931944" lon="121.758629">
<ele>561.2</ele>
<time>2025-03-23T07:26:07Z</time>
</trkpt>
<trkpt lat="24.931967" lon="121.75863">
<ele>566.4</ele>
<time>2025-03-23T07:26:18Z</time>
</trkpt>
<trkpt lat="24.931985" lon="121.758646">
<ele>567.6</ele>
<time>2025-03-23T07:26:29Z</time>
</trkpt>
<trkpt lat="24.932003" lon="121.758647">
<ele>568.7</ele>
<time>2025-03-23T07:26:40Z</time>
</trkpt>
<trkpt lat="24.931996" lon="121.758623">
<ele>571.1</ele>
<time>2025-03-23T07:26:52Z</time>
</trkpt>
<trkpt lat="24.931984" lon="121.758618">
<ele>574.1</ele>
<time>2025-03-23T07:27:02Z</time>
</trkpt>
<trkpt lat="24.93198" lon="121.758607">
<ele>575.3</ele>
<time>2025-03-23T07:27:35Z</time>
</trkpt>
<trkpt lat="24.932005" lon="121.75863">
<ele>570.8</ele>
<time>2025-03-23T07:27:45Z</time>
</trkpt>
<trkpt lat="24.932015" lon="121.758618">
<ele>574.2</ele>
<time>2025-03-23T07:27:56Z</time>
</trkpt>
<trkpt lat="24.932007" lon="121.758602">
<ele>574</ele>
<time>2025-03-23T07:28:07Z</time>
</trkpt>
<trkpt lat="24.93201" lon="121.758588">
<ele>573</ele>
<time>2025-03-23T07:28:22Z</time>
</trkpt>
<trkpt lat="24.931977" lon="121.75862">
<ele>576.5</ele>
<time>2025-03-23T07:28:33Z</time>
</trkpt>
<trkpt lat="24.93196" lon="121.758594">
<ele>573.3</ele>
<time>2025-03-23T07:28:44Z</time>
</trkpt>
<trkpt lat="24.931973" lon="121.758618">
<ele>577.1</ele>
<time>2025-03-23T07:28:55Z</time>
</trkpt>
<trkpt lat="24.931973" lon="121.758656">
<ele>569.9</ele>
<time>2025-03-23T07:29:06Z</time>
</trkpt>
<trkpt lat="24.931998" lon="121.758688">
<ele>574</ele>
<time>2025-03-23T07:29:17Z</time>
</trkpt>
<trkpt lat="24.932013" lon="121.75871">
<ele>560.9</ele>
<time>2025-03-23T07:29:28Z</time>
</trkpt>
<trkpt lat="24.932004" lon="121.758656">
<ele>569.4</ele>
<time>2025-03-23T07:29:42Z</time>
</trkpt>
<trkpt lat="24.931991" lon="121.758676">
<ele>569.2</ele>
<time>2025-03-23T07:29:53Z</time>
</trkpt>
<trkpt lat="24.931986" lon="121.758687">
<ele>569.5</ele>
<time>2025-03-23T07:30:04Z</time>
</trkpt>
<trkpt lat="24.931947" lon="121.758671">
<ele>563.5</ele>
<time>2025-03-23T07:30:15Z</time>
</trkpt>
<trkpt lat="24.931989" lon="121.758669">
<ele>568.5</ele>
<time>2025-03-23T07:30:26Z</time>
</trkpt>
<trkpt lat="24.931991" lon="121.758643">
<ele>567</ele>
<time>2025-03-23T07:31:08Z</time>
</trkpt>
<trkpt lat="24.932016" lon="121.758702">
<ele>568.5</ele>
<time>2025-03-23T07:32:38Z</time>
</trkpt>
<trkpt lat="24.93199" lon="121.758668">
<ele>569.6</ele>
<time>2025-03-23T07:32:49Z</time>
</trkpt>
<trkpt lat="24.931979" lon="121.758703">
<ele>568.3</ele>
<time>2025-03-23T07:33:00Z</time>
</trkpt>
<trkpt lat="24.931953" lon="121.75875">
<ele>568.5</ele>
<time>2025-03-23T07:33:11Z</time>
</trkpt>
<trkpt lat="24.93195" lon="121.758656">
<ele>571.5</ele>
<time>2025-03-23T07:33:50Z</time>
</trkpt>
<trkpt lat="24.932008" lon="121.758678">
<ele>566.7</ele>
<time>2025-03-23T07:34:36Z</time>
</trkpt>
<trkpt lat="24.931988" lon="121.758682">
<ele>566.8</ele>
<time>2025-03-23T07:34:47Z</time>
</trkpt>
<trkpt lat="24.931962" lon="121.758708">
<ele>567.3</ele>
<time>2025-03-23T07:35:25Z</time>
</trkpt>
<trkpt lat="24.931975" lon="121.758682">
<ele>568.8</ele>
<time>2025-03-23T07:35:46Z</time>
</trkpt>
<trkpt lat="24.931956" lon="121.758655">
<ele>571.9</ele>
<time>2025-03-23T07:36:22Z</time>
</trkpt>
<trkpt lat="24.931946" lon="121.758653">
<ele>572.8</ele>
<time>2025-03-23T07:36:33Z</time>
</trkpt>
<trkpt lat="24.931941" lon="121.758639">
<ele>577.3</ele>
<time>2025-03-23T07:36:44Z</time>
</trkpt>
<trkpt lat="24.931929" lon="121.758643">
<ele>575.8</ele>
<time>2025-03-23T07:36:58Z</time>
</trkpt>
<trkpt lat="24.931971" lon="121.75869">
<ele>577.9</ele>
<time>2025-03-23T07:37:09Z</time>
</trkpt>
<trkpt lat="24.931947" lon="121.758665">
<ele>577.8</ele>
<time>2025-03-23T07:37:20Z</time>
</trkpt>
<trkpt lat="24.931942" lon="121.758641">
<ele>577.4</ele>
<time>2025-03-23T07:37:31Z</time>
</trkpt>
<trkpt lat="24.931917" lon="121.758632">
<ele>576.8</ele>
<time>2025-03-23T07:37:42Z</time>
</trkpt>
<trkpt lat="24.931926" lon="121.758679">
<ele>576.2</ele>
<time>2025-03-23T07:37:55Z</time>
</trkpt>
<trkpt lat="24.931921" lon="121.75861">
<ele>574.2</ele>
<time>2025-03-23T07:38:06Z</time>
</trkpt>
<trkpt lat="24.931935" lon="121.758595">
<ele>577.4</ele>
<time>2025-03-23T07:38:43Z</time>
</trkpt>
<trkpt lat="24.931921" lon="121.758585">
<ele>574.6</ele>
<time>2025-03-23T07:38:54Z</time>
</trkpt>
<trkpt lat="24.931916" lon="121.758533">
<ele>576.3</ele>
<time>2025-03-23T07:39:19Z</time>
</trkpt>
<trkpt lat="24.931862" lon="121.758581">
<ele>582.9</ele>
<time>2025-03-23T07:39:30Z</time>
</trkpt>
<trkpt lat="24.931873" lon="121.75859">
<ele>595.7</ele>
<time>2025-03-23T07:39:42Z</time>
</trkpt>
<trkpt lat="24.931917" lon="121.758571">
<ele>596.6</ele>
<time>2025-03-23T07:39:53Z</time>
</trkpt>
<trkpt lat="24.931873" lon="121.758631">
<ele>588.6</ele>
<time>2025-03-23T07:40:04Z</time>
</trkpt>
<trkpt lat="24.931813" lon="121.758641">
<ele>588.7</ele>
<time>2025-03-23T07:40:15Z</time>
</trkpt>
<trkpt lat="24.931794" lon="121.758687">
<ele>573</ele>
<time>2025-03-23T07:40:26Z</time>
</trkpt>
<trkpt lat="24.931777" lon="121.758675">
<ele>578.8</ele>
<time>2025-03-23T07:40:36Z</time>
</trkpt>
<trkpt lat="24.931804" lon="121.758659">
<ele>577</ele>
<time>2025-03-23T07:40:47Z</time>
</trkpt>
<trkpt lat="24.931803" lon="121.758646">
<ele>594.2</ele>
<time>2025-03-23T07:40:58Z</time>
</trkpt>
<trkpt lat="24.931786" lon="121.758628">
<ele>586.1</ele>
<time>2025-03-23T07:41:09Z</time>
</trkpt>
<trkpt lat="24.931749" lon="121.758652">
<ele>588.7</ele>
<time>2025-03-23T07:41:20Z</time>
</trkpt>
<trkpt lat="24.931763" lon="121.758632">
<ele>585.7</ele>
<time>2025-03-23T07:41:32Z</time>
</trkpt>
<trkpt lat="24.931709" lon="121.758617">
<ele>574.6</ele>
<time>2025-03-23T07:41:43Z</time>
</trkpt>
<trkpt lat="24.931686" lon="121.758666">
<ele>581.2</ele>
<time>2025-03-23T07:41:54Z</time>
</trkpt>
<trkpt lat="24.931627" lon="121.758657">
<ele>595.2</ele>
<time>2025-03-23T07:42:05Z</time>
</trkpt>
<trkpt lat="24.931682" lon="121.758643">
<ele>611.8</ele>
<time>2025-03-23T07:42:16Z</time>
</trkpt>
<trkpt lat="24.931621" lon="121.758724">
<ele>610.3</ele>
<time>2025-03-23T07:42:27Z</time>
</trkpt>
<trkpt lat="24.931636" lon="121.758759">
<ele>575.5</ele>
<time>2025-03-23T07:42:37Z</time>
</trkpt>
<trkpt lat="24.931596" lon="121.758718">
<ele>588.9</ele>
<time>2025-03-23T07:42:48Z</time>
</trkpt>
<trkpt lat="24.931637" lon="121.758741">
<ele>562.8</ele>
<time>2025-03-23T07:42:59Z</time>
</trkpt>
<trkpt lat="24.931607" lon="121.758672">
<ele>578</ele>
<time>2025-03-23T07:43:10Z</time>
</trkpt>
<trkpt lat="24.931577" lon="121.758656">
<ele>583.7</ele>
<time>2025-03-23T07:43:21Z</time>
</trkpt>
<trkpt lat="24.931522" lon="121.75863">
<ele>586.4</ele>
<time>2025-03-23T07:43:32Z</time>
</trkpt>
<trkpt lat="24.93153" lon="121.758701">
<ele>588.4</ele>
<time>2025-03-23T07:43:43Z</time>
</trkpt>
<trkpt lat="24.931544" lon="121.75863">
<ele>583.5</ele>
<time>2025-03-23T07:43:54Z</time>
</trkpt>
<trkpt lat="24.931506" lon="121.758643">
<ele>584.3</ele>
<time>2025-03-23T07:44:05Z</time>
</trkpt>
<trkpt lat="24.931514" lon="121.758601">
<ele>606.7</ele>
<time>2025-03-23T07:44:16Z</time>
</trkpt>
<trkpt lat="24.931494" lon="121.758638">
<ele>598.8</ele>
<time>2025-03-23T07:44:27Z</time>
</trkpt>
<trkpt lat="24.931437" lon="121.758611">
<ele>588.7</ele>
<time>2025-03-23T07:44:37Z</time>
</trkpt>
<trkpt lat="24.931499" lon="121.758565">
<ele>601</ele>
<time>2025-03-23T07:44:48Z</time>
</trkpt>
<trkpt lat="24.931443" lon="121.758575">
<ele>592.5</ele>
<time>2025-03-23T07:44:59Z</time>
</trkpt>
<trkpt lat="24.931451" lon="121.758645">
<ele>573</ele>
<time>2025-03-23T07:45:10Z</time>
</trkpt>
<trkpt lat="24.931411" lon="121.758651">
<ele>571.4</ele>
<time>2025-03-23T07:45:21Z</time>
</trkpt>
<trkpt lat="24.931413" lon="121.758608">
<ele>583.6</ele>
<time>2025-03-23T07:45:32Z</time>
</trkpt>
<trkpt lat="24.931372" lon="121.758608">
<ele>594.6</ele>
<time>2025-03-23T07:45:43Z</time>
</trkpt>
<trkpt lat="24.931352" lon="121.758608">
<ele>603.6</ele>
<time>2025-03-23T07:45:54Z</time>
</trkpt>
<trkpt lat="24.931337" lon="121.758592">
<ele>612.4</ele>
<time>2025-03-23T07:46:05Z</time>
</trkpt>
<trkpt lat="24.931322" lon="121.758586">
<ele>593.2</ele>
<time>2025-03-23T07:46:16Z</time>
</trkpt>
<trkpt lat="24.931326" lon="121.758565">
<ele>590.3</ele>
<time>2025-03-23T07:46:27Z</time>
</trkpt>
<trkpt lat="24.93127" lon="121.758603">
<ele>583.9</ele>
<time>2025-03-23T07:46:37Z</time>
</trkpt>
<trkpt lat="24.931249" lon="121.758594">
<ele>599</ele>
<time>2025-03-23T07:46:48Z</time>
</trkpt>
<trkpt lat="24.931205" lon="121.758571">
<ele>588.3</ele>
<time>2025-03-23T07:46:59Z</time>
</trkpt>
<trkpt lat="24.931228" lon="121.75855">
<ele>589</ele>
<time>2025-03-23T07:47:10Z</time>
</trkpt>
<trkpt lat="24.931204" lon="121.75859">
<ele>595.8</ele>
<time>2025-03-23T07:47:21Z</time>
</trkpt>
<trkpt lat="24.9312" lon="121.758574">
<ele>592.3</ele>
<time>2025-03-23T07:47:32Z</time>
</trkpt>
<trkpt lat="24.931217" lon="121.758625">
<ele>586.7</ele>
<time>2025-03-23T07:47:43Z</time>
</trkpt>
<trkpt lat="24.931245" lon="121.758616">
<ele>599.3</ele>
<time>2025-03-23T07:47:54Z</time>
</trkpt>
<trkpt lat="24.931227" lon="121.758581">
<ele>596.8</ele>
<time>2025-03-23T07:48:04Z</time>
</trkpt>
<trkpt lat="24.93119" lon="121.758569">
<ele>604.2</ele>
<time>2025-03-23T07:48:15Z</time>
</trkpt>
<trkpt lat="24.931151" lon="121.758593">
<ele>597.4</ele>
<time>2025-03-23T07:48:26Z</time>
</trkpt>
<trkpt lat="24.931118" lon="121.758597">
<ele>608.6</ele>
<time>2025-03-23T07:48:37Z</time>
</trkpt>
<trkpt lat="24.93122" lon="121.758501">
<ele>609.4</ele>
<time>2025-03-23T07:48:47Z</time>
</trkpt>
<trkpt lat="24.931135" lon="121.758552">
<ele>599.4</ele>
<time>2025-03-23T07:48:58Z</time>
</trkpt>
<trkpt lat="24.931097" lon="121.758621">
<ele>577.5</ele>
<time>2025-03-23T07:49:09Z</time>
</trkpt>
<trkpt lat="24.931085" lon="121.7587">
<ele>583.2</ele>
<time>2025-03-23T07:49:20Z</time>
</trkpt>
<trkpt lat="24.931119" lon="121.758636">
<ele>587.9</ele>
<time>2025-03-23T07:49:31Z</time>
</trkpt>
<trkpt lat="24.931087" lon="121.758643">
<ele>599.7</ele>
<time>2025-03-23T07:49:42Z</time>
</trkpt>
<trkpt lat="24.931072" lon="121.758633">
<ele>598.5</ele>
<time>2025-03-23T07:49:53Z</time>
</trkpt>
<trkpt lat="24.931046" lon="121.758694">
<ele>595.3</ele>
<time>2025-03-23T07:50:04Z</time>
</trkpt>
<trkpt lat="24.931064" lon="121.758599">
<ele>615.1</ele>
<time>2025-03-23T07:50:15Z</time>
</trkpt>
<trkpt lat="24.931026" lon="121.758616">
<ele>614.4</ele>
<time>2025-03-23T07:50:26Z</time>
</trkpt>
<trkpt lat="24.931015" lon="121.758603">
<ele>608.1</ele>
<time>2025-03-23T07:50:37Z</time>
</trkpt>
<trkpt lat="24.931025" lon="121.758592">
<ele>601.1</ele>
<time>2025-03-23T07:50:47Z</time>
</trkpt>
<trkpt lat="24.930998" lon="121.758635">
<ele>588.2</ele>
<time>2025-03-23T07:50:58Z</time>
</trkpt>
<trkpt lat="24.930965" lon="121.758642">
<ele>579.4</ele>
<time>2025-03-23T07:51:09Z</time>
</trkpt>
<trkpt lat="24.930967" lon="121.758617">
<ele>589.8</ele>
<time>2025-03-23T07:51:20Z</time>
</trkpt>
<trkpt lat="24.930956" lon="121.758655">
<ele>593.4</ele>
<time>2025-03-23T07:51:31Z</time>
</trkpt>
<trkpt lat="24.930936" lon="121.758712">
<ele>597.5</ele>
<time>2025-03-23T07:51:42Z</time>
</trkpt>
<trkpt lat="24.930913" lon="121.758692">
<ele>598.1</ele>
<time>2025-03-23T07:51:53Z</time>
</trkpt>
<trkpt lat="24.930917" lon="121.758646">
<ele>595.9</ele>
<time>2025-03-23T07:52:04Z</time>
</trkpt>
<trkpt lat="24.930908" lon="121.758687">
<ele>608.1</ele>
<time>2025-03-23T07:52:14Z</time>
</trkpt>
<trkpt lat="24.930896" lon="121.758713">
<ele>610.5</ele>
<time>2025-03-23T07:52:25Z</time>
</trkpt>
<trkpt lat="24.930879" lon="121.758715">
<ele>600.4</ele>
<time>2025-03-23T07:52:36Z</time>
</trkpt>
<trkpt lat="24.930872" lon="121.758783">
<ele>605.7</ele>
<time>2025-03-23T07:52:47Z</time>
</trkpt>
<trkpt lat="24.930836" lon="121.758778">
<ele>596.8</ele>
<time>2025-03-23T07:52:57Z</time>
</trkpt>
<trkpt lat="24.930838" lon="121.758729">
<ele>599.9</ele>
<time>2025-03-23T07:53:08Z</time>
</trkpt>
<trkpt lat="24.930803" lon="121.758782">
<ele>593.3</ele>
<time>2025-03-23T07:53:19Z</time>
</trkpt>
<trkpt lat="24.930815" lon="121.758788">
<ele>594.2</ele>
<time>2025-03-23T07:53:30Z</time>
</trkpt>
<trkpt lat="24.930803" lon="121.7587">
<ele>597.6</ele>
<time>2025-03-23T07:53:41Z</time>
</trkpt>
<trkpt lat="24.930827" lon="121.758721">
<ele>596.1</ele>
<time>2025-03-23T07:53:52Z</time>
</trkpt>
<trkpt lat="24.930803" lon="121.758767">
<ele>598.5</ele>
<time>2025-03-23T07:54:03Z</time>
</trkpt>
<trkpt lat="24.930794" lon="121.758767">
<ele>609.4</ele>
<time>2025-03-23T07:54:14Z</time>
</trkpt>
<trkpt lat="24.930772" lon="121.758752">
<ele>613.8</ele>
<time>2025-03-23T07:54:25Z</time>
</trkpt>
<trkpt lat="24.930753" lon="121.758837">
<ele>613.4</ele>
<time>2025-03-23T07:54:36Z</time>
</trkpt>
<trkpt lat="24.930747" lon="121.75873">
<ele>625.9</ele>
<time>2025-03-23T07:54:47Z</time>
</trkpt>
<trkpt lat="24.930722" lon="121.758717">
<ele>617.6</ele>
<time>2025-03-23T07:54:58Z</time>
</trkpt>
<trkpt lat="24.930691" lon="121.758735">
<ele>602.9</ele>
<time>2025-03-23T07:55:08Z</time>
</trkpt>
<trkpt lat="24.930689" lon="121.758664">
<ele>607.8</ele>
<time>2025-03-23T07:55:19Z</time>
</trkpt>
<trkpt lat="24.930687" lon="121.758651">
<ele>609.2</ele>
<time>2025-03-23T07:55:30Z</time>
</trkpt>
<trkpt lat="24.930672" lon="121.758656">
<ele>599.3</ele>
<time>2025-03-23T07:55:41Z</time>
</trkpt>
<trkpt lat="24.930703" lon="121.758734">
<ele>602.8</ele>
<time>2025-03-23T07:55:52Z</time>
</trkpt>
<trkpt lat="24.930718" lon="121.758745">
<ele>615.9</ele>
<time>2025-03-23T07:56:03Z</time>
</trkpt>
<trkpt lat="24.930647" lon="121.75874">
<ele>612</ele>
<time>2025-03-23T07:56:14Z</time>
</trkpt>
<trkpt lat="24.930613" lon="121.758743">
<ele>614.2</ele>
<time>2025-03-23T07:56:25Z</time>
</trkpt>
<trkpt lat="24.930606" lon="121.758705">
<ele>610.4</ele>
<time>2025-03-23T07:56:36Z</time>
</trkpt>
<trkpt lat="24.930586" lon="121.758721">
<ele>603.1</ele>
<time>2025-03-23T07:56:47Z</time>
</trkpt>
<trkpt lat="24.930574" lon="121.75872">
<ele>612.2</ele>
<time>2025-03-23T07:57:00Z</time>
</trkpt>
<trkpt lat="24.930556" lon="121.758729">
<ele>618</ele>
<time>2025-03-23T07:57:10Z</time>
</trkpt>
<trkpt lat="24.930565" lon="121.758716">
<ele>624.4</ele>
<time>2025-03-23T07:57:21Z</time>
</trkpt>
<trkpt lat="24.930543" lon="121.758715">
<ele>622.9</ele>
<time>2025-03-23T07:57:32Z</time>
</trkpt>
<trkpt lat="24.930507" lon="121.758764">
<ele>621.6</ele>
<time>2025-03-23T07:57:43Z</time>
</trkpt>
<trkpt lat="24.930464" lon="121.758771">
<ele>617.5</ele>
<time>2025-03-23T07:57:54Z</time>
</trkpt>
<trkpt lat="24.930442" lon="121.758774">
<ele>614.8</ele>
<time>2025-03-23T07:58:05Z</time>
</trkpt>
<trkpt lat="24.930425" lon="121.758723">
<ele>612</ele>
<time>2025-03-23T07:58:16Z</time>
</trkpt>
<trkpt lat="24.930449" lon="121.758732">
<ele>604</ele>
<time>2025-03-23T07:58:27Z</time>
</trkpt>
<trkpt lat="24.930523" lon="121.758693">
<ele>614.8</ele>
<time>2025-03-23T07:58:38Z</time>
</trkpt>
<trkpt lat="24.93052" lon="121.75871">
<ele>620.2</ele>
<time>2025-03-23T07:58:49Z</time>
</trkpt>
<trkpt lat="24.930527" lon="121.758634">
<ele>646.7</ele>
<time>2025-03-23T07:59:00Z</time>
</trkpt>
<trkpt lat="24.930483" lon="121.758659">
<ele>626</ele>
<time>2025-03-23T07:59:10Z</time>
</trkpt>
<trkpt lat="24.930425" lon="121.758609">
<ele>610.6</ele>
<time>2025-03-23T07:59:21Z</time>
</trkpt>
<trkpt lat="24.930432" lon="121.758678">
<ele>630.3</ele>
<time>2025-03-23T07:59:32Z</time>
</trkpt>
<trkpt lat="24.930377" lon="121.758696">
<ele>617.1</ele>
<time>2025-03-23T07:59:43Z</time>
</trkpt>
<trkpt lat="24.930357" lon="121.758638">
<ele>622.4</ele>
<time>2025-03-23T07:59:54Z</time>
</trkpt>
<trkpt lat="24.930356" lon="121.758681">
<ele>620.1</ele>
<time>2025-03-23T08:00:05Z</time>
</trkpt>
<trkpt lat="24.930348" lon="121.758699">
<ele>617.7</ele>
<time>2025-03-23T08:00:16Z</time>
</trkpt>
<trkpt lat="24.930336" lon="121.758686">
<ele>621.6</ele>
<time>2025-03-23T08:00:28Z</time>
</trkpt>
<trkpt lat="24.930316" lon="121.758599">
<ele>619.9</ele>
<time>2025-03-23T08:00:38Z</time>
</trkpt>
<trkpt lat="24.930307" lon="121.75866">
<ele>624</ele>
<time>2025-03-23T08:00:49Z</time>
</trkpt>
<trkpt lat="24.930263" lon="121.758671">
<ele>612.8</ele>
<time>2025-03-23T08:01:00Z</time>
</trkpt>
<trkpt lat="24.930257" lon="121.758625">
<ele>625.9</ele>
<time>2025-03-23T08:01:11Z</time>
</trkpt>
<trkpt lat="24.93023" lon="121.758663">
<ele>617.5</ele>
<time>2025-03-23T08:01:21Z</time>
</trkpt>
<trkpt lat="24.930202" lon="121.758652">
<ele>627.9</ele>
<time>2025-03-23T08:01:32Z</time>
</trkpt>
<trkpt lat="24.930215" lon="121.75868">
<ele>626.6</ele>
<time>2025-03-23T08:01:43Z</time>
</trkpt>
<trkpt lat="24.930117" lon="121.758716">
<ele>658.1</ele>
<time>2025-03-23T08:01:54Z</time>
</trkpt>
<trkpt lat="24.930218" lon="121.758609">
<ele>629.2</ele>
<time>2025-03-23T08:02:05Z</time>
</trkpt>
<trkpt lat="24.930151" lon="121.758619">
<ele>620.8</ele>
<time>2025-03-23T08:02:16Z</time>
</trkpt>
<trkpt lat="24.930151" lon="121.758607">
<ele>628</ele>
<time>2025-03-23T08:02:27Z</time>
</trkpt>
<trkpt lat="24.930173" lon="121.758623">
<ele>631.8</ele>
<time>2025-03-23T08:02:38Z</time>
</trkpt>
<trkpt lat="24.93012" lon="121.758621">
<ele>622</ele>
<time>2025-03-23T08:02:48Z</time>
</trkpt>
<trkpt lat="24.930083" lon="121.758619">
<ele>629.6</ele>
<time>2025-03-23T08:02:59Z</time>
</trkpt>
<trkpt lat="24.930102" lon="121.758565">
<ele>637.4</ele>
<time>2025-03-23T08:03:10Z</time>
</trkpt>
<trkpt lat="24.930113" lon="121.75857">
<ele>643.6</ele>
<time>2025-03-23T08:03:21Z</time>
</trkpt>
<trkpt lat="24.930134" lon="121.758502">
<ele>628.1</ele>
<time>2025-03-23T08:03:31Z</time>
</trkpt>
<trkpt lat="24.93009" lon="121.758561">
<ele>632.1</ele>
<time>2025-03-23T08:03:42Z</time>
</trkpt>
<trkpt lat="24.93006" lon="121.758526">
<ele>633.1</ele>
<time>2025-03-23T08:03:53Z</time>
</trkpt>
<trkpt lat="24.930026" lon="121.758587">
<ele>631.7</ele>
<time>2025-03-23T08:04:04Z</time>
</trkpt>
<trkpt lat="24.930022" lon="121.758598">
<ele>630.6</ele>
<time>2025-03-23T08:04:17Z</time>
</trkpt>
<trkpt lat="24.930042" lon="121.75859">
<ele>629.9</ele>
<time>2025-03-23T08:04:28Z</time>
</trkpt>
<trkpt lat="24.929996" lon="121.758632">
<ele>632</ele>
<time>2025-03-23T08:04:40Z</time>
</trkpt>
<trkpt lat="24.92994" lon="121.75862">
<ele>648.3</ele>
<time>2025-03-23T08:04:50Z</time>
</trkpt>
<trkpt lat="24.929973" lon="121.758587">
<ele>644.1</ele>
<time>2025-03-23T08:05:01Z</time>
</trkpt>
<trkpt lat="24.929996" lon="121.758561">
<ele>639.8</ele>
<time>2025-03-23T08:05:12Z</time>
</trkpt>
<trkpt lat="24.929993" lon="121.758629">
<ele>629.5</ele>
<time>2025-03-23T08:05:23Z</time>
</trkpt>
<trkpt lat="24.929963" lon="121.758579">
<ele>622.5</ele>
<time>2025-03-23T08:05:33Z</time>
</trkpt>
<trkpt lat="24.929946" lon="121.758579">
<ele>625.6</ele>
<time>2025-03-23T08:05:44Z</time>
</trkpt>
<trkpt lat="24.929897" lon="121.758578">
<ele>639.8</ele>
<time>2025-03-23T08:05:55Z</time>
</trkpt>
<trkpt lat="24.92995" lon="121.758561">
<ele>671.1</ele>
<time>2025-03-23T08:06:06Z</time>
</trkpt>
<trkpt lat="24.929956" lon="121.758606">
<ele>652.8</ele>
<time>2025-03-23T08:06:17Z</time>
</trkpt>
<trkpt lat="24.930008" lon="121.758564">
<ele>641.6</ele>
<time>2025-03-23T08:06:28Z</time>
</trkpt>
<trkpt lat="24.929941" lon="121.758501">
<ele>644.4</ele>
<time>2025-03-23T08:06:39Z</time>
</trkpt>
<trkpt lat="24.92998" lon="121.758527">
<ele>641.3</ele>
<time>2025-03-23T08:06:50Z</time>
</trkpt>
<trkpt lat="24.929994" lon="121.758489">
<ele>642.6</ele>
<time>2025-03-23T08:07:01Z</time>
</trkpt>
<trkpt lat="24.930018" lon="121.758459">
<ele>647.5</ele>
<time>2025-03-23T08:07:12Z</time>
</trkpt>
<trkpt lat="24.929966" lon="121.758504">
<ele>642.7</ele>
<time>2025-03-23T08:07:23Z</time>
</trkpt>
<trkpt lat="24.929952" lon="121.758502">
<ele>630.1</ele>
<time>2025-03-23T08:07:33Z</time>
</trkpt>
<trkpt lat="24.929969" lon="121.758418">
<ele>640.2</ele>
<time>2025-03-23T08:07:44Z</time>
</trkpt>
<trkpt lat="24.930009" lon="121.758471">
<ele>668.4</ele>
<time>2025-03-23T08:07:55Z</time>
</trkpt>
<trkpt lat="24.929932" lon="121.758493">
<ele>653.5</ele>
<time>2025-03-23T08:08:06Z</time>
</trkpt>
<trkpt lat="24.929855" lon="121.758551">
<ele>658.2</ele>
<time>2025-03-23T08:08:17Z</time>
</trkpt>
<trkpt lat="24.929824" lon="121.758598">
<ele>638.5</ele>
<time>2025-03-23T08:08:28Z</time>
</trkpt>
<trkpt lat="24.929839" lon="121.758536">
<ele>658.6</ele>
<time>2025-03-23T08:08:39Z</time>
</trkpt>
<trkpt lat="24.929872" lon="121.758554">
<ele>662</ele>
<time>2025-03-23T08:08:50Z</time>
</trkpt>
<trkpt lat="24.929838" lon="121.758569">
<ele>644.6</ele>
<time>2025-03-23T08:09:01Z</time>
</trkpt>
<trkpt lat="24.929861" lon="121.758615">
<ele>645.8</ele>
<time>2025-03-23T08:09:12Z</time>
</trkpt>
<trkpt lat="24.9298" lon="121.758615">
<ele>641.2</ele>
<time>2025-03-23T08:09:23Z</time>
</trkpt>
<trkpt lat="24.929758" lon="121.758596">
<ele>629.3</ele>
<time>2025-03-23T08:09:34Z</time>
</trkpt>
<trkpt lat="24.929744" lon="121.758676">
<ele>624.1</ele>
<time>2025-03-23T08:09:44Z</time>
</trkpt>
<trkpt lat="24.929761" lon="121.7586">
<ele>657</ele>
<time>2025-03-23T08:09:55Z</time>
</trkpt>
<trkpt lat="24.929786" lon="121.758602">
<ele>646.7</ele>
<time>2025-03-23T08:10:06Z</time>
</trkpt>
<trkpt lat="24.929751" lon="121.758624">
<ele>660.6</ele>
<time>2025-03-23T08:10:17Z</time>
</trkpt>
<trkpt lat="24.929745" lon="121.758576">
<ele>654.1</ele>
<time>2025-03-23T08:10:28Z</time>
</trkpt>
<trkpt lat="24.929723" lon="121.758585">
<ele>661</ele>
<time>2025-03-23T08:10:39Z</time>
</trkpt>
<trkpt lat="24.929672" lon="121.758602">
<ele>663.2</ele>
<time>2025-03-23T08:10:50Z</time>
</trkpt>
<trkpt lat="24.929665" lon="121.758663">
<ele>659.3</ele>
<time>2025-03-23T08:11:01Z</time>
</trkpt>
<trkpt lat="24.929638" lon="121.758579">
<ele>656.4</ele>
<time>2025-03-23T08:11:11Z</time>
</trkpt>
<trkpt lat="24.929633" lon="121.758675">
<ele>653.1</ele>
<time>2025-03-23T08:11:22Z</time>
</trkpt>
<trkpt lat="24.929619" lon="121.758644">
<ele>639</ele>
<time>2025-03-23T08:11:33Z</time>
</trkpt>
<trkpt lat="24.929593" lon="121.758645">
<ele>645.5</ele>
<time>2025-03-23T08:11:44Z</time>
</trkpt>
<trkpt lat="24.929559" lon="121.758632">
<ele>644.4</ele>
<time>2025-03-23T08:11:54Z</time>
</trkpt>
<trkpt lat="24.929527" lon="121.758652">
<ele>658.4</ele>
<time>2025-03-23T08:12:05Z</time>
</trkpt>
<trkpt lat="24.929549" lon="121.758609">
<ele>652.9</ele>
<time>2025-03-23T08:12:16Z</time>
</trkpt>
<trkpt lat="24.929534" lon="121.758591">
<ele>662.9</ele>
<time>2025-03-23T08:12:27Z</time>
</trkpt>
<trkpt lat="24.929518" lon="121.758619">
<ele>670.6</ele>
<time>2025-03-23T08:12:38Z</time>
</trkpt>
<trkpt lat="24.929487" lon="121.75864">
<ele>658.5</ele>
<time>2025-03-23T08:12:49Z</time>
</trkpt>
<trkpt lat="24.929487" lon="121.758664">
<ele>656.3</ele>
<time>2025-03-23T08:13:00Z</time>
</trkpt>
<trkpt lat="24.929471" lon="121.75869">
<ele>653.8</ele>
<time>2025-03-23T08:13:11Z</time>
</trkpt>
<trkpt lat="24.929441" lon="121.758645">
<ele>656.8</ele>
<time>2025-03-23T08:13:22Z</time>
</trkpt>
<trkpt lat="24.929457" lon="121.758632">
<ele>657.8</ele>
<time>2025-03-23T08:13:33Z</time>
</trkpt>
<trkpt lat="24.929408" lon="121.758611">
<ele>675.1</ele>
<time>2025-03-23T08:13:44Z</time>
</trkpt>
<trkpt lat="24.929383" lon="121.758663">
<ele>676.1</ele>
<time>2025-03-23T08:13:54Z</time>
</trkpt>
<trkpt lat="24.929395" lon="121.75863">
<ele>669.8</ele>
<time>2025-03-23T08:14:05Z</time>
</trkpt>
<trkpt lat="24.929432" lon="121.758652">
<ele>652.8</ele>
<time>2025-03-23T08:14:16Z</time>
</trkpt>
<trkpt lat="24.929411" lon="121.758621">
<ele>648.2</ele>
<time>2025-03-23T08:14:27Z</time>
</trkpt>
<trkpt lat="24.929376" lon="121.758616">
<ele>665.2</ele>
<time>2025-03-23T08:14:38Z</time>
</trkpt>
<trkpt lat="24.929348" lon="121.758654">
<ele>672.3</ele>
<time>2025-03-23T08:14:49Z</time>
</trkpt>
<trkpt lat="24.929373" lon="121.758644">
<ele>659.2</ele>
<time>2025-03-23T08:15:00Z</time>
</trkpt>
<trkpt lat="24.929347" lon="121.758666">
<ele>661.4</ele>
<time>2025-03-23T08:15:11Z</time>
</trkpt>
<trkpt lat="24.929355" lon="121.758587">
<ele>648.1</ele>
<time>2025-03-23T08:15:22Z</time>
</trkpt>
<trkpt lat="24.929361" lon="121.758557">
<ele>654.4</ele>
<time>2025-03-23T08:15:33Z</time>
</trkpt>
<trkpt lat="24.929376" lon="121.75854">
<ele>655.2</ele>
<time>2025-03-23T08:15:44Z</time>
</trkpt>
<trkpt lat="24.929335" lon="121.758528">
<ele>664.7</ele>
<time>2025-03-23T08:15:55Z</time>
</trkpt>
<trkpt lat="24.929304" lon="121.758559">
<ele>666.2</ele>
<time>2025-03-23T08:16:05Z</time>
</trkpt>
<trkpt lat="24.92924" lon="121.758567">
<ele>679.4</ele>
<time>2025-03-23T08:16:16Z</time>
</trkpt>
<trkpt lat="24.929264" lon="121.758614">
<ele>672.3</ele>
<time>2025-03-23T08:16:27Z</time>
</trkpt>
<trkpt lat="24.929327" lon="121.75853">
<ele>684.6</ele>
<time>2025-03-23T08:16:38Z</time>
</trkpt>
<trkpt lat="24.92927" lon="121.758526">
<ele>670.8</ele>
<time>2025-03-23T08:16:49Z</time>
</trkpt>
<trkpt lat="24.929237" lon="121.75853">
<ele>662.4</ele>
<time>2025-03-23T08:17:00Z</time>
</trkpt>
<trkpt lat="24.92927" lon="121.75851">
<ele>664.8</ele>
<time>2025-03-23T08:17:11Z</time>
</trkpt>
<trkpt lat="24.929238" lon="121.758513">
<ele>651.9</ele>
<time>2025-03-23T08:17:22Z</time>
</trkpt>
<trkpt lat="24.929261" lon="121.758457">
<ele>688.9</ele>
<time>2025-03-23T08:17:33Z</time>
</trkpt>
<trkpt lat="24.929205" lon="121.75848">
<ele>674.7</ele>
<time>2025-03-23T08:17:44Z</time>
</trkpt>
<trkpt lat="24.929236" lon="121.758522">
<ele>667.2</ele>
<time>2025-03-23T08:17:55Z</time>
</trkpt>
<trkpt lat="24.929213" lon="121.758539">
<ele>672.2</ele>
<time>2025-03-23T08:18:06Z</time>
</trkpt>
<trkpt lat="24.929177" lon="121.758505">
<ele>659.3</ele>
<time>2025-03-23T08:18:16Z</time>
</trkpt>
<trkpt lat="24.92916" lon="121.758507">
<ele>668.2</ele>
<time>2025-03-23T08:18:27Z</time>
</trkpt>
<trkpt lat="24.929158" lon="121.758454">
<ele>661.3</ele>
<time>2025-03-23T08:18:38Z</time>
</trkpt>
<trkpt lat="24.929163" lon="121.758402">
<ele>654.6</ele>
<time>2025-03-23T08:18:49Z</time>
</trkpt>
<trkpt lat="24.929157" lon="121.758393">
<ele>660.9</ele>
<time>2025-03-23T08:19:00Z</time>
</trkpt>
<trkpt lat="24.929104" lon="121.758425">
<ele>682.7</ele>
<time>2025-03-23T08:19:11Z</time>
</trkpt>
<trkpt lat="24.92912" lon="121.75839">
<ele>681.1</ele>
<time>2025-03-23T08:19:22Z</time>
</trkpt>
<trkpt lat="24.929112" lon="121.758331">
<ele>657.7</ele>
<time>2025-03-23T08:19:32Z</time>
</trkpt>
<trkpt lat="24.929053" lon="121.758345">
<ele>671.8</ele>
<time>2025-03-23T08:19:43Z</time>
</trkpt>
<trkpt lat="24.929015" lon="121.758324">
<ele>676.7</ele>
<time>2025-03-23T08:19:54Z</time>
</trkpt>
<trkpt lat="24.929056" lon="121.758286">
<ele>663.8</ele>
<time>2025-03-23T08:20:05Z</time>
</trkpt>
<trkpt lat="24.92902" lon="121.758276">
<ele>662.4</ele>
<time>2025-03-23T08:20:15Z</time>
</trkpt>
<trkpt lat="24.929018" lon="121.758241">
<ele>656.8</ele>
<time>2025-03-23T08:20:26Z</time>
</trkpt>
<trkpt lat="24.929027" lon="121.758192">
<ele>666.7</ele>
<time>2025-03-23T08:20:37Z</time>
</trkpt>
<trkpt lat="24.928998" lon="121.758135">
<ele>656.8</ele>
<time>2025-03-23T08:20:48Z</time>
</trkpt>
<trkpt lat="24.928973" lon="121.758136">
<ele>647.1</ele>
<time>2025-03-23T08:21:00Z</time>
</trkpt>
<trkpt lat="24.928984" lon="121.758121">
<ele>655.7</ele>
<time>2025-03-23T08:21:12Z</time>
</trkpt>
<trkpt lat="24.929001" lon="121.758113">
<ele>669.4</ele>
<time>2025-03-23T08:21:23Z</time>
</trkpt>
<trkpt lat="24.929013" lon="121.758133">
<ele>665.9</ele>
<time>2025-03-23T08:21:34Z</time>
</trkpt>
<trkpt lat="24.928983" lon="121.758123">
<ele>672.4</ele>
<time>2025-03-23T08:21:45Z</time>
</trkpt>
<trkpt lat="24.928964" lon="121.758135">
<ele>667.4</ele>
<time>2025-03-23T08:21:56Z</time>
</trkpt>
<trkpt lat="24.928988" lon="121.758125">
<ele>668.6</ele>
<time>2025-03-23T08:22:07Z</time>
</trkpt>
<trkpt lat="24.928996" lon="121.758136">
<ele>663.9</ele>
<time>2025-03-23T08:22:18Z</time>
</trkpt>
<trkpt lat="24.928988" lon="121.758131">
<ele>663.5</ele>
<time>2025-03-23T08:22:28Z</time>
</trkpt>
<trkpt lat="24.928989" lon="121.758115">
<ele>663.7</ele>
<time>2025-03-23T08:22:39Z</time>
</trkpt>
<trkpt lat="24.929025" lon="121.758098">
<ele>667.8</ele>
<time>2025-03-23T08:22:50Z</time>
</trkpt>
<trkpt lat="24.929014" lon="121.758101">
<ele>668.9</ele>
<time>2025-03-23T08:23:01Z</time>
</trkpt>
<trkpt lat="24.929023" lon="121.7581">
<ele>673.3</ele>
<time>2025-03-23T08:23:12Z</time>
</trkpt>
<trkpt lat="24.929014" lon="121.75812">
<ele>670.3</ele>
<time>2025-03-23T08:23:23Z</time>
</trkpt>
<trkpt lat="24.929004" lon="121.758125">
<ele>669.6</ele>
<time>2025-03-23T08:23:33Z</time>
</trkpt>
<trkpt lat="24.928987" lon="121.758142">
<ele>668.5</ele>
<time>2025-03-23T08:23:43Z</time>
</trkpt>
<trkpt lat="24.928996" lon="121.758135">
<ele>665.8</ele>
<time>2025-03-23T08:23:56Z</time>
</trkpt>
<trkpt lat="24.928981" lon="121.758128">
<ele>667.2</ele>
<time>2025-03-23T08:24:07Z</time>
</trkpt>
<trkpt lat="24.928967" lon="121.758112">
<ele>677</ele>
<time>2025-03-23T08:24:18Z</time>
</trkpt>
<trkpt lat="24.928982" lon="121.758105">
<ele>678.9</ele>
<time>2025-03-23T08:24:30Z</time>
</trkpt>
<trkpt lat="24.928957" lon="121.75808">
<ele>687.2</ele>
<time>2025-03-23T08:24:42Z</time>
</trkpt>
<trkpt lat="24.92905" lon="121.758035">
<ele>691.3</ele>
<time>2025-03-23T08:24:52Z</time>
</trkpt>
<trkpt lat="24.929014" lon="121.758065">
<ele>675.6</ele>
<time>2025-03-23T08:25:03Z</time>
</trkpt>
<trkpt lat="24.928998" lon="121.758049">
<ele>677.4</ele>
<time>2025-03-23T08:25:14Z</time>
</trkpt>
<trkpt lat="24.928968" lon="121.758083">
<ele>674.7</ele>
<time>2025-03-23T08:25:25Z</time>
</trkpt>
<trkpt lat="24.928979" lon="121.758078">
<ele>672.5</ele>
<time>2025-03-23T08:25:36Z</time>
</trkpt>
<trkpt lat="24.929018" lon="121.758048">
<ele>671.8</ele>
<time>2025-03-23T08:25:47Z</time>
</trkpt>
<trkpt lat="24.929006" lon="121.758049">
<ele>670.6</ele>
<time>2025-03-23T08:25:57Z</time>
</trkpt>
<trkpt lat="24.929017" lon="121.758051">
<ele>651.2</ele>
<time>2025-03-23T08:26:10Z</time>
</trkpt>
<trkpt lat="24.928986" lon="121.758019">
<ele>660.5</ele>
<time>2025-03-23T08:26:20Z</time>
</trkpt>
<trkpt lat="24.928973" lon="121.757981">
<ele>676.1</ele>
<time>2025-03-23T08:26:31Z</time>
</trkpt>
<trkpt lat="24.929023" lon="121.75799">
<ele>671.5</ele>
<time>2025-03-23T08:26:42Z</time>
</trkpt>
<trkpt lat="24.92906" lon="121.757981">
<ele>677.6</ele>
<time>2025-03-23T08:26:53Z</time>
</trkpt>
<trkpt lat="24.929075" lon="121.75796">
<ele>670.3</ele>
<time>2025-03-23T08:27:04Z</time>
</trkpt>
<trkpt lat="24.929173" lon="121.757955">
<ele>676.9</ele>
<time>2025-03-23T08:27:15Z</time>
</trkpt>
<trkpt lat="24.929233" lon="121.75789">
<ele>668.3</ele>
<time>2025-03-23T08:27:26Z</time>
</trkpt>
<trkpt lat="24.929219" lon="121.757875">
<ele>678.2</ele>
<time>2025-03-23T08:27:39Z</time>
</trkpt>
<trkpt lat="24.929212" lon="121.757841">
<ele>681</ele>
<time>2025-03-23T08:27:50Z</time>
</trkpt>
<trkpt lat="24.929266" lon="121.75787">
<ele>692.9</ele>
<time>2025-03-23T08:28:01Z</time>
</trkpt>
<trkpt lat="24.929223" lon="121.757813">
<ele>691.2</ele>
<time>2025-03-23T08:28:12Z</time>
</trkpt>
<trkpt lat="24.929215" lon="121.757805">
<ele>697.9</ele>
<time>2025-03-23T08:28:23Z</time>
</trkpt>
<trkpt lat="24.929166" lon="121.75768">
<ele>671.2</ele>
<time>2025-03-23T08:28:34Z</time>
</trkpt>
<trkpt lat="24.92921" lon="121.757788">
<ele>691.8</ele>
<time>2025-03-23T08:28:45Z</time>
</trkpt>
<trkpt lat="24.929235" lon="121.757737">
<ele>687.7</ele>
<time>2025-03-23T08:28:55Z</time>
</trkpt>
<trkpt lat="24.92926" lon="121.75767">
<ele>681.7</ele>
<time>2025-03-23T08:29:06Z</time>
</trkpt>
<trkpt lat="24.929305" lon="121.757675">
<ele>684.8</ele>
<time>2025-03-23T08:29:17Z</time>
</trkpt>
<trkpt lat="24.929348" lon="121.757647">
<ele>693.4</ele>
<time>2025-03-23T08:29:28Z</time>
</trkpt>
<trkpt lat="24.929405" lon="121.757609">
<ele>686.5</ele>
<time>2025-03-23T08:29:39Z</time>
</trkpt>
<trkpt lat="24.929431" lon="121.757551">
<ele>681.8</ele>
<time>2025-03-23T08:29:50Z</time>
</trkpt>
<trkpt lat="24.929464" lon="121.757549">
<ele>683.6</ele>
<time>2025-03-23T08:30:01Z</time>
</trkpt>
<trkpt lat="24.929489" lon="121.757611">
<ele>693.4</ele>
<time>2025-03-23T08:30:12Z</time>
</trkpt>
<trkpt lat="24.92949" lon="121.757574">
<ele>690.3</ele>
<time>2025-03-23T08:30:23Z</time>
</trkpt>
<trkpt lat="24.929515" lon="121.757535">
<ele>690.8</ele>
<time>2025-03-23T08:30:34Z</time>
</trkpt>
<trkpt lat="24.929562" lon="121.757537">
<ele>696.6</ele>
<time>2025-03-23T08:30:45Z</time>
</trkpt>
<trkpt lat="24.929602" lon="121.75751">
<ele>696.9</ele>
<time>2025-03-23T08:30:56Z</time>
</trkpt>
<trkpt lat="24.929661" lon="121.757434">
<ele>694.8</ele>
<time>2025-03-23T08:31:06Z</time>
</trkpt>
<trkpt lat="24.929676" lon="121.757397">
<ele>692.6</ele>
<time>2025-03-23T08:31:17Z</time>
</trkpt>
<trkpt lat="24.929682" lon="121.757304">
<ele>686.7</ele>
<time>2025-03-23T08:31:28Z</time>
</trkpt>
<trkpt lat="24.929696" lon="121.757251">
<ele>691</ele>
<time>2025-03-23T08:31:39Z</time>
</trkpt>
<trkpt lat="24.929694" lon="121.757199">
<ele>693.5</ele>
<time>2025-03-23T08:31:50Z</time>
</trkpt>
<trkpt lat="24.929724" lon="121.757177">
<ele>703.7</ele>
<time>2025-03-23T08:32:01Z</time>
</trkpt>
<trkpt lat="24.929743" lon="121.75713">
<ele>695.2</ele>
<time>2025-03-23T08:32:12Z</time>
</trkpt>
<trkpt lat="24.929764" lon="121.757171">
<ele>706.8</ele>
<time>2025-03-23T08:32:23Z</time>
</trkpt>
<trkpt lat="24.929785" lon="121.757152">
<ele>713.8</ele>
<time>2025-03-23T08:32:34Z</time>
</trkpt>
<trkpt lat="24.929789" lon="121.757103">
<ele>709.8</ele>
<time>2025-03-23T08:32:45Z</time>
</trkpt>
<trkpt lat="24.929786" lon="121.757088">
<ele>703.6</ele>
<time>2025-03-23T08:32:55Z</time>
</trkpt>
<trkpt lat="24.9298" lon="121.757083">
<ele>703.6</ele>
<time>2025-03-23T08:33:06Z</time>
</trkpt>
<trkpt lat="24.929832" lon="121.757061">
<ele>701.5</ele>
<time>2025-03-23T08:33:17Z</time>
</trkpt>
<trkpt lat="24.929831" lon="121.757015">
<ele>714</ele>
<time>2025-03-23T08:33:28Z</time>
</trkpt>
<trkpt lat="24.92982" lon="121.757033">
<ele>704.9</ele>
<time>2025-03-23T08:33:39Z</time>
</trkpt>
<trkpt lat="24.929799" lon="121.757029">
<ele>701.8</ele>
<time>2025-03-23T08:33:50Z</time>
</trkpt>
<trkpt lat="24.9298" lon="121.757016">
<ele>708.9</ele>
<time>2025-03-23T08:34:04Z</time>
</trkpt>
<trkpt lat="24.929807" lon="121.757003">
<ele>701.6</ele>
<time>2025-03-23T08:34:15Z</time>
</trkpt>
<trkpt lat="24.929806" lon="121.756909">
<ele>704.1</ele>
<time>2025-03-23T08:34:26Z</time>
</trkpt>
<trkpt lat="24.929786" lon="121.756833">
<ele>696.3</ele>
<time>2025-03-23T08:34:37Z</time>
</trkpt>
<trkpt lat="24.929817" lon="121.756672">
<ele>712.8</ele>
<time>2025-03-23T08:34:48Z</time>
</trkpt>
<trkpt lat="24.929796" lon="121.756579">
<ele>716.7</ele>
<time>2025-03-23T08:34:59Z</time>
</trkpt>
<trkpt lat="24.92982" lon="121.75655">
<ele>711.3</ele>
<time>2025-03-23T08:35:09Z</time>
</trkpt>
<trkpt lat="24.929752" lon="121.756496">
<ele>700.3</ele>
<time>2025-03-23T08:35:20Z</time>
</trkpt>
<trkpt lat="24.929814" lon="121.75644">
<ele>706.8</ele>
<time>2025-03-23T08:35:31Z</time>
</trkpt>
<trkpt lat="24.929817" lon="121.75639">
<ele>706.7</ele>
<time>2025-03-23T08:35:42Z</time>
</trkpt>
<trkpt lat="24.929783" lon="121.756332">
<ele>702</ele>
<time>2025-03-23T08:35:53Z</time>
</trkpt>
<trkpt lat="24.929856" lon="121.756268">
<ele>710.3</ele>
<time>2025-03-23T08:36:04Z</time>
</trkpt>
<trkpt lat="24.929803" lon="121.756215">
<ele>712.1</ele>
<time>2025-03-23T08:36:15Z</time>
</trkpt>
<trkpt lat="24.929767" lon="121.756176">
<ele>719.4</ele>
<time>2025-03-23T08:36:26Z</time>
</trkpt>
<trkpt lat="24.929822" lon="121.756137">
<ele>733.7</ele>
<time>2025-03-23T08:36:37Z</time>
</trkpt>
<trkpt lat="24.929768" lon="121.756144">
<ele>716.4</ele>
<time>2025-03-23T08:36:48Z</time>
</trkpt>
<trkpt lat="24.929804" lon="121.756167">
<ele>713.8</ele>
<time>2025-03-23T08:36:59Z</time>
</trkpt>
<trkpt lat="24.929814" lon="121.756143">
<ele>718.4</ele>
<time>2025-03-23T08:37:09Z</time>
</trkpt>
<trkpt lat="24.929885" lon="121.756233">
<ele>722.9</ele>
<time>2025-03-23T08:37:20Z</time>
</trkpt>
<trkpt lat="24.929836" lon="121.756127">
<ele>705.4</ele>
<time>2025-03-23T08:37:31Z</time>
</trkpt>
<trkpt lat="24.929848" lon="121.756125">
<ele>710.9</ele>
<time>2025-03-23T08:37:42Z</time>
</trkpt>
<trkpt lat="24.929874" lon="121.756129">
<ele>706.1</ele>
<time>2025-03-23T08:37:53Z</time>
</trkpt>
<trkpt lat="24.929914" lon="121.75616">
<ele>708.9</ele>
<time>2025-03-23T08:38:04Z</time>
</trkpt>
<trkpt lat="24.929873" lon="121.756127">
<ele>722.4</ele>
<time>2025-03-23T08:38:16Z</time>
</trkpt>
<trkpt lat="24.929877" lon="121.756206">
<ele>721.9</ele>
<time>2025-03-23T08:38:27Z</time>
</trkpt>
<trkpt lat="24.9299" lon="121.756174">
<ele>704.7</ele>
<time>2025-03-23T08:38:38Z</time>
</trkpt>
<trkpt lat="24.929934" lon="121.756175">
<ele>706.3</ele>
<time>2025-03-23T08:38:49Z</time>
</trkpt>
<trkpt lat="24.929962" lon="121.756154">
<ele>697.5</ele>
<time>2025-03-23T08:39:00Z</time>
</trkpt>
<trkpt lat="24.930105" lon="121.756208">
<ele>706.6</ele>
<time>2025-03-23T08:39:10Z</time>
</trkpt>
<trkpt lat="24.930057" lon="121.756141">
<ele>706.5</ele>
<time>2025-03-23T08:39:21Z</time>
</trkpt>
<trkpt lat="24.930097" lon="121.756155">
<ele>707.3</ele>
<time>2025-03-23T08:39:32Z</time>
</trkpt>
<trkpt lat="24.930119" lon="121.756185">
<ele>707.4</ele>
<time>2025-03-23T08:39:45Z</time>
</trkpt>
<trkpt lat="24.930147" lon="121.756124">
<ele>700.2</ele>
<time>2025-03-23T08:39:56Z</time>
</trkpt>
<trkpt lat="24.930157" lon="121.756185">
<ele>702.3</ele>
<time>2025-03-23T08:40:07Z</time>
</trkpt>
<trkpt lat="24.930241" lon="121.756263">
<ele>713.8</ele>
<time>2025-03-23T08:40:18Z</time>
</trkpt>
<trkpt lat="24.930281" lon="121.756262">
<ele>717.2</ele>
<time>2025-03-23T08:40:29Z</time>
</trkpt>
<trkpt lat="24.93032" lon="121.756171">
<ele>701.6</ele>
<time>2025-03-23T08:40:40Z</time>
</trkpt>
<trkpt lat="24.930392" lon="121.756328">
<ele>732.4</ele>
<time>2025-03-23T08:40:51Z</time>
</trkpt>
<trkpt lat="24.930384" lon="121.756289">
<ele>728.6</ele>
<time>2025-03-23T08:41:02Z</time>
</trkpt>
<trkpt lat="24.930481" lon="121.756249">
<ele>710.9</ele>
<time>2025-03-23T08:41:12Z</time>
</trkpt>
<trkpt lat="24.930572" lon="121.756217">
<ele>712</ele>
<time>2025-03-23T08:41:23Z</time>
</trkpt>
<trkpt lat="24.930639" lon="121.756209">
<ele>710.7</ele>
<time>2025-03-23T08:41:34Z</time>
</trkpt>
<trkpt lat="24.930669" lon="121.756137">
<ele>709</ele>
<time>2025-03-23T08:41:45Z</time>
</trkpt>
<trkpt lat="24.930702" lon="121.756119">
<ele>704</ele>
<time>2025-03-23T08:41:56Z</time>
</trkpt>
<trkpt lat="24.930699" lon="121.756082">
<ele>707.8</ele>
<time>2025-03-23T08:42:07Z</time>
</trkpt>
<trkpt lat="24.930734" lon="121.7561">
<ele>703.3</ele>
<time>2025-03-23T08:42:18Z</time>
</trkpt>
<trkpt lat="24.930727" lon="121.756046">
<ele>706.9</ele>
<time>2025-03-23T08:42:29Z</time>
</trkpt>
<trkpt lat="24.930725" lon="121.756032">
<ele>704.5</ele>
<time>2025-03-23T08:42:40Z</time>
</trkpt>
<trkpt lat="24.930731" lon="121.755982">
<ele>707.4</ele>
<time>2025-03-23T08:42:51Z</time>
</trkpt>
<trkpt lat="24.930745" lon="121.755915">
<ele>710.8</ele>
<time>2025-03-23T08:43:02Z</time>
</trkpt>
<trkpt lat="24.930711" lon="121.755862">
<ele>705.3</ele>
<time>2025-03-23T08:43:13Z</time>
</trkpt>
<trkpt lat="24.930717" lon="121.755749">
<ele>709.7</ele>
<time>2025-03-23T08:43:23Z</time>
</trkpt>
<trkpt lat="24.930711" lon="121.755696">
<ele>708.7</ele>
<time>2025-03-23T08:43:34Z</time>
</trkpt>
<trkpt lat="24.930766" lon="121.755668">
<ele>696.5</ele>
<time>2025-03-23T08:43:45Z</time>
</trkpt>
<trkpt lat="24.930732" lon="121.755564">
<ele>705.3</ele>
<time>2025-03-23T08:43:56Z</time>
</trkpt>
<trkpt lat="24.930695" lon="121.75556">
<ele>696.9</ele>
<time>2025-03-23T08:44:07Z</time>
</trkpt>
<trkpt lat="24.930751" lon="121.755501">
<ele>708.7</ele>
<time>2025-03-23T08:44:18Z</time>
</trkpt>
<trkpt lat="24.93075" lon="121.755449">
<ele>708.5</ele>
<time>2025-03-23T08:44:29Z</time>
</trkpt>
<trkpt lat="24.930734" lon="121.755466">
<ele>704.4</ele>
<time>2025-03-23T08:44:40Z</time>
</trkpt>
<trkpt lat="24.930774" lon="121.755461">
<ele>703</ele>
<time>2025-03-23T08:44:51Z</time>
</trkpt>
<trkpt lat="24.93077" lon="121.75544">
<ele>694.5</ele>
<time>2025-03-23T08:45:02Z</time>
</trkpt>
<trkpt lat="24.930833" lon="121.755417">
<ele>690</ele>
<time>2025-03-23T08:45:13Z</time>
</trkpt>
<trkpt lat="24.93088" lon="121.755346">
<ele>688.3</ele>
<time>2025-03-23T08:45:24Z</time>
</trkpt>
<trkpt lat="24.930962" lon="121.755251">
<ele>683.3</ele>
<time>2025-03-23T08:45:34Z</time>
</trkpt>
<trkpt lat="24.930942" lon="121.755166">
<ele>690.5</ele>
<time>2025-03-23T08:45:45Z</time>
</trkpt>
<trkpt lat="24.930885" lon="121.755097">
<ele>687.4</ele>
<time>2025-03-23T08:45:56Z</time>
</trkpt>
<trkpt lat="24.930826" lon="121.755044">
<ele>685.1</ele>
<time>2025-03-23T08:46:07Z</time>
</trkpt>
<trkpt lat="24.930786" lon="121.754968">
<ele>692.2</ele>
<time>2025-03-23T08:46:18Z</time>
</trkpt>
<trkpt lat="24.930766" lon="121.754885">
<ele>696.6</ele>
<time>2025-03-23T08:46:29Z</time>
</trkpt>
<trkpt lat="24.930823" lon="121.754881">
<ele>690.9</ele>
<time>2025-03-23T08:46:40Z</time>
</trkpt>
<trkpt lat="24.93084" lon="121.754859">
<ele>679.8</ele>
<time>2025-03-23T08:46:50Z</time>
</trkpt>
<trkpt lat="24.930895" lon="121.754826">
<ele>678.3</ele>
<time>2025-03-23T08:47:01Z</time>
</trkpt>
<trkpt lat="24.930894" lon="121.75473">
<ele>690.6</ele>
<time>2025-03-23T08:47:12Z</time>
</trkpt>
<trkpt lat="24.93088" lon="121.754672">
<ele>694.2</ele>
<time>2025-03-23T08:47:23Z</time>
</trkpt>
<trkpt lat="24.930921" lon="121.754622">
<ele>684.7</ele>
<time>2025-03-23T08:47:33Z</time>
</trkpt>
<trkpt lat="24.930933" lon="121.754595">
<ele>682.4</ele>
<time>2025-03-23T08:47:44Z</time>
</trkpt>
<trkpt lat="24.930929" lon="121.754553">
<ele>680.5</ele>
<time>2025-03-23T08:47:55Z</time>
</trkpt>
<trkpt lat="24.930949" lon="121.754476">
<ele>680.9</ele>
<time>2025-03-23T08:48:06Z</time>
</trkpt>
<trkpt lat="24.930912" lon="121.754392">
<ele>680.1</ele>
<time>2025-03-23T08:48:17Z</time>
</trkpt>
<trkpt lat="24.930863" lon="121.754394">
<ele>666.3</ele>
<time>2025-03-23T08:48:28Z</time>
</trkpt>
<trkpt lat="24.930817" lon="121.754386">
<ele>664</ele>
<time>2025-03-23T08:48:39Z</time>
</trkpt>
<trkpt lat="24.930863" lon="121.754316">
<ele>680.4</ele>
<time>2025-03-23T08:48:50Z</time>
</trkpt>
<trkpt lat="24.9309" lon="121.754313">
<ele>698.8</ele>
<time>2025-03-23T08:49:01Z</time>
</trkpt>
<trkpt lat="24.930929" lon="121.754263">
<ele>708.7</ele>
<time>2025-03-23T08:49:12Z</time>
</trkpt>
<trkpt lat="24.930869" lon="121.754274">
<ele>692.2</ele>
<time>2025-03-23T08:49:23Z</time>
</trkpt>
<trkpt lat="24.930893" lon="121.754269">
<ele>695.9</ele>
<time>2025-03-23T08:49:34Z</time>
</trkpt>
<trkpt lat="24.9309" lon="121.754307">
<ele>697.4</ele>
<time>2025-03-23T08:49:44Z</time>
</trkpt>
<trkpt lat="24.930877" lon="121.754255">
<ele>698.9</ele>
<time>2025-03-23T08:49:55Z</time>
</trkpt>
<trkpt lat="24.930862" lon="121.75422">
<ele>690.8</ele>
<time>2025-03-23T08:50:06Z</time>
</trkpt>
<trkpt lat="24.930938" lon="121.754221">
<ele>697.8</ele>
<time>2025-03-23T08:50:17Z</time>
</trkpt>
<trkpt lat="24.930966" lon="121.754204">
<ele>706.3</ele>
<time>2025-03-23T08:50:28Z</time>
</trkpt>
<trkpt lat="24.930948" lon="121.754186">
<ele>697.5</ele>
<time>2025-03-23T08:50:39Z</time>
</trkpt>
<trkpt lat="24.930987" lon="121.754113">
<ele>692.1</ele>
<time>2025-03-23T08:50:50Z</time>
</trkpt>
<trkpt lat="24.931025" lon="121.754164">
<ele>702.2</ele>
<time>2025-03-23T08:51:01Z</time>
</trkpt>
<trkpt lat="24.93108" lon="121.754172">
<ele>706.8</ele>
<time>2025-03-23T08:51:12Z</time>
</trkpt>
<trkpt lat="24.931121" lon="121.754133">
<ele>699.6</ele>
<time>2025-03-23T08:51:23Z</time>
</trkpt>
<trkpt lat="24.931171" lon="121.754114">
<ele>702.7</ele>
<time>2025-03-23T08:51:34Z</time>
</trkpt>
<trkpt lat="24.931217" lon="121.754075">
<ele>693.3</ele>
<time>2025-03-23T08:51:44Z</time>
</trkpt>
<trkpt lat="24.931297" lon="121.754123">
<ele>708.1</ele>
<time>2025-03-23T08:51:55Z</time>
</trkpt>
<trkpt lat="24.931338" lon="121.754074">
<ele>703.3</ele>
<time>2025-03-23T08:52:06Z</time>
</trkpt>
<trkpt lat="24.931365" lon="121.754095">
<ele>706.7</ele>
<time>2025-03-23T08:52:17Z</time>
</trkpt>
<trkpt lat="24.931403" lon="121.754059">
<ele>703.3</ele>
<time>2025-03-23T08:52:28Z</time>
</trkpt>
<trkpt lat="24.931474" lon="121.754053">
<ele>707.7</ele>
<time>2025-03-23T08:52:39Z</time>
</trkpt>
<trkpt lat="24.931521" lon="121.754016">
<ele>709.5</ele>
<time>2025-03-23T08:52:50Z</time>
</trkpt>
<trkpt lat="24.931587" lon="121.753997">
<ele>711.2</ele>
<time>2025-03-23T08:53:01Z</time>
</trkpt>
<trkpt lat="24.931631" lon="121.753954">
<ele>711.9</ele>
<time>2025-03-23T08:53:11Z</time>
</trkpt>
<trkpt lat="24.931671" lon="121.753917">
<ele>713.8</ele>
<time>2025-03-23T08:53:22Z</time>
</trkpt>
<trkpt lat="24.931654" lon="121.753918">
<ele>708</ele>
<time>2025-03-23T08:53:36Z</time>
</trkpt>
<trkpt lat="24.931645" lon="121.753921">
<ele>715.7</ele>
<time>2025-03-23T08:53:47Z</time>
</trkpt>
<trkpt lat="24.931675" lon="121.753928">
<ele>715.9</ele>
<time>2025-03-23T08:53:57Z</time>
</trkpt>
<trkpt lat="24.931686" lon="121.753924">
<ele>717.6</ele>
<time>2025-03-23T08:54:08Z</time>
</trkpt>
<trkpt lat="24.931655" lon="121.753921">
<ele>718.4</ele>
<time>2025-03-23T08:54:19Z</time>
</trkpt>
<trkpt lat="24.931664" lon="121.753922">
<ele>709</ele>
<time>2025-03-23T08:54:30Z</time>
</trkpt>
<trkpt lat="24.931694" lon="121.753925">
<ele>714.5</ele>
<time>2025-03-23T08:54:41Z</time>
</trkpt>
<trkpt lat="24.931687" lon="121.753919">
<ele>715.1</ele>
<time>2025-03-23T08:55:04Z</time>
</trkpt>
<trkpt lat="24.931694" lon="121.753913">
<ele>713.6</ele>
<time>2025-03-23T08:55:25Z</time>
</trkpt>
<trkpt lat="24.931684" lon="121.75392">
<ele>713.3</ele>
<time>2025-03-23T08:55:40Z</time>
</trkpt>
<trkpt lat="24.931689" lon="121.753936">
<ele>713.7</ele>
<time>2025-03-23T08:55:51Z</time>
</trkpt>
<trkpt lat="24.931766" lon="121.753988">
<ele>711.3</ele>
<time>2025-03-23T08:56:01Z</time>
</trkpt>
<trkpt lat="24.93183" lon="121.754019">
<ele>709</ele>
<time>2025-03-23T08:56:12Z</time>
</trkpt>
<trkpt lat="24.931873" lon="121.754009">
<ele>704.5</ele>
<time>2025-03-23T08:56:23Z</time>
</trkpt>
<trkpt lat="24.9319" lon="121.754011">
<ele>708.3</ele>
<time>2025-03-23T08:56:34Z</time>
</trkpt>
<trkpt lat="24.931911" lon="121.754007">
<ele>703.1</ele>
<time>2025-03-23T08:56:45Z</time>
</trkpt>
<trkpt lat="24.931957" lon="121.754001">
<ele>708.3</ele>
<time>2025-03-23T08:56:56Z</time>
</trkpt>
<trkpt lat="24.932" lon="121.753998">
<ele>707.3</ele>
<time>2025-03-23T08:57:07Z</time>
</trkpt>
<trkpt lat="24.93204" lon="121.753968">
<ele>708.1</ele>
<time>2025-03-23T08:57:18Z</time>
</trkpt>
<trkpt lat="24.932073" lon="121.75399">
<ele>701.1</ele>
<time>2025-03-23T08:57:28Z</time>
</trkpt>
<trkpt lat="24.932137" lon="121.754011">
<ele>698.5</ele>
<time>2025-03-23T08:57:39Z</time>
</trkpt>
<trkpt lat="24.932162" lon="121.754038">
<ele>695.9</ele>
<time>2025-03-23T08:57:49Z</time>
</trkpt>
<trkpt lat="24.93222" lon="121.75404">
<ele>694.6</ele>
<time>2025-03-23T08:58:00Z</time>
</trkpt>
<trkpt lat="24.932281" lon="121.754064">
<ele>693.2</ele>
<time>2025-03-23T08:58:11Z</time>
</trkpt>
<trkpt lat="24.932372" lon="121.754077">
<ele>696.3</ele>
<time>2025-03-23T08:58:22Z</time>
</trkpt>
<trkpt lat="24.932447" lon="121.754139">
<ele>696.6</ele>
<time>2025-03-23T08:58:33Z</time>
</trkpt>
<trkpt lat="24.932502" lon="121.754209">
<ele>697.6</ele>
<time>2025-03-23T08:58:44Z</time>
</trkpt>
<trkpt lat="24.932566" lon="121.754237">
<ele>692</ele>
<time>2025-03-23T08:58:55Z</time>
</trkpt>
<trkpt lat="24.932614" lon="121.75426">
<ele>689</ele>
<time>2025-03-23T08:59:06Z</time>
</trkpt>
<trkpt lat="24.93265" lon="121.754277">
<ele>689.3</ele>
<time>2025-03-23T08:59:16Z</time>
</trkpt>
<trkpt lat="24.932671" lon="121.754275">
<ele>690.7</ele>
<time>2025-03-23T08:59:26Z</time>
</trkpt>
<trkpt lat="24.932706" lon="121.754325">
<ele>687.9</ele>
<time>2025-03-23T08:59:37Z</time>
</trkpt>
<trkpt lat="24.932739" lon="121.754318">
<ele>684.1</ele>
<time>2025-03-23T08:59:47Z</time>
</trkpt>
<trkpt lat="24.932768" lon="121.754314">
<ele>684.1</ele>
<time>2025-03-23T08:59:58Z</time>
</trkpt>
<trkpt lat="24.932827" lon="121.754316">
<ele>681.6</ele>
<time>2025-03-23T09:00:09Z</time>
</trkpt>
<trkpt lat="24.932887" lon="121.754336">
<ele>681.6</ele>
<time>2025-03-23T09:00:20Z</time>
</trkpt>
<trkpt lat="24.932905" lon="121.754333">
<ele>681.1</ele>
<time>2025-03-23T09:00:31Z</time>
</trkpt>
<trkpt lat="24.932944" lon="121.754311">
<ele>678.6</ele>
<time>2025-03-23T09:00:42Z</time>
</trkpt>
<trkpt lat="24.932964" lon="121.754345">
<ele>673.5</ele>
<time>2025-03-23T09:00:53Z</time>
</trkpt>
<trkpt lat="24.932996" lon="121.75434">
<ele>675.3</ele>
<time>2025-03-23T09:01:04Z</time>
</trkpt>
<trkpt lat="24.933027" lon="121.754354">
<ele>673.5</ele>
<time>2025-03-23T09:01:15Z</time>
</trkpt>
<trkpt lat="24.933087" lon="121.754378">
<ele>672</ele>
<time>2025-03-23T09:01:25Z</time>
</trkpt>
<trkpt lat="24.933123" lon="121.754405">
<ele>675.8</ele>
<time>2025-03-23T09:01:35Z</time>
</trkpt>
<trkpt lat="24.933163" lon="121.754463">
<ele>670</ele>
<time>2025-03-23T09:01:45Z</time>
</trkpt>
<trkpt lat="24.933139" lon="121.754496">
<ele>668.5</ele>
<time>2025-03-23T09:01:56Z</time>
</trkpt>
<trkpt lat="24.933236" lon="121.754525">
<ele>668.5</ele>
<time>2025-03-23T09:02:07Z</time>
</trkpt>
<trkpt lat="24.933273" lon="121.754584">
<ele>665.3</ele>
<time>2025-03-23T09:02:18Z</time>
</trkpt>
<trkpt lat="24.933326" lon="121.754612">
<ele>671.3</ele>
<time>2025-03-23T09:02:29Z</time>
</trkpt>
<trkpt lat="24.933364" lon="121.754618">
<ele>669.4</ele>
<time>2025-03-23T09:02:40Z</time>
</trkpt>
<trkpt lat="24.933415" lon="121.754599">
<ele>668.5</ele>
<time>2025-03-23T09:02:51Z</time>
</trkpt>
<trkpt lat="24.933459" lon="121.754561">
<ele>669.3</ele>
<time>2025-03-23T09:03:02Z</time>
</trkpt>
<trkpt lat="24.933484" lon="121.754566">
<ele>667.3</ele>
<time>2025-03-23T09:03:13Z</time>
</trkpt>
<trkpt lat="24.933515" lon="121.754548">
<ele>668.4</ele>
<time>2025-03-23T09:03:24Z</time>
</trkpt>
<trkpt lat="24.933526" lon="121.754548">
<ele>660.3</ele>
<time>2025-03-23T09:03:35Z</time>
</trkpt>
<trkpt lat="24.933562" lon="121.754501">
<ele>662.9</ele>
<time>2025-03-23T09:03:45Z</time>
</trkpt>
<trkpt lat="24.933578" lon="121.754473">
<ele>662.6</ele>
<time>2025-03-23T09:03:55Z</time>
</trkpt>
<trkpt lat="24.933603" lon="121.754478">
<ele>660.6</ele>
<time>2025-03-23T09:04:06Z</time>
</trkpt>
<trkpt lat="24.93364" lon="121.754483">
<ele>664.1</ele>
<time>2025-03-23T09:04:17Z</time>
</trkpt>
<trkpt lat="24.933651" lon="121.754486">
<ele>657</ele>
<time>2025-03-23T09:04:28Z</time>
</trkpt>
<trkpt lat="24.933712" lon="121.754432">
<ele>656.5</ele>
<time>2025-03-23T09:04:39Z</time>
</trkpt>
<trkpt lat="24.933756" lon="121.754433">
<ele>654.4</ele>
<time>2025-03-23T09:04:50Z</time>
</trkpt>
<trkpt lat="24.933808" lon="121.754424">
<ele>650.7</ele>
<time>2025-03-23T09:05:01Z</time>
</trkpt>
<trkpt lat="24.933852" lon="121.754375">
<ele>652.3</ele>
<time>2025-03-23T09:05:12Z</time>
</trkpt>
<trkpt lat="24.933881" lon="121.754365">
<ele>652</ele>
<time>2025-03-23T09:05:23Z</time>
</trkpt>
<trkpt lat="24.933891" lon="121.754368">
<ele>650.1</ele>
<time>2025-03-23T09:05:34Z</time>
</trkpt>
<trkpt lat="24.933906" lon="121.754352">
<ele>648.8</ele>
<time>2025-03-23T09:05:44Z</time>
</trkpt>
<trkpt lat="24.933915" lon="121.754335">
<ele>647.8</ele>
<time>2025-03-23T09:05:54Z</time>
</trkpt>
<trkpt lat="24.933928" lon="121.754309">
<ele>643.5</ele>
<time>2025-03-23T09:06:05Z</time>
</trkpt>
<trkpt lat="24.933972" lon="121.75427">
<ele>642.4</ele>
<time>2025-03-23T09:06:16Z</time>
</trkpt>
<trkpt lat="24.933986" lon="121.75428">
<ele>640.7</ele>
<time>2025-03-23T09:06:27Z</time>
</trkpt>
<trkpt lat="24.933989" lon="121.754305">
<ele>638.3</ele>
<time>2025-03-23T09:06:38Z</time>
</trkpt>
<trkpt lat="24.93397" lon="121.754301">
<ele>634.8</ele>
<time>2025-03-23T09:06:49Z</time>
</trkpt>
<trkpt lat="24.933984" lon="121.754273">
<ele>639.1</ele>
<time>2025-03-23T09:06:59Z</time>
</trkpt>
<trkpt lat="24.933993" lon="121.754258">
<ele>637.5</ele>
<time>2025-03-23T09:07:10Z</time>
</trkpt>
<trkpt lat="24.934026" lon="121.754228">
<ele>638.8</ele>
<time>2025-03-23T09:07:21Z</time>
</trkpt>
<trkpt lat="24.934072" lon="121.754195">
<ele>636.8</ele>
<time>2025-03-23T09:07:32Z</time>
</trkpt>
<trkpt lat="24.934142" lon="121.754163">
<ele>638</ele>
<time>2025-03-23T09:07:43Z</time>
</trkpt>
<trkpt lat="24.934152" lon="121.754142">
<ele>637.1</ele>
<time>2025-03-23T09:07:53Z</time>
</trkpt>
<trkpt lat="24.934173" lon="121.754141">
<ele>638.6</ele>
<time>2025-03-23T09:08:04Z</time>
</trkpt>
<trkpt lat="24.934223" lon="121.754101">
<ele>634.6</ele>
<time>2025-03-23T09:08:15Z</time>
</trkpt>
<trkpt lat="24.93428" lon="121.754081">
<ele>626.3</ele>
<time>2025-03-23T09:08:26Z</time>
</trkpt>
<trkpt lat="24.934332" lon="121.754026">
<ele>625.8</ele>
<time>2025-03-23T09:08:37Z</time>
</trkpt>
<trkpt lat="24.93437" lon="121.754027">
<ele>633.1</ele>
<time>2025-03-23T09:08:48Z</time>
</trkpt>
<trkpt lat="24.934355" lon="121.754049">
<ele>625.8</ele>
<time>2025-03-23T09:08:59Z</time>
</trkpt>
<trkpt lat="24.934359" lon="121.754033">
<ele>625.2</ele>
<time>2025-03-23T09:09:10Z</time>
</trkpt>
<trkpt lat="24.934409" lon="121.753999">
<ele>621.6</ele>
<time>2025-03-23T09:09:21Z</time>
</trkpt>
<trkpt lat="24.934436" lon="121.75398">
<ele>622</ele>
<time>2025-03-23T09:09:32Z</time>
</trkpt>
<trkpt lat="24.934483" lon="121.753941">
<ele>619.8</ele>
<time>2025-03-23T09:09:43Z</time>
</trkpt>
<trkpt lat="24.934498" lon="121.753939">
<ele>621</ele>
<time>2025-03-23T09:09:54Z</time>
</trkpt>
<trkpt lat="24.934543" lon="121.753928">
<ele>620.7</ele>
<time>2025-03-23T09:10:05Z</time>
</trkpt>
<trkpt lat="24.934611" lon="121.753879">
<ele>618.6</ele>
<time>2025-03-23T09:10:16Z</time>
</trkpt>
<trkpt lat="24.93464" lon="121.753825">
<ele>618.7</ele>
<time>2025-03-23T09:10:27Z</time>
</trkpt>
<trkpt lat="24.934691" lon="121.753794">
<ele>619</ele>
<time>2025-03-23T09:10:38Z</time>
</trkpt>
<trkpt lat="24.934696" lon="121.753735">
<ele>615.6</ele>
<time>2025-03-23T09:10:49Z</time>
</trkpt>
<trkpt lat="24.934694" lon="121.753715">
<ele>621.8</ele>
<time>2025-03-23T09:11:00Z</time>
</trkpt>
<trkpt lat="24.934688" lon="121.753706">
<ele>613.8</ele>
<time>2025-03-23T09:11:12Z</time>
</trkpt>
<trkpt lat="24.934678" lon="121.753694">
<ele>619.1</ele>
<time>2025-03-23T09:11:23Z</time>
</trkpt>
<trkpt lat="24.93465" lon="121.753674">
<ele>616.6</ele>
<time>2025-03-23T09:11:33Z</time>
</trkpt>
<trkpt lat="24.934645" lon="121.75369">
<ele>618.7</ele>
<time>2025-03-23T09:11:44Z</time>
</trkpt>
<trkpt lat="24.934619" lon="121.753692">
<ele>618</ele>
<time>2025-03-23T09:11:55Z</time>
</trkpt>
<trkpt lat="24.934608" lon="121.753686">
<ele>617</ele>
<time>2025-03-23T09:12:10Z</time>
</trkpt>
<trkpt lat="24.934619" lon="121.753686">
<ele>614.5</ele>
<time>2025-03-23T09:12:22Z</time>
</trkpt>
<trkpt lat="24.934613" lon="121.753661">
<ele>613.1</ele>
<time>2025-03-23T09:12:36Z</time>
</trkpt>
<trkpt lat="24.934614" lon="121.753642">
<ele>613.4</ele>
<time>2025-03-23T09:12:47Z</time>
</trkpt>
<trkpt lat="24.934597" lon="121.753636">
<ele>614.9</ele>
<time>2025-03-23T09:12:58Z</time>
</trkpt>
<trkpt lat="24.934566" lon="121.753654">
<ele>613.2</ele>
<time>2025-03-23T09:13:09Z</time>
</trkpt>
<trkpt lat="24.934533" lon="121.753674">
<ele>610.7</ele>
<time>2025-03-23T09:13:20Z</time>
</trkpt>
<trkpt lat="24.934555" lon="121.753641">
<ele>606.4</ele>
<time>2025-03-23T09:13:30Z</time>
</trkpt>
<trkpt lat="24.934574" lon="121.753589">
<ele>605</ele>
<time>2025-03-23T09:13:41Z</time>
</trkpt>
<trkpt lat="24.934619" lon="121.753547">
<ele>608.5</ele>
<time>2025-03-23T09:13:52Z</time>
</trkpt>
<trkpt lat="24.934677" lon="121.753487">
<ele>613.4</ele>
<time>2025-03-23T09:14:03Z</time>
</trkpt>
<trkpt lat="24.93465" lon="121.753504">
<ele>599.4</ele>
<time>2025-03-23T09:14:14Z</time>
</trkpt>
<trkpt lat="24.934709" lon="121.753435">
<ele>600.5</ele>
<time>2025-03-23T09:14:25Z</time>
</trkpt>
<trkpt lat="24.934744" lon="121.753359">
<ele>601.1</ele>
<time>2025-03-23T09:14:36Z</time>
</trkpt>
<trkpt lat="24.934802" lon="121.753313">
<ele>598.2</ele>
<time>2025-03-23T09:14:47Z</time>
</trkpt>
<trkpt lat="24.934781" lon="121.753337">
<ele>590.9</ele>
<time>2025-03-23T09:14:58Z</time>
</trkpt>
<trkpt lat="24.93484" lon="121.75332">
<ele>581.4</ele>
<time>2025-03-23T09:15:09Z</time>
</trkpt>
<trkpt lat="24.93489" lon="121.753286">
<ele>586</ele>
<time>2025-03-23T09:15:19Z</time>
</trkpt>
<trkpt lat="24.934961" lon="121.75327">
<ele>583.9</ele>
<time>2025-03-23T09:15:30Z</time>
</trkpt>
<trkpt lat="24.935079" lon="121.75326">
<ele>587.4</ele>
<time>2025-03-23T09:15:41Z</time>
</trkpt>
<trkpt lat="24.935146" lon="121.753244">
<ele>587.9</ele>
<time>2025-03-23T09:15:52Z</time>
</trkpt>
<trkpt lat="24.935186" lon="121.753236">
<ele>583.8</ele>
<time>2025-03-23T09:16:03Z</time>
</trkpt>
<trkpt lat="24.935256" lon="121.753229">
<ele>581.6</ele>
<time>2025-03-23T09:16:14Z</time>
</trkpt>
<trkpt lat="24.935348" lon="121.753193">
<ele>582.5</ele>
<time>2025-03-23T09:16:25Z</time>
</trkpt>
<trkpt lat="24.935404" lon="121.753167">
<ele>587.1</ele>
<time>2025-03-23T09:16:36Z</time>
</trkpt>
<trkpt lat="24.935439" lon="121.753155">
<ele>575.9</ele>
<time>2025-03-23T09:16:47Z</time>
</trkpt>
<trkpt lat="24.935473" lon="121.753169">
<ele>576.3</ele>
<time>2025-03-23T09:16:58Z</time>
</trkpt>
<trkpt lat="24.935524" lon="121.753136">
<ele>579.9</ele>
<time>2025-03-23T09:17:08Z</time>
</trkpt>
<trkpt lat="24.93555" lon="121.753115">
<ele>576.8</ele>
<time>2025-03-23T09:17:19Z</time>
</trkpt>
<trkpt lat="24.935564" lon="121.753111">
<ele>570.2</ele>
<time>2025-03-23T09:17:31Z</time>
</trkpt>
<trkpt lat="24.935642" lon="121.753057">
<ele>571.2</ele>
<time>2025-03-23T09:17:42Z</time>
</trkpt>
<trkpt lat="24.935693" lon="121.753027">
<ele>573.4</ele>
<time>2025-03-23T09:17:53Z</time>
</trkpt>
<trkpt lat="24.935688" lon="121.75301">
<ele>572.5</ele>
<time>2025-03-23T09:18:04Z</time>
</trkpt>
<trkpt lat="24.935691" lon="121.753023">
<ele>577.2</ele>
<time>2025-03-23T09:18:15Z</time>
</trkpt>
<trkpt lat="24.935722" lon="121.752981">
<ele>573.4</ele>
<time>2025-03-23T09:18:26Z</time>
</trkpt>
<trkpt lat="24.935722" lon="121.752947">
<ele>568.2</ele>
<time>2025-03-23T09:18:37Z</time>
</trkpt>
<trkpt lat="24.935683" lon="121.752924">
<ele>569.9</ele>
<time>2025-03-23T09:18:48Z</time>
</trkpt>
<trkpt lat="24.935664" lon="121.752906">
<ele>574.2</ele>
<time>2025-03-23T09:18:59Z</time>
</trkpt>
<trkpt lat="24.935648" lon="121.752912">
<ele>572.3</ele>
<time>2025-03-23T09:19:09Z</time>
</trkpt>
<trkpt lat="24.935627" lon="121.752896">
<ele>563.4</ele>
<time>2025-03-23T09:19:20Z</time>
</trkpt>
<trkpt lat="24.935616" lon="121.752852">
<ele>563.2</ele>
<time>2025-03-23T09:19:31Z</time>
</trkpt>
<trkpt lat="24.935598" lon="121.752822">
<ele>561.1</ele>
<time>2025-03-23T09:19:42Z</time>
</trkpt>
<trkpt lat="24.935582" lon="121.752753">
<ele>561.8</ele>
<time>2025-03-23T09:19:53Z</time>
</trkpt>
<trkpt lat="24.935594" lon="121.75273">
<ele>556.6</ele>
<time>2025-03-23T09:20:04Z</time>
</trkpt>
<trkpt lat="24.935612" lon="121.752701">
<ele>552</ele>
<time>2025-03-23T09:20:15Z</time>
</trkpt>
<trkpt lat="24.935616" lon="121.752682">
<ele>547.5</ele>
<time>2025-03-23T09:20:26Z</time>
</trkpt>
<trkpt lat="24.935621" lon="121.752645">
<ele>548.2</ele>
<time>2025-03-23T09:20:37Z</time>
</trkpt>
<trkpt lat="24.935641" lon="121.752613">
<ele>548.6</ele>
<time>2025-03-23T09:20:48Z</time>
</trkpt>
<trkpt lat="24.935653" lon="121.752595">
<ele>543.7</ele>
<time>2025-03-23T09:20:59Z</time>
</trkpt>
<trkpt lat="24.9357" lon="121.752589">
<ele>544.6</ele>
<time>2025-03-23T09:21:09Z</time>
</trkpt>
<trkpt lat="24.935759" lon="121.752562">
<ele>539.1</ele>
<time>2025-03-23T09:21:20Z</time>
</trkpt>
<trkpt lat="24.935795" lon="121.752544">
<ele>547.4</ele>
<time>2025-03-23T09:21:31Z</time>
</trkpt>
<trkpt lat="24.935823" lon="121.752528">
<ele>537.9</ele>
<time>2025-03-23T09:21:42Z</time>
</trkpt>
<trkpt lat="24.935874" lon="121.752491">
<ele>537</ele>
<time>2025-03-23T09:21:53Z</time>
</trkpt>
<trkpt lat="24.935911" lon="121.752475">
<ele>536.9</ele>
<time>2025-03-23T09:22:04Z</time>
</trkpt>
<trkpt lat="24.935957" lon="121.752454">
<ele>531.3</ele>
<time>2025-03-23T09:22:15Z</time>
</trkpt>
<trkpt lat="24.935991" lon="121.752451">
<ele>530.6</ele>
<time>2025-03-23T09:22:26Z</time>
</trkpt>
<trkpt lat="24.935987" lon="121.752469">
<ele>527.9</ele>
<time>2025-03-23T09:22:37Z</time>
</trkpt>
<trkpt lat="24.936045" lon="121.752469">
<ele>529</ele>
<time>2025-03-23T09:22:48Z</time>
</trkpt>
<trkpt lat="24.936102" lon="121.752477">
<ele>529.4</ele>
<time>2025-03-23T09:22:59Z</time>
</trkpt>
<trkpt lat="24.936147" lon="121.752452">
<ele>532.7</ele>
<time>2025-03-23T09:23:10Z</time>
</trkpt>
<trkpt lat="24.936198" lon="121.75245">
<ele>527</ele>
<time>2025-03-23T09:23:20Z</time>
</trkpt>
<trkpt lat="24.93623" lon="121.752399">
<ele>525.5</ele>
<time>2025-03-23T09:23:31Z</time>
</trkpt>
<trkpt lat="24.936276" lon="121.752374">
<ele>527.4</ele>
<time>2025-03-23T09:23:42Z</time>
</trkpt>
<trkpt lat="24.936341" lon="121.752318">
<ele>524.2</ele>
<time>2025-03-23T09:23:53Z</time>
</trkpt>
<trkpt lat="24.936397" lon="121.752301">
<ele>525</ele>
<time>2025-03-23T09:24:04Z</time>
</trkpt>
<trkpt lat="24.936457" lon="121.752275">
<ele>527.7</ele>
<time>2025-03-23T09:24:15Z</time>
</trkpt>
<trkpt lat="24.936489" lon="121.752254">
<ele>521</ele>
<time>2025-03-23T09:24:27Z</time>
</trkpt>
<trkpt lat="24.936516" lon="121.752221">
<ele>516.2</ele>
<time>2025-03-23T09:24:37Z</time>
</trkpt>
<trkpt lat="24.936554" lon="121.752225">
<ele>509.2</ele>
<time>2025-03-23T09:24:48Z</time>
</trkpt>
<trkpt lat="24.93663" lon="121.752171">
<ele>507.9</ele>
<time>2025-03-23T09:24:59Z</time>
</trkpt>
<trkpt lat="24.936684" lon="121.752153">
<ele>509.2</ele>
<time>2025-03-23T09:25:10Z</time>
</trkpt>
<trkpt lat="24.936721" lon="121.752132">
<ele>507.2</ele>
<time>2025-03-23T09:25:20Z</time>
</trkpt>
<trkpt lat="24.936773" lon="121.752088">
<ele>513</ele>
<time>2025-03-23T09:25:31Z</time>
</trkpt>
<trkpt lat="24.936817" lon="121.752113">
<ele>503.6</ele>
<time>2025-03-23T09:25:42Z</time>
</trkpt>
<trkpt lat="24.936887" lon="121.752086">
<ele>499.5</ele>
<time>2025-03-23T09:25:53Z</time>
</trkpt>
<trkpt lat="24.936983" lon="121.75206">
<ele>506.6</ele>
<time>2025-03-23T09:26:04Z</time>
</trkpt>
<trkpt lat="24.937045" lon="121.752027">
<ele>501.5</ele>
<time>2025-03-23T09:26:15Z</time>
</trkpt>
<trkpt lat="24.93709" lon="121.752005">
<ele>499.8</ele>
<time>2025-03-23T09:26:26Z</time>
</trkpt>
<trkpt lat="24.937142" lon="121.751994">
<ele>500.6</ele>
<time>2025-03-23T09:26:37Z</time>
</trkpt>
<trkpt lat="24.937161" lon="121.751978">
<ele>503.9</ele>
<time>2025-03-23T09:26:47Z</time>
</trkpt>
<trkpt lat="24.937193" lon="121.751975">
<ele>495.9</ele>
<time>2025-03-23T09:26:58Z</time>
</trkpt>
<trkpt lat="24.937254" lon="121.751946">
<ele>498.3</ele>
<time>2025-03-23T09:27:09Z</time>
</trkpt>
<trkpt lat="24.937327" lon="121.751915">
<ele>497.7</ele>
<time>2025-03-23T09:27:20Z</time>
</trkpt>
<trkpt lat="24.937385" lon="121.751883">
<ele>496.9</ele>
<time>2025-03-23T09:27:30Z</time>
</trkpt>
<trkpt lat="24.937427" lon="121.751863">
<ele>492.8</ele>
<time>2025-03-23T09:27:41Z</time>
</trkpt>
<trkpt lat="24.937483" lon="121.751849">
<ele>487.7</ele>
<time>2025-03-23T09:27:52Z</time>
</trkpt>
<trkpt lat="24.937523" lon="121.751819">
<ele>488.9</ele>
<time>2025-03-23T09:28:03Z</time>
</trkpt>
<trkpt lat="24.937554" lon="121.751872">
<ele>481.3</ele>
<time>2025-03-23T09:28:14Z</time>
</trkpt>
<trkpt lat="24.937567" lon="121.751927">
<ele>478</ele>
<time>2025-03-23T09:28:25Z</time>
</trkpt>
<trkpt lat="24.937595" lon="121.751979">
<ele>478.6</ele>
<time>2025-03-23T09:28:36Z</time>
</trkpt>
<trkpt lat="24.937593" lon="121.752039">
<ele>474.9</ele>
<time>2025-03-23T09:28:47Z</time>
</trkpt>
<trkpt lat="24.937618" lon="121.752068">
<ele>478.6</ele>
<time>2025-03-23T09:28:58Z</time>
</trkpt>
<trkpt lat="24.937633" lon="121.752072">
<ele>472.7</ele>
<time>2025-03-23T09:29:10Z</time>
</trkpt>
<trkpt lat="24.937717" lon="121.752136">
<ele>474.4</ele>
<time>2025-03-23T09:29:21Z</time>
</trkpt>
<trkpt lat="24.93776" lon="121.752156">
<ele>472.6</ele>
<time>2025-03-23T09:29:31Z</time>
</trkpt>
<trkpt lat="24.937802" lon="121.752179">
<ele>463.3</ele>
<time>2025-03-23T09:29:42Z</time>
</trkpt>
<trkpt lat="24.937908" lon="121.752187">
<ele>473.1</ele>
<time>2025-03-23T09:29:53Z</time>
</trkpt>
<trkpt lat="24.938016" lon="121.752241">
<ele>469.2</ele>
<time>2025-03-23T09:30:04Z</time>
</trkpt>
<trkpt lat="24.938059" lon="121.752264">
<ele>466.7</ele>
<time>2025-03-23T09:30:15Z</time>
</trkpt>
<trkpt lat="24.938107" lon="121.752277">
<ele>466.2</ele>
<time>2025-03-23T09:30:26Z</time>
</trkpt>
<trkpt lat="24.93813" lon="121.752298">
<ele>465</ele>
<time>2025-03-23T09:30:37Z</time>
</trkpt>
<trkpt lat="24.938199" lon="121.752304">
<ele>464.2</ele>
<time>2025-03-23T09:30:48Z</time>
</trkpt>
<trkpt lat="24.938237" lon="121.75232">
<ele>459.3</ele>
<time>2025-03-23T09:30:59Z</time>
</trkpt>
<trkpt lat="24.938283" lon="121.752336">
<ele>457.4</ele>
<time>2025-03-23T09:31:10Z</time>
</trkpt>
<trkpt lat="24.938334" lon="121.752378">
<ele>451.6</ele>
<time>2025-03-23T09:31:21Z</time>
</trkpt>
<trkpt lat="24.938364" lon="121.752396">
<ele>451.2</ele>
<time>2025-03-23T09:31:32Z</time>
</trkpt>
<trkpt lat="24.938445" lon="121.752404">
<ele>457.1</ele>
<time>2025-03-23T09:31:42Z</time>
</trkpt>
<trkpt lat="24.938486" lon="121.752425">
<ele>452.8</ele>
<time>2025-03-23T09:31:53Z</time>
</trkpt>
<trkpt lat="24.938484" lon="121.752416">
<ele>443.4</ele>
<time>2025-03-23T09:32:05Z</time>
</trkpt>
<trkpt lat="24.938551" lon="121.752422">
<ele>441</ele>
<time>2025-03-23T09:32:16Z</time>
</trkpt>
<trkpt lat="24.938595" lon="121.752418">
<ele>440.7</ele>
<time>2025-03-23T09:32:27Z</time>
</trkpt>
<trkpt lat="24.938642" lon="121.752432">
<ele>443.8</ele>
<time>2025-03-23T09:32:38Z</time>
</trkpt>
<trkpt lat="24.938674" lon="121.752426">
<ele>442.1</ele>
<time>2025-03-23T09:32:49Z</time>
</trkpt>
<trkpt lat="24.938718" lon="121.752454">
<ele>437.1</ele>
<time>2025-03-23T09:33:00Z</time>
</trkpt>
<trkpt lat="24.938741" lon="121.752449">
<ele>435.8</ele>
<time>2025-03-23T09:33:11Z</time>
</trkpt>
<trkpt lat="24.938775" lon="121.752452">
<ele>438.7</ele>
<time>2025-03-23T09:33:22Z</time>
</trkpt>
<trkpt lat="24.938801" lon="121.752433">
<ele>435.1</ele>
<time>2025-03-23T09:33:33Z</time>
</trkpt>
<trkpt lat="24.938849" lon="121.752414">
<ele>431.1</ele>
<time>2025-03-23T09:33:43Z</time>
</trkpt>
<trkpt lat="24.938863" lon="121.752413">
<ele>432.2</ele>
<time>2025-03-23T09:33:54Z</time>
</trkpt>
<trkpt lat="24.938896" lon="121.752408">
<ele>431.1</ele>
<time>2025-03-23T09:34:05Z</time>
</trkpt>
<trkpt lat="24.938937" lon="121.752388">
<ele>430.5</ele>
<time>2025-03-23T09:34:16Z</time>
</trkpt>
<trkpt lat="24.938985" lon="121.752329">
<ele>426.9</ele>
<time>2025-03-23T09:34:27Z</time>
</trkpt>
<trkpt lat="24.938937" lon="121.752274">
<ele>423.8</ele>
<time>2025-03-23T09:34:38Z</time>
</trkpt>
<trkpt lat="24.938916" lon="121.752189">
<ele>425.7</ele>
<time>2025-03-23T09:34:49Z</time>
</trkpt>
<trkpt lat="24.938947" lon="121.752137">
<ele>413.6</ele>
<time>2025-03-23T09:35:00Z</time>
</trkpt>
<trkpt lat="24.938944" lon="121.752098">
<ele>414.4</ele>
<time>2025-03-23T09:35:10Z</time>
</trkpt>
<trkpt lat="24.938993" lon="121.752055">
<ele>415.3</ele>
<time>2025-03-23T09:35:21Z</time>
</trkpt>
<trkpt lat="24.939038" lon="121.752036">
<ele>413.3</ele>
<time>2025-03-23T09:35:32Z</time>
</trkpt>
<trkpt lat="24.939062" lon="121.752051">
<ele>408.2</ele>
<time>2025-03-23T09:35:43Z</time>
</trkpt>
<trkpt lat="24.939122" lon="121.752046">
<ele>411.2</ele>
<time>2025-03-23T09:35:53Z</time>
</trkpt>
<trkpt lat="24.939184" lon="121.752042">
<ele>409.5</ele>
<time>2025-03-23T09:36:04Z</time>
</trkpt>
<trkpt lat="24.939198" lon="121.752065">
<ele>403.7</ele>
<time>2025-03-23T09:36:15Z</time>
</trkpt>
<trkpt lat="24.939273" lon="121.752059">
<ele>401.7</ele>
<time>2025-03-23T09:36:26Z</time>
</trkpt>
<trkpt lat="24.939321" lon="121.752055">
<ele>397.9</ele>
<time>2025-03-23T09:36:37Z</time>
</trkpt>
<trkpt lat="24.939362" lon="121.752069">
<ele>403.6</ele>
<time>2025-03-23T09:36:48Z</time>
</trkpt>
<trkpt lat="24.93941" lon="121.752129">
<ele>396.6</ele>
<time>2025-03-23T09:36:59Z</time>
</trkpt>
<trkpt lat="24.939432" lon="121.752167">
<ele>399.9</ele>
<time>2025-03-23T09:37:10Z</time>
</trkpt>
<trkpt lat="24.939497" lon="121.75212">
<ele>394.9</ele>
<time>2025-03-23T09:37:21Z</time>
</trkpt>
<trkpt lat="24.939522" lon="121.752085">
<ele>389.4</ele>
<time>2025-03-23T09:37:32Z</time>
</trkpt>
<trkpt lat="24.939569" lon="121.752047">
<ele>385.3</ele>
<time>2025-03-23T09:37:43Z</time>
</trkpt>
<trkpt lat="24.939567" lon="121.752017">
<ele>382.3</ele>
<time>2025-03-23T09:37:53Z</time>
</trkpt>
<trkpt lat="24.939613" lon="121.751996">
<ele>381.4</ele>
<time>2025-03-23T09:38:04Z</time>
</trkpt>
<trkpt lat="24.939667" lon="121.752002">
<ele>378.3</ele>
<time>2025-03-23T09:38:15Z</time>
</trkpt>
<trkpt lat="24.939751" lon="121.751983">
<ele>377.4</ele>
<time>2025-03-23T09:38:26Z</time>
</trkpt>
<trkpt lat="24.93979" lon="121.75196">
<ele>381.6</ele>
<time>2025-03-23T09:38:37Z</time>
</trkpt>
<trkpt lat="24.93982" lon="121.751957">
<ele>376.1</ele>
<time>2025-03-23T09:38:48Z</time>
</trkpt>
<trkpt lat="24.939853" lon="121.751948">
<ele>380.1</ele>
<time>2025-03-23T09:38:59Z</time>
</trkpt>
<trkpt lat="24.939864" lon="121.75195">
<ele>382.8</ele>
<time>2025-03-23T09:39:10Z</time>
</trkpt>
<trkpt lat="24.939896" lon="121.751987">
<ele>372.7</ele>
<time>2025-03-23T09:39:21Z</time>
</trkpt>
<trkpt lat="24.939943" lon="121.751984">
<ele>369.5</ele>
<time>2025-03-23T09:39:32Z</time>
</trkpt>
<trkpt lat="24.939972" lon="121.751906">
<ele>365.6</ele>
<time>2025-03-23T09:39:43Z</time>
</trkpt>
<trkpt lat="24.939995" lon="121.751879">
<ele>363.1</ele>
<time>2025-03-23T09:39:54Z</time>
</trkpt>
<trkpt lat="24.940011" lon="121.751844">
<ele>360.8</ele>
<time>2025-03-23T09:40:04Z</time>
</trkpt>
<trkpt lat="24.940027" lon="121.751768">
<ele>357.4</ele>
<time>2025-03-23T09:40:15Z</time>
</trkpt>
<trkpt lat="24.940062" lon="121.751684">
<ele>357.8</ele>
<time>2025-03-23T09:40:26Z</time>
</trkpt>
<trkpt lat="24.940096" lon="121.751609">
<ele>358.3</ele>
<time>2025-03-23T09:40:37Z</time>
</trkpt>
<trkpt lat="24.940163" lon="121.751599">
<ele>359.5</ele>
<time>2025-03-23T09:40:48Z</time>
</trkpt>
<trkpt lat="24.940209" lon="121.751556">
<ele>357.5</ele>
<time>2025-03-23T09:40:59Z</time>
</trkpt>
<trkpt lat="24.940247" lon="121.751515">
<ele>352.8</ele>
<time>2025-03-23T09:41:10Z</time>
</trkpt>
<trkpt lat="24.94025" lon="121.751525">
<ele>346.2</ele>
<time>2025-03-23T09:41:23Z</time>
</trkpt>
<trkpt lat="24.940252" lon="121.751553">
<ele>342.6</ele>
<time>2025-03-23T09:41:34Z</time>
</trkpt>
<trkpt lat="24.940275" lon="121.751583">
<ele>341.6</ele>
<time>2025-03-23T09:41:45Z</time>
</trkpt>
<trkpt lat="24.940298" lon="121.751612">
<ele>344.9</ele>
<time>2025-03-23T09:41:56Z</time>
</trkpt>
<trkpt lat="24.940328" lon="121.751666">
<ele>344.9</ele>
<time>2025-03-23T09:42:07Z</time>
</trkpt>
<trkpt lat="24.940312" lon="121.751708">
<ele>342.5</ele>
<time>2025-03-23T09:42:17Z</time>
</trkpt>
<trkpt lat="24.940283" lon="121.751731">
<ele>336.4</ele>
<time>2025-03-23T09:42:28Z</time>
</trkpt>
<trkpt lat="24.940299" lon="121.751766">
<ele>341.9</ele>
<time>2025-03-23T09:42:39Z</time>
</trkpt>
<trkpt lat="24.940346" lon="121.751713">
<ele>339.4</ele>
<time>2025-03-23T09:42:50Z</time>
</trkpt>
<trkpt lat="24.940404" lon="121.751691">
<ele>334.5</ele>
<time>2025-03-23T09:43:01Z</time>
</trkpt>
<trkpt lat="24.940469" lon="121.751698">
<ele>330.4</ele>
<time>2025-03-23T09:43:12Z</time>
</trkpt>
<trkpt lat="24.94054" lon="121.751716">
<ele>327.8</ele>
<time>2025-03-23T09:43:23Z</time>
</trkpt>
<trkpt lat="24.940628" lon="121.751692">
<ele>325.4</ele>
<time>2025-03-23T09:43:33Z</time>
</trkpt>
<trkpt lat="24.940683" lon="121.751573">
<ele>334.6</ele>
<time>2025-03-23T09:43:44Z</time>
</trkpt>
<trkpt lat="24.940708" lon="121.751505">
<ele>332.1</ele>
<time>2025-03-23T09:43:55Z</time>
</trkpt>
<trkpt lat="24.94079" lon="121.751546">
<ele>333.6</ele>
<time>2025-03-23T09:44:06Z</time>
</trkpt>
<trkpt lat="24.940849" lon="121.75164">
<ele>332.1</ele>
<time>2025-03-23T09:44:16Z</time>
</trkpt>
<trkpt lat="24.94091" lon="121.751728">
<ele>330.4</ele>
<time>2025-03-23T09:44:27Z</time>
</trkpt>
<trkpt lat="24.940989" lon="121.751799">
<ele>326.2</ele>
<time>2025-03-23T09:44:38Z</time>
</trkpt>
<trkpt lat="24.941093" lon="121.751781">
<ele>320.7</ele>
<time>2025-03-23T09:44:49Z</time>
</trkpt>
<trkpt lat="24.941134" lon="121.751759">
<ele>320.6</ele>
<time>2025-03-23T09:44:54Z</time>
</trkpt>
</trkseg>
</trk>
</gpx>
