<?xml version="1.0"?>
<gpx xmlns="http://www.topografix.com/GPX/1/1" xmlns:xsi="http://www.w3.org/2001/XMLSchema-instance" xmlns:wptx1="http://www.garmin.com/xmlschemas/WaypointExtension/v1" xmlns:gpxtrx="http://www.garmin.com/xmlschemas/GpxExtensions/v3" xmlns:gpxtpx="http://www.garmin.com/xmlschemas/TrackPointExtension/v1" xmlns:gpxx="http://www.garmin.com/xmlschemas/GpxExtensions/v3" xmlns:trp="http://www.garmin.com/xmlschemas/TripExtensions/v1" xmlns:adv="http://www.garmin.com/xmlschemas/AdventuresExtensions/v1" xmlns:prs="http://www.garmin.com/xmlschemas/PressureExtension/v1" xmlns:tmd="http://www.garmin.com/xmlschemas/TripMetaDataExtensions/v1" xmlns:vptm="http://www.garmin.com/xmlschemas/ViaPointTransportationModeExtensions/v1" xmlns:ctx="http://www.garmin.com/xmlschemas/CreationTimeExtension/v1" xmlns:gpxacc="http://www.garmin.com/xmlschemas/AccelerationExtension/v1" xmlns:gpxpx="http://www.garmin.com/xmlschemas/PowerExtension/v1" xmlns:vidx1="http://www.garmin.com/xmlschemas/VideoExtension/v1" creator="Garmin Desktop App" version="1.1" xsi:schemaLocation="http://www.topografix.com/GPX/1/1 http://www.topografix.com/GPX/1/1/gpx.xsd http://www.garmin.com/xmlschemas/WaypointExtension/v1 http://www8.garmin.com/xmlschemas/WaypointExtensionv1.xsd http://www.garmin.com/xmlschemas/TrackPointExtension/v1 http://www.garmin.com/xmlschemas/TrackPointExtensionv1.xsd http://www.garmin.com/xmlschemas/GpxExtensions/v3 http://www8.garmin.com/xmlschemas/GpxExtensionsv3.xsd http://www.garmin.com/xmlschemas/ActivityExtension/v1 http://www8.garmin.com/xmlschemas/ActivityExtensionv1.xsd http://www.garmin.com/xmlschemas/AdventuresExtensions/v1 http://www8.garmin.com/xmlschemas/AdventuresExtensionv1.xsd http://www.garmin.com/xmlschemas/PressureExtension/v1 http://www.garmin.com/xmlschemas/PressureExtensionv1.xsd http://www.garmin.com/xmlschemas/TripExtensions/v1 http://www.garmin.com/xmlschemas/TripExtensionsv1.xsd http://www.garmin.com/xmlschemas/TripMetaDataExtensions/v1 http://www.garmin.com/xmlschemas/TripMetaDataExtensionsv1.xsd http://www.garmin.com/xmlschemas/ViaPointTransportationModeExtensions/v1 http://www.garmin.com/xmlschemas/ViaPointTransportationModeExtensionsv1.xsd http://www.garmin.com/xmlschemas/CreationTimeExtension/v1 http://www.garmin.com/xmlschemas/CreationTimeExtensionsv1.xsd http://www.garmin.com/xmlschemas/AccelerationExtension/v1 http://www.garmin.com/xmlschemas/AccelerationExtensionv1.xsd http://www.garmin.com/xmlschemas/PowerExtension/v1 http://www.garmin.com/xmlschemas/PowerExtensionv1.xsd http://www.garmin.com/xmlschemas/VideoExtension/v1 http://www.garmin.com/xmlschemas/VideoExtensionv1.xsd">
  <metadata>
    <link href="http://www.garmin.com">
      <text>Garmin International</text>
    </link>
    <time>2025-06-18T08:07:53Z</time>
    <bounds maxlat="25.227746972814202" maxlon="121.550060966983438" minlat="25.223608994856477" minlon="121.547429971396923"/>
  </metadata>
  <wpt lat="25.223673032596707" lon="121.548183001577854">
    <ele>548.799999999999955</ele>
    <time>2025-06-16T01:44:24Z</time>
    <name>0944 起溯</name>
    <sym>Flag, Red</sym>
    <type>user</type>
    <extensions>
      <gpxx:WaypointExtension>
        <gpxx:DisplayMode>SymbolAndName</gpxx:DisplayMode>
      </gpxx:WaypointExtension>
      <wptx1:WaypointExtension>
        <wptx1:DisplayMode>SymbolAndName</wptx1:DisplayMode>
      </wptx1:WaypointExtension>
      <ctx:CreationTimeExtension>
        <ctx:CreationTime>2025-06-16T01:44:24Z</ctx:CreationTime>
      </ctx:CreationTimeExtension>
    </extensions>
  </wpt>
  <wpt lat="25.224801991134882" lon="121.548012010753155">
    <ele>527</ele>
    <time>2025-06-16T02:04:47Z</time>
    <name>1004 岩面 轉折往右</name>
    <sym>Flag, Red</sym>
    <type>user</type>
    <extensions>
      <gpxx:WaypointExtension>
        <gpxx:DisplayMode>SymbolAndName</gpxx:DisplayMode>
      </gpxx:WaypointExtension>
      <wptx1:WaypointExtension>
        <wptx1:DisplayMode>SymbolAndName</wptx1:DisplayMode>
      </wptx1:WaypointExtension>
      <ctx:CreationTimeExtension>
        <ctx:CreationTime>2025-06-16T02:04:47Z</ctx:CreationTime>
      </ctx:CreationTimeExtension>
    </extensions>
  </wpt>
  <wpt lat="25.224873991683125" lon="121.548207979649305">
    <ele>532.700000000000045</ele>
    <time>2025-06-16T02:06:52Z</time>
    <name>1007 右側倒木 前方大落差 決定腰繞</name>
    <sym>Flag, Red</sym>
    <type>user</type>
    <extensions>
      <gpxx:WaypointExtension>
        <gpxx:DisplayMode>SymbolAndName</gpxx:DisplayMode>
      </gpxx:WaypointExtension>
      <wptx1:WaypointExtension>
        <wptx1:DisplayMode>SymbolAndName</wptx1:DisplayMode>
      </wptx1:WaypointExtension>
      <ctx:CreationTimeExtension>
        <ctx:CreationTime>2025-06-16T02:06:52Z</ctx:CreationTime>
      </ctx:CreationTimeExtension>
    </extensions>
  </wpt>
  <wpt lat="25.22477500140667" lon="121.548199011012912">
    <ele>526.600000000000023</ele>
    <time>2025-06-16T02:12:17Z</time>
    <name>1012 植被太密 繼續繞</name>
    <sym>Flag, Red</sym>
    <type>user</type>
    <extensions>
      <gpxx:WaypointExtension>
        <gpxx:DisplayMode>SymbolAndName</gpxx:DisplayMode>
      </gpxx:WaypointExtension>
      <wptx1:WaypointExtension>
        <wptx1:DisplayMode>SymbolAndName</wptx1:DisplayMode>
      </wptx1:WaypointExtension>
      <ctx:CreationTimeExtension>
        <ctx:CreationTime>2025-06-16T02:12:17Z</ctx:CreationTime>
      </ctx:CreationTimeExtension>
    </extensions>
  </wpt>
  <wpt lat="25.224653966724873" lon="121.548209991306067">
    <ele>529.200000000000045</ele>
    <time>2025-06-16T02:14:26Z</time>
    <name>1014 上到小平台 植被變疏有竹子 前有疑似農園</name>
    <sym>Flag, Red</sym>
    <type>user</type>
    <extensions>
      <gpxx:WaypointExtension>
        <gpxx:DisplayMode>SymbolAndName</gpxx:DisplayMode>
      </gpxx:WaypointExtension>
      <wptx1:WaypointExtension>
        <wptx1:DisplayMode>SymbolAndName</wptx1:DisplayMode>
      </wptx1:WaypointExtension>
      <ctx:CreationTimeExtension>
        <ctx:CreationTime>2025-06-16T02:14:26Z</ctx:CreationTime>
      </ctx:CreationTimeExtension>
    </extensions>
  </wpt>
  <wpt lat="25.224996032193303" lon="121.548544010147452">
    <ele>533.899999999999977</ele>
    <time>2025-06-16T02:18:55Z</time>
    <name>1019開繩往下切</name>
    <sym>Flag, Red</sym>
    <type>user</type>
    <extensions>
      <gpxx:WaypointExtension>
        <gpxx:DisplayMode>SymbolAndName</gpxx:DisplayMode>
      </gpxx:WaypointExtension>
      <wptx1:WaypointExtension>
        <wptx1:DisplayMode>SymbolAndName</wptx1:DisplayMode>
      </wptx1:WaypointExtension>
      <ctx:CreationTimeExtension>
        <ctx:CreationTime>2025-06-16T02:18:55Z</ctx:CreationTime>
      </ctx:CreationTimeExtension>
    </extensions>
  </wpt>
  <wpt lat="25.224995026364923" lon="121.548497993499041">
    <ele>528.5</ele>
    <time>2025-06-16T02:43:22Z</time>
    <name>1043繞至左股支流瀑上方兩段式垂降 第一段雙繩 第二段達波被釋放下去探</name>
    <sym>Flag, Red</sym>
    <type>user</type>
    <extensions>
      <gpxx:WaypointExtension>
        <gpxx:DisplayMode>SymbolAndName</gpxx:DisplayMode>
      </gpxx:WaypointExtension>
      <wptx1:WaypointExtension>
        <wptx1:DisplayMode>SymbolAndName</wptx1:DisplayMode>
      </wptx1:WaypointExtension>
      <ctx:CreationTimeExtension>
        <ctx:CreationTime>2025-06-16T02:43:22Z</ctx:CreationTime>
      </ctx:CreationTimeExtension>
    </extensions>
  </wpt>
  <wpt lat="25.225074989721179" lon="121.548314010724425">
    <ele>530.100000000000023</ele>
    <time>2025-06-16T03:10:49Z</time>
    <name>1110 雙股瀑 左股連續瀑 40-45米 右側垂降 主流右股約8米</name>
    <sym>Flag, Red</sym>
    <type>user</type>
    <extensions>
      <gpxx:WaypointExtension>
        <gpxx:DisplayMode>SymbolAndName</gpxx:DisplayMode>
      </gpxx:WaypointExtension>
      <wptx1:WaypointExtension>
        <wptx1:DisplayMode>SymbolAndName</wptx1:DisplayMode>
      </wptx1:WaypointExtension>
      <ctx:CreationTimeExtension>
        <ctx:CreationTime>2025-06-16T03:10:49Z</ctx:CreationTime>
      </ctx:CreationTimeExtension>
    </extensions>
  </wpt>
  <wpt lat="25.225443039089441" lon="121.548375030979514">
    <ele>521.5</ele>
    <time>2025-06-16T04:17:59Z</time>
    <name>1217 超大倒木</name>
    <sym>Flag, Red</sym>
    <type>user</type>
    <extensions>
      <gpxx:WaypointExtension>
        <gpxx:DisplayMode>SymbolAndName</gpxx:DisplayMode>
      </gpxx:WaypointExtension>
      <wptx1:WaypointExtension>
        <wptx1:DisplayMode>SymbolAndName</wptx1:DisplayMode>
      </wptx1:WaypointExtension>
      <ctx:CreationTimeExtension>
        <ctx:CreationTime>2025-06-16T04:17:59Z</ctx:CreationTime>
      </ctx:CreationTimeExtension>
    </extensions>
  </wpt>
  <wpt lat="25.226461021229625" lon="121.547569027170539">
    <ele>472.300000000000011</ele>
    <time>2025-06-16T04:27:23Z</time>
    <name>1227 右側山壁有蛇 疑似過山刀</name>
    <sym>Flag, Red</sym>
    <type>user</type>
    <extensions>
      <gpxx:WaypointExtension>
        <gpxx:DisplayMode>SymbolAndName</gpxx:DisplayMode>
      </gpxx:WaypointExtension>
      <wptx1:WaypointExtension>
        <wptx1:DisplayMode>SymbolAndName</wptx1:DisplayMode>
      </wptx1:WaypointExtension>
      <ctx:CreationTimeExtension>
        <ctx:CreationTime>2025-06-16T04:27:23Z</ctx:CreationTime>
      </ctx:CreationTimeExtension>
    </extensions>
  </wpt>
  <wpt lat="25.227653011679649" lon="121.548449965193868">
    <ele>443.100000000000023</ele>
    <time>2025-06-16T04:42:08Z</time>
    <name>1240 小休</name>
    <sym>Flag, Red</sym>
    <type>user</type>
    <extensions>
      <gpxx:WaypointExtension>
        <gpxx:DisplayMode>SymbolAndName</gpxx:DisplayMode>
      </gpxx:WaypointExtension>
      <wptx1:WaypointExtension>
        <wptx1:DisplayMode>SymbolAndName</wptx1:DisplayMode>
      </wptx1:WaypointExtension>
      <ctx:CreationTimeExtension>
        <ctx:CreationTime>2025-06-16T04:42:08Z</ctx:CreationTime>
      </ctx:CreationTimeExtension>
    </extensions>
  </wpt>
  <wpt lat="25.227626021951437" lon="121.548467986285686">
    <ele>446.300000000000011</ele>
    <time>2025-06-16T04:51:32Z</time>
    <name>1251 續行 往支流上溯</name>
    <sym>Flag, Red</sym>
    <type>user</type>
    <extensions>
      <gpxx:WaypointExtension>
        <gpxx:DisplayMode>SymbolAndName</gpxx:DisplayMode>
      </gpxx:WaypointExtension>
      <wptx1:WaypointExtension>
        <wptx1:DisplayMode>SymbolAndName</wptx1:DisplayMode>
      </wptx1:WaypointExtension>
      <ctx:CreationTimeExtension>
        <ctx:CreationTime>2025-06-16T04:51:32Z</ctx:CreationTime>
      </ctx:CreationTimeExtension>
    </extensions>
  </wpt>
  <wpt lat="25.227255038917065" lon="121.548693962395191">
    <ele>455.100000000000023</ele>
    <time>2025-06-16T04:58:01Z</time>
    <name>1258 5-6米潭瀑 寬4-5米 先鋒攀登</name>
    <sym>Flag, Red</sym>
    <type>user</type>
    <extensions>
      <gpxx:WaypointExtension>
        <gpxx:DisplayMode>SymbolAndName</gpxx:DisplayMode>
      </gpxx:WaypointExtension>
      <wptx1:WaypointExtension>
        <wptx1:DisplayMode>SymbolAndName</wptx1:DisplayMode>
      </wptx1:WaypointExtension>
      <ctx:CreationTimeExtension>
        <ctx:CreationTime>2025-06-16T04:58:01Z</ctx:CreationTime>
      </ctx:CreationTimeExtension>
    </extensions>
  </wpt>
  <wpt lat="25.227178009226918" lon="121.548721035942435">
    <ele>457.100000000000023</ele>
    <time>2025-06-16T05:43:32Z</time>
    <name>1343 全員攀登完成上一瀑頂接著第二段瀑約5-6米</name>
    <sym>Flag, Red</sym>
    <type>user</type>
    <extensions>
      <gpxx:WaypointExtension>
        <gpxx:DisplayMode>SymbolAndName</gpxx:DisplayMode>
      </gpxx:WaypointExtension>
      <wptx1:WaypointExtension>
        <wptx1:DisplayMode>SymbolAndName</wptx1:DisplayMode>
      </wptx1:WaypointExtension>
      <ctx:CreationTimeExtension>
        <ctx:CreationTime>2025-06-16T05:43:32Z</ctx:CreationTime>
      </ctx:CreationTimeExtension>
    </extensions>
  </wpt>
  <wpt lat="25.227089999243617" lon="121.549011971801519">
    <ele>465.899999999999977</ele>
    <time>2025-06-16T05:49:41Z</time>
    <name>1349 右岸上瀑頂 再一雙股瀑 約4米</name>
    <sym>Flag, Red</sym>
    <type>user</type>
    <extensions>
      <gpxx:WaypointExtension>
        <gpxx:DisplayMode>SymbolAndName</gpxx:DisplayMode>
      </gpxx:WaypointExtension>
      <wptx1:WaypointExtension>
        <wptx1:DisplayMode>SymbolAndName</wptx1:DisplayMode>
      </wptx1:WaypointExtension>
      <ctx:CreationTimeExtension>
        <ctx:CreationTime>2025-06-16T05:49:41Z</ctx:CreationTime>
      </ctx:CreationTimeExtension>
    </extensions>
  </wpt>
  <wpt lat="25.227043982595205" lon="121.549221016466618">
    <ele>471</ele>
    <time>2025-06-16T06:04:19Z</time>
    <name>1410攀登完畢 收繩</name>
    <sym>Flag, Red</sym>
    <type>user</type>
    <extensions>
      <gpxx:WaypointExtension>
        <gpxx:DisplayMode>SymbolAndName</gpxx:DisplayMode>
      </gpxx:WaypointExtension>
      <wptx1:WaypointExtension>
        <wptx1:DisplayMode>SymbolAndName</wptx1:DisplayMode>
      </wptx1:WaypointExtension>
      <ctx:CreationTimeExtension>
        <ctx:CreationTime>2025-06-16T06:04:19Z</ctx:CreationTime>
      </ctx:CreationTimeExtension>
    </extensions>
  </wpt>
  <wpt lat="25.226496979594231" lon="121.549819987267256">
    <ele>482.199999999999989</ele>
    <time>2025-06-16T06:36:59Z</time>
    <name>1436 接回林道</name>
    <sym>Flag, Red</sym>
    <type>user</type>
    <extensions>
      <gpxx:WaypointExtension>
        <gpxx:DisplayMode>SymbolAndName</gpxx:DisplayMode>
      </gpxx:WaypointExtension>
      <wptx1:WaypointExtension>
        <wptx1:DisplayMode>SymbolAndName</wptx1:DisplayMode>
      </wptx1:WaypointExtension>
      <ctx:CreationTimeExtension>
        <ctx:CreationTime>2025-06-16T06:36:59Z</ctx:CreationTime>
      </ctx:CreationTimeExtension>
    </extensions>
  </wpt>
  <wpt lat="25.225797006860375" lon="121.549925012513995">
    <ele>503.199999999999989</ele>
    <time>2025-06-16T06:41:25Z</time>
    <name>1441右側有布條</name>
    <sym>Flag, Red</sym>
    <type>user</type>
    <extensions>
      <gpxx:WaypointExtension>
        <gpxx:DisplayMode>SymbolAndName</gpxx:DisplayMode>
      </gpxx:WaypointExtension>
      <wptx1:WaypointExtension>
        <wptx1:DisplayMode>SymbolAndName</wptx1:DisplayMode>
      </wptx1:WaypointExtension>
      <ctx:CreationTimeExtension>
        <ctx:CreationTime>2025-06-16T06:41:25Z</ctx:CreationTime>
      </ctx:CreationTimeExtension>
    </extensions>
  </wpt>
  <wpt lat="25.224987985566258" lon="121.549495020881295">
    <ele>538.100000000000023</ele>
    <time>2025-06-16T06:47:37Z</time>
    <name>1447 右側疑似山徑</name>
    <sym>Flag, Red</sym>
    <type>user</type>
    <extensions>
      <gpxx:WaypointExtension>
        <gpxx:DisplayMode>SymbolAndName</gpxx:DisplayMode>
      </gpxx:WaypointExtension>
      <wptx1:WaypointExtension>
        <wptx1:DisplayMode>SymbolAndName</wptx1:DisplayMode>
      </wptx1:WaypointExtension>
      <ctx:CreationTimeExtension>
        <ctx:CreationTime>2025-06-16T06:47:37Z</ctx:CreationTime>
      </ctx:CreationTimeExtension>
    </extensions>
  </wpt>
  <wpt lat="25.224251970648766" lon="121.549272984266281">
    <ele>551.200000000000045</ele>
    <time>2025-06-16T06:57:26Z</time>
    <name>1457出山徑 柏油路有農家</name>
    <sym>Flag, Red</sym>
    <type>user</type>
    <extensions>
      <gpxx:WaypointExtension>
        <gpxx:DisplayMode>SymbolAndName</gpxx:DisplayMode>
      </gpxx:WaypointExtension>
      <wptx1:WaypointExtension>
        <wptx1:DisplayMode>SymbolAndName</wptx1:DisplayMode>
      </wptx1:WaypointExtension>
      <ctx:CreationTimeExtension>
        <ctx:CreationTime>2025-06-16T06:57:26Z</ctx:CreationTime>
      </ctx:CreationTimeExtension>
    </extensions>
  </wpt>
  <wpt lat="25.223987437784672" lon="121.548512913286686">
    <ele>540</ele>
    <time>2025-06-18T07:58:00Z</time>
    <name>1515 拿車回家</name>
    <cmt>49 
圓山里、 三芝區、 TWN</cmt>
    <desc>49 
圓山里、 三芝區、 TWN</desc>
    <sym>Flag, Red</sym>
    <type>user</type>
    <extensions>
      <gpxx:WaypointExtension>
        <gpxx:DisplayMode>SymbolAndName</gpxx:DisplayMode>
        <gpxx:Address>
          <gpxx:StreetAddress>49 </gpxx:StreetAddress>
          <gpxx:City>圓山里</gpxx:City>
          <gpxx:State>三芝區</gpxx:State>
          <gpxx:Country>TWN</gpxx:Country>
        </gpxx:Address>
      </gpxx:WaypointExtension>
      <wptx1:WaypointExtension>
        <wptx1:DisplayMode>SymbolAndName</wptx1:DisplayMode>
        <wptx1:Address>
          <wptx1:StreetAddress>49 </wptx1:StreetAddress>
          <wptx1:City>圓山里</wptx1:City>
          <wptx1:State>三芝區</wptx1:State>
          <wptx1:Country>TWN</wptx1:Country>
        </wptx1:Address>
      </wptx1:WaypointExtension>
      <ctx:CreationTimeExtension>
        <ctx:CreationTime>2025-06-18T07:58:00Z</ctx:CreationTime>
      </ctx:CreationTimeExtension>
    </extensions>
  </wpt>
  <wpt lat="25.225197030231357" lon="121.548333959653974">
    <ele>529.600000000000023</ele>
    <time>2025-06-16T04:04:36Z</time>
    <name>垂降完先吃午餐＆拍照～1214</name>
    <sym>Flag, Red</sym>
    <type>user</type>
    <extensions>
      <gpxx:WaypointExtension>
        <gpxx:DisplayMode>SymbolAndName</gpxx:DisplayMode>
      </gpxx:WaypointExtension>
      <wptx1:WaypointExtension>
        <wptx1:DisplayMode>SymbolAndName</wptx1:DisplayMode>
      </wptx1:WaypointExtension>
      <ctx:CreationTimeExtension>
        <ctx:CreationTime>2025-06-16T04:04:36Z</ctx:CreationTime>
      </ctx:CreationTimeExtension>
    </extensions>
  </wpt>
  <trk>
    <name>2025-06-16_09.44.20</name>
    <extensions>
      <gpxx:TrackExtension>
        <gpxx:DisplayColor>Red</gpxx:DisplayColor>
      </gpxx:TrackExtension>
    </extensions>
    <trkseg>
      <trkpt lat="25.223673032596707" lon="121.548176966607571">
        <ele>550</ele>
        <time>2025-06-16T01:44:21Z</time>
      </trkpt>
      <trkpt lat="25.223677977919579" lon="121.548191970214248">
        <ele>548.200000000000045</ele>
        <time>2025-06-16T01:44:32Z</time>
      </trkpt>
      <trkpt lat="25.223666997626424" lon="121.548210997134447">
        <ele>545.399999999999977</ele>
        <time>2025-06-16T01:44:43Z</time>
      </trkpt>
      <trkpt lat="25.223631039261818" lon="121.548205967992544">
        <ele>548.899999999999977</ele>
        <time>2025-06-16T01:44:54Z</time>
      </trkpt>
      <trkpt lat="25.223608994856477" lon="121.548201022669673">
        <ele>549.899999999999977</ele>
        <time>2025-06-16T01:45:05Z</time>
      </trkpt>
      <trkpt lat="25.223619975149632" lon="121.548198005184531">
        <ele>549.899999999999977</ele>
        <time>2025-06-16T01:45:16Z</time>
      </trkpt>
      <trkpt lat="25.223611006513238" lon="121.548192976042628">
        <ele>550.700000000000045</ele>
        <time>2025-06-16T01:45:34Z</time>
      </trkpt>
      <trkpt lat="25.223626010119915" lon="121.548196999356151">
        <ele>551</ele>
        <time>2025-06-16T01:45:48Z</time>
      </trkpt>
      <trkpt lat="25.22363699041307" lon="121.548201022669673">
        <ele>550.799999999999955</ele>
        <time>2025-06-16T01:46:00Z</time>
      </trkpt>
      <trkpt lat="25.223643025383353" lon="121.548193981871009">
        <ele>547</ele>
        <time>2025-06-16T01:46:11Z</time>
      </trkpt>
      <trkpt lat="25.223649982362986" lon="121.548209991306067">
        <ele>546.799999999999955</ele>
        <time>2025-06-16T01:46:22Z</time>
      </trkpt>
      <trkpt lat="25.22365702316165" lon="121.548221977427602">
        <ele>549.100000000000023</ele>
        <time>2025-06-16T01:46:35Z</time>
      </trkpt>
      <trkpt lat="25.223665991798043" lon="121.548234969377518">
        <ele>546.399999999999977</ele>
        <time>2025-06-16T01:47:14Z</time>
      </trkpt>
      <trkpt lat="25.223675966262817" lon="121.548219965770841">
        <ele>546.100000000000023</ele>
        <time>2025-06-16T01:47:25Z</time>
      </trkpt>
      <trkpt lat="25.223672026768327" lon="121.548203034326434">
        <ele>545.899999999999977</ele>
        <time>2025-06-16T01:47:36Z</time>
      </trkpt>
      <trkpt lat="25.223674960434437" lon="121.548190964385867">
        <ele>546.399999999999977</ele>
        <time>2025-06-16T01:47:47Z</time>
      </trkpt>
      <trkpt lat="25.223670015111566" lon="121.548181995749474">
        <ele>545.100000000000023</ele>
        <time>2025-06-16T01:47:58Z</time>
      </trkpt>
      <trkpt lat="25.223685018718243" lon="121.548188030719757">
        <ele>545.299999999999955</ele>
        <time>2025-06-16T01:48:09Z</time>
      </trkpt>
      <trkpt lat="25.223686024546623" lon="121.548174032941461">
        <ele>544.299999999999955</ele>
        <time>2025-06-16T01:48:20Z</time>
      </trkpt>
      <trkpt lat="25.223717037588358" lon="121.548176966607571">
        <ele>543.600000000000023</ele>
        <time>2025-06-16T01:48:36Z</time>
      </trkpt>
      <trkpt lat="25.223698010668159" lon="121.54817596077919">
        <ele>543.799999999999955</ele>
        <time>2025-06-16T01:48:46Z</time>
      </trkpt>
      <trkpt lat="25.22370396181941" lon="121.548186019062996">
        <ele>543.299999999999955</ele>
        <time>2025-06-16T01:48:57Z</time>
      </trkpt>
      <trkpt lat="25.223706979304552" lon="121.548215020447969">
        <ele>543.5</ele>
        <time>2025-06-16T01:49:19Z</time>
      </trkpt>
      <trkpt lat="25.223699016496539" lon="121.54821895994246">
        <ele>544.600000000000023</ele>
        <time>2025-06-16T01:49:31Z</time>
      </trkpt>
      <trkpt lat="25.223687030375004" lon="121.548221977427602">
        <ele>544</ele>
        <time>2025-06-16T01:49:42Z</time>
      </trkpt>
      <trkpt lat="25.223687030375004" lon="121.548234969377518">
        <ele>544.700000000000045</ele>
        <time>2025-06-16T01:49:55Z</time>
      </trkpt>
      <trkpt lat="25.223683007061481" lon="121.548250978812575">
        <ele>545.899999999999977</ele>
        <time>2025-06-16T01:50:06Z</time>
      </trkpt>
      <trkpt lat="25.223690969869494" lon="121.548244021832943">
        <ele>545.200000000000045</ele>
        <time>2025-06-16T01:50:34Z</time>
      </trkpt>
      <trkpt lat="25.223690969869494" lon="121.548228012397885">
        <ele>544</ele>
        <time>2025-06-16T01:50:45Z</time>
      </trkpt>
      <trkpt lat="25.22367998957634" lon="121.548227006569505">
        <ele>543.600000000000023</ele>
        <time>2025-06-16T01:51:03Z</time>
      </trkpt>
      <trkpt lat="25.223682001233101" lon="121.548244021832943">
        <ele>542.200000000000045</ele>
        <time>2025-06-16T01:51:14Z</time>
      </trkpt>
      <trkpt lat="25.223688036203384" lon="121.548261037096381">
        <ele>545.100000000000023</ele>
        <time>2025-06-16T01:51:25Z</time>
      </trkpt>
      <trkpt lat="25.223697004839778" lon="121.548265982419252">
        <ele>544.700000000000045</ele>
        <time>2025-06-16T01:51:36Z</time>
      </trkpt>
      <trkpt lat="25.223713014274836" lon="121.548272017389536">
        <ele>545.600000000000023</ele>
        <time>2025-06-16T01:51:46Z</time>
      </trkpt>
      <trkpt lat="25.223732963204384" lon="121.548274029046297">
        <ele>545.5</ele>
        <time>2025-06-16T01:51:57Z</time>
      </trkpt>
      <trkpt lat="25.223742015659809" lon="121.548274029046297">
        <ele>545.899999999999977</ele>
        <time>2025-06-16T01:52:08Z</time>
      </trkpt>
      <trkpt lat="25.223731035366654" lon="121.548273023217916">
        <ele>544.799999999999955</ele>
        <time>2025-06-16T01:52:19Z</time>
      </trkpt>
      <trkpt lat="25.22372298873961" lon="121.548263970762491">
        <ele>544</ele>
        <time>2025-06-16T01:52:31Z</time>
      </trkpt>
      <trkpt lat="25.22374696098268" lon="121.54826195910573">
        <ele>544.100000000000023</ele>
        <time>2025-06-16T01:52:42Z</time>
      </trkpt>
      <trkpt lat="25.223737992346287" lon="121.548257013782859">
        <ele>543</ele>
        <time>2025-06-16T01:52:53Z</time>
      </trkpt>
      <trkpt lat="25.22370002232492" lon="121.548266988247633">
        <ele>541</ele>
        <time>2025-06-16T01:53:04Z</time>
      </trkpt>
      <trkpt lat="25.22370396181941" lon="121.548257013782859">
        <ele>539.100000000000023</ele>
        <time>2025-06-16T01:53:17Z</time>
      </trkpt>
      <trkpt lat="25.223731035366654" lon="121.548271011561155">
        <ele>539.700000000000045</ele>
        <time>2025-06-16T01:53:28Z</time>
      </trkpt>
      <trkpt lat="25.223715025931597" lon="121.54823899269104">
        <ele>542.399999999999977</ele>
        <time>2025-06-16T01:53:39Z</time>
      </trkpt>
      <trkpt lat="25.223732963204384" lon="121.548235975205898">
        <ele>543</ele>
        <time>2025-06-16T01:53:49Z</time>
      </trkpt>
      <trkpt lat="25.223733969032764" lon="121.548261037096381">
        <ele>541.299999999999955</ele>
        <time>2025-06-16T01:54:15Z</time>
      </trkpt>
      <trkpt lat="25.223720977082849" lon="121.548253996297717">
        <ele>541.399999999999977</ele>
        <time>2025-06-16T01:54:27Z</time>
      </trkpt>
      <trkpt lat="25.223726006224751" lon="121.54821895994246">
        <ele>541.299999999999955</ele>
        <time>2025-06-16T01:54:38Z</time>
      </trkpt>
      <trkpt lat="25.223734974861145" lon="121.548221977427602">
        <ele>541.200000000000045</ele>
        <time>2025-06-16T01:54:49Z</time>
      </trkpt>
      <trkpt lat="25.223721982911229" lon="121.548219965770841">
        <ele>540.100000000000023</ele>
        <time>2025-06-16T01:55:00Z</time>
      </trkpt>
      <trkpt lat="25.223778979852796" lon="121.548246033489704">
        <ele>541.700000000000045</ele>
        <time>2025-06-16T01:55:11Z</time>
      </trkpt>
      <trkpt lat="25.223776968196034" lon="121.548222983255982">
        <ele>548.299999999999955</ele>
        <time>2025-06-16T01:55:22Z</time>
      </trkpt>
      <trkpt lat="25.223762970417738" lon="121.548221977427602">
        <ele>546.600000000000023</ele>
        <time>2025-06-16T01:55:33Z</time>
      </trkpt>
      <trkpt lat="25.223736986517906" lon="121.548203034326434">
        <ele>553.899999999999977</ele>
        <time>2025-06-16T01:55:44Z</time>
      </trkpt>
      <trkpt lat="25.223794989287853" lon="121.548194987699389">
        <ele>541.5</ele>
        <time>2025-06-16T01:55:54Z</time>
      </trkpt>
      <trkpt lat="25.223801024258137" lon="121.548209991306067">
        <ele>544.299999999999955</ele>
        <time>2025-06-16T01:56:05Z</time>
      </trkpt>
      <trkpt lat="25.223799012601376" lon="121.548186019062996">
        <ele>540.100000000000023</ele>
        <time>2025-06-16T01:56:16Z</time>
      </trkpt>
      <trkpt lat="25.223812004551291" lon="121.548193981871009">
        <ele>541.600000000000023</ele>
        <time>2025-06-16T01:56:27Z</time>
      </trkpt>
      <trkpt lat="25.223842011764646" lon="121.548171015456319">
        <ele>538</ele>
        <time>2025-06-16T01:56:38Z</time>
      </trkpt>
      <trkpt lat="25.223835976794362" lon="121.548155006021261">
        <ele>538.899999999999977</ele>
        <time>2025-06-16T01:56:49Z</time>
      </trkpt>
      <trkpt lat="25.223849974572659" lon="121.548162968829274">
        <ele>541</ele>
        <time>2025-06-16T01:57:00Z</time>
      </trkpt>
      <trkpt lat="25.223826002329588" lon="121.548137990757823">
        <ele>541.899999999999977</ele>
        <time>2025-06-16T01:57:10Z</time>
      </trkpt>
      <trkpt lat="25.223863972350955" lon="121.548143019899726">
        <ele>540.700000000000045</ele>
        <time>2025-06-16T01:57:21Z</time>
      </trkpt>
      <trkpt lat="25.223838994279504" lon="121.548172021284699">
        <ele>540.799999999999955</ele>
        <time>2025-06-16T01:57:32Z</time>
      </trkpt>
      <trkpt lat="25.223849974572659" lon="121.548185013234615">
        <ele>538.600000000000023</ele>
        <time>2025-06-16T01:57:43Z</time>
      </trkpt>
      <trkpt lat="25.223879981786013" lon="121.548189958557487">
        <ele>540.399999999999977</ele>
        <time>2025-06-16T01:57:53Z</time>
      </trkpt>
      <trkpt lat="25.223893979564309" lon="121.548218037933111">
        <ele>540.700000000000045</ele>
        <time>2025-06-16T01:58:04Z</time>
      </trkpt>
      <trkpt lat="25.223908983170986" lon="121.548193981871009">
        <ele>540.700000000000045</ele>
        <time>2025-06-16T01:58:15Z</time>
      </trkpt>
      <trkpt lat="25.223965980112553" lon="121.548165986314416">
        <ele>541.399999999999977</ele>
        <time>2025-06-16T01:58:26Z</time>
      </trkpt>
      <trkpt lat="25.223993975669146" lon="121.548161040991545">
        <ele>540.399999999999977</ele>
        <time>2025-06-16T01:58:37Z</time>
      </trkpt>
      <trkpt lat="25.224034041166306" lon="121.548178978264332">
        <ele>532.700000000000045</ele>
        <time>2025-06-16T01:58:48Z</time>
      </trkpt>
      <trkpt lat="25.224019959568977" lon="121.548148971050978">
        <ele>535.299999999999955</ele>
        <time>2025-06-16T01:58:59Z</time>
      </trkpt>
      <trkpt lat="25.224050972610712" lon="121.548198005184531">
        <ele>537.299999999999955</ele>
        <time>2025-06-16T01:59:10Z</time>
      </trkpt>
      <trkpt lat="25.224092965945601" lon="121.548189958557487">
        <ele>538.600000000000023</ele>
        <time>2025-06-16T01:59:21Z</time>
      </trkpt>
      <trkpt lat="25.224091960117221" lon="121.548201022669673">
        <ele>540</ele>
        <time>2025-06-16T01:59:33Z</time>
      </trkpt>
      <trkpt lat="25.22413001395762" lon="121.548193981871009">
        <ele>539.5</ele>
        <time>2025-06-16T01:59:44Z</time>
      </trkpt>
      <trkpt lat="25.224150968715549" lon="121.548175038769841">
        <ele>534.399999999999977</ele>
        <time>2025-06-16T01:59:55Z</time>
      </trkpt>
      <trkpt lat="25.224184999242425" lon="121.548164980486035">
        <ele>534.399999999999977</ele>
        <time>2025-06-16T02:00:06Z</time>
      </trkpt>
      <trkpt lat="25.224229004234076" lon="121.548140002414584">
        <ele>533.799999999999955</ele>
        <time>2025-06-16T02:00:16Z</time>
      </trkpt>
      <trkpt lat="25.224254988133907" lon="121.548147965222597">
        <ele>534.200000000000045</ele>
        <time>2025-06-16T02:00:27Z</time>
      </trkpt>
      <trkpt lat="25.224272003397346" lon="121.548161040991545">
        <ele>534.700000000000045</ele>
        <time>2025-06-16T02:00:38Z</time>
      </trkpt>
      <trkpt lat="25.224284995347261" lon="121.548166992142797">
        <ele>534</ele>
        <time>2025-06-16T02:00:49Z</time>
      </trkpt>
      <trkpt lat="25.224295975640416" lon="121.548129022121429">
        <ele>531.100000000000023</ele>
        <time>2025-06-16T02:01:00Z</time>
      </trkpt>
      <trkpt lat="25.224350960925221" lon="121.548098009079695">
        <ele>531.5</ele>
        <time>2025-06-16T02:01:11Z</time>
      </trkpt>
      <trkpt lat="25.224405024200678" lon="121.548098009079695">
        <ele>533.299999999999955</ele>
        <time>2025-06-16T02:01:22Z</time>
      </trkpt>
      <trkpt lat="25.224422961473465" lon="121.548028020188212">
        <ele>533.399999999999977</ele>
        <time>2025-06-16T02:01:33Z</time>
      </trkpt>
      <trkpt lat="25.224420027807355" lon="121.548041012138128">
        <ele>533.5</ele>
        <time>2025-06-16T02:01:47Z</time>
      </trkpt>
      <trkpt lat="25.224488005042076" lon="121.548095997422934">
        <ele>533.600000000000023</ele>
        <time>2025-06-16T02:01:58Z</time>
      </trkpt>
      <trkpt lat="25.224519018083811" lon="121.548026008531451">
        <ele>533.200000000000045</ele>
        <time>2025-06-16T02:02:08Z</time>
      </trkpt>
      <trkpt lat="25.224525975063443" lon="121.548000024631619">
        <ele>532.700000000000045</ele>
        <time>2025-06-16T02:02:19Z</time>
      </trkpt>
      <trkpt lat="25.224581966176629" lon="121.548028020188212">
        <ele>532.600000000000023</ele>
        <time>2025-06-16T02:02:30Z</time>
      </trkpt>
      <trkpt lat="25.224667964503169" lon="121.547949984669685">
        <ele>532.100000000000023</ele>
        <time>2025-06-16T02:02:41Z</time>
      </trkpt>
      <trkpt lat="25.224654972553253" lon="121.547921989113092">
        <ele>532.399999999999977</ele>
        <time>2025-06-16T02:02:52Z</time>
      </trkpt>
      <trkpt lat="25.224622031673789" lon="121.547902962192893">
        <ele>532</ele>
        <time>2025-06-16T02:03:03Z</time>
      </trkpt>
      <trkpt lat="25.224700989201665" lon="121.547918971627951">
        <ele>531.700000000000045</ele>
        <time>2025-06-16T02:03:14Z</time>
      </trkpt>
      <trkpt lat="25.224738959223032" lon="121.547881001606584">
        <ele>531.700000000000045</ele>
        <time>2025-06-16T02:03:25Z</time>
      </trkpt>
      <trkpt lat="25.224788999184966" lon="121.547945039346814">
        <ele>530.600000000000023</ele>
        <time>2025-06-16T02:03:36Z</time>
      </trkpt>
      <trkpt lat="25.224801991134882" lon="121.547913020476699">
        <ele>531.5</ele>
        <time>2025-06-16T02:03:47Z</time>
      </trkpt>
      <trkpt lat="25.224825041368604" lon="121.547959037125111">
        <ele>530.600000000000023</ele>
        <time>2025-06-16T02:03:58Z</time>
      </trkpt>
      <trkpt lat="25.224857982248068" lon="121.547987032681704">
        <ele>531.299999999999955</ele>
        <time>2025-06-16T02:04:09Z</time>
      </trkpt>
      <trkpt lat="25.224814983084798" lon="121.548045035451651">
        <ele>532.5</ele>
        <time>2025-06-16T02:04:19Z</time>
      </trkpt>
      <trkpt lat="25.224786987528205" lon="121.54800103046">
        <ele>532.5</ele>
        <time>2025-06-16T02:04:30Z</time>
      </trkpt>
      <trkpt lat="25.224793022498488" lon="121.548025002703071">
        <ele>527.5</ele>
        <time>2025-06-16T02:04:41Z</time>
      </trkpt>
      <trkpt lat="25.224793022498488" lon="121.548007987439632">
        <ele>526.700000000000045</ele>
        <time>2025-06-16T02:04:52Z</time>
      </trkpt>
      <trkpt lat="25.224810037761927" lon="121.548007987439632">
        <ele>528.100000000000023</ele>
        <time>2025-06-16T02:05:03Z</time>
      </trkpt>
      <trkpt lat="25.224792016670108" lon="121.548012010753155">
        <ele>529.899999999999977</ele>
        <time>2025-06-16T02:05:14Z</time>
      </trkpt>
      <trkpt lat="25.224823029711843" lon="121.548062972724438">
        <ele>529.399999999999977</ele>
        <time>2025-06-16T02:05:25Z</time>
      </trkpt>
      <trkpt lat="25.224809031933546" lon="121.548102032393217">
        <ele>530.799999999999955</ele>
        <time>2025-06-16T02:05:36Z</time>
      </trkpt>
      <trkpt lat="25.224896958097816" lon="121.548126004636288">
        <ele>528.5</ele>
        <time>2025-06-16T02:05:47Z</time>
      </trkpt>
      <trkpt lat="25.224922019988298" lon="121.54810999520123">
        <ele>530.200000000000045</ele>
        <time>2025-06-16T02:05:58Z</time>
      </trkpt>
      <trkpt lat="25.224950015544891" lon="121.548128016293049">
        <ele>530.600000000000023</ele>
        <time>2025-06-16T02:06:08Z</time>
      </trkpt>
      <trkpt lat="25.224914979189634" lon="121.548201022669673">
        <ele>531.5</ele>
        <time>2025-06-16T02:06:19Z</time>
      </trkpt>
      <trkpt lat="25.224866028875113" lon="121.548257013782859">
        <ele>532.100000000000023</ele>
        <time>2025-06-16T02:06:30Z</time>
      </trkpt>
      <trkpt lat="25.224871980026364" lon="121.548205967992544">
        <ele>531</ele>
        <time>2025-06-16T02:06:41Z</time>
      </trkpt>
      <trkpt lat="25.224871980026364" lon="121.548220971599221">
        <ele>536.700000000000045</ele>
        <time>2025-06-16T02:06:57Z</time>
      </trkpt>
      <trkpt lat="25.224863011389971" lon="121.548198005184531">
        <ele>534.899999999999977</ele>
        <time>2025-06-16T02:07:08Z</time>
      </trkpt>
      <trkpt lat="25.224868040531874" lon="121.548179984092712">
        <ele>531.899999999999977</ele>
        <time>2025-06-16T02:07:19Z</time>
      </trkpt>
      <trkpt lat="25.224872985854745" lon="121.548194987699389">
        <ele>532.700000000000045</ele>
        <time>2025-06-16T02:07:29Z</time>
      </trkpt>
      <trkpt lat="25.224873991683125" lon="121.548179984092712">
        <ele>531.799999999999955</ele>
        <time>2025-06-16T02:07:41Z</time>
      </trkpt>
      <trkpt lat="25.224863011389971" lon="121.548074036836624">
        <ele>530.399999999999977</ele>
        <time>2025-06-16T02:07:51Z</time>
      </trkpt>
      <trkpt lat="25.224825041368604" lon="121.548057021573186">
        <ele>528.899999999999977</ele>
        <time>2025-06-16T02:08:01Z</time>
      </trkpt>
      <trkpt lat="25.224830992519855" lon="121.548035982996225">
        <ele>529.200000000000045</ele>
        <time>2025-06-16T02:08:12Z</time>
      </trkpt>
      <trkpt lat="25.224771983921528" lon="121.547977980226278">
        <ele>531</ele>
        <time>2025-06-16T02:08:23Z</time>
      </trkpt>
      <trkpt lat="25.224759997799993" lon="121.547984015196562">
        <ele>533.100000000000023</ele>
        <time>2025-06-16T02:08:34Z</time>
      </trkpt>
      <trkpt lat="25.224787993356586" lon="121.547945039346814">
        <ele>532</ele>
        <time>2025-06-16T02:08:45Z</time>
      </trkpt>
      <trkpt lat="25.224759997799993" lon="121.548015028238297">
        <ele>531.5</ele>
        <time>2025-06-16T02:08:56Z</time>
      </trkpt>
      <trkpt lat="25.224724961444736" lon="121.548017961904407">
        <ele>533.100000000000023</ele>
        <time>2025-06-16T02:09:07Z</time>
      </trkpt>
      <trkpt lat="25.224743988364935" lon="121.54800396412611">
        <ele>532.100000000000023</ele>
        <time>2025-06-16T02:09:18Z</time>
      </trkpt>
      <trkpt lat="25.22471196949482" lon="121.548021985217929">
        <ele>534</ele>
        <time>2025-06-16T02:09:29Z</time>
      </trkpt>
      <trkpt lat="25.224737031385303" lon="121.548074958845973">
        <ele>535.5</ele>
        <time>2025-06-16T02:09:39Z</time>
      </trkpt>
      <trkpt lat="25.22468900308013" lon="121.548081999644637">
        <ele>533.5</ele>
        <time>2025-06-16T02:09:50Z</time>
      </trkpt>
      <trkpt lat="25.224734013900161" lon="121.548092979937792">
        <ele>532.5</ele>
        <time>2025-06-16T02:10:00Z</time>
      </trkpt>
      <trkpt lat="25.224748011678457" lon="121.548107983544469">
        <ele>529.100000000000023</ele>
        <time>2025-06-16T02:10:11Z</time>
      </trkpt>
      <trkpt lat="25.22475203499198" lon="121.548145031556487">
        <ele>531.700000000000045</ele>
        <time>2025-06-16T02:10:22Z</time>
      </trkpt>
      <trkpt lat="25.224764021113515" lon="121.548136984929442">
        <ele>530.700000000000045</ele>
        <time>2025-06-16T02:10:33Z</time>
      </trkpt>
      <trkpt lat="25.22477500140667" lon="121.548144025728106">
        <ele>531.299999999999955</ele>
        <time>2025-06-16T02:10:43Z</time>
      </trkpt>
      <trkpt lat="25.224765026941895" lon="121.548150982707739">
        <ele>530</ele>
        <time>2025-06-16T02:10:54Z</time>
      </trkpt>
      <trkpt lat="25.224770978093147" lon="121.548128016293049">
        <ele>528.799999999999955</ele>
        <time>2025-06-16T02:11:05Z</time>
      </trkpt>
      <trkpt lat="25.22475496865809" lon="121.548117035999894">
        <ele>530.299999999999955</ele>
        <time>2025-06-16T02:11:16Z</time>
      </trkpt>
      <trkpt lat="25.224784975871444" lon="121.548107983544469">
        <ele>529.899999999999977</ele>
        <time>2025-06-16T02:11:27Z</time>
      </trkpt>
      <trkpt lat="25.224806014448404" lon="121.548146959394217">
        <ele>528.799999999999955</ele>
        <time>2025-06-16T02:11:38Z</time>
      </trkpt>
      <trkpt lat="25.22479603998363" lon="121.548207979649305">
        <ele>527.700000000000045</ele>
        <time>2025-06-16T02:11:49Z</time>
      </trkpt>
      <trkpt lat="25.224801991134882" lon="121.548223989084363">
        <ele>529.5</ele>
        <time>2025-06-16T02:12:00Z</time>
      </trkpt>
      <trkpt lat="25.22479897364974" lon="121.548209991306067">
        <ele>528.899999999999977</ele>
        <time>2025-06-16T02:12:11Z</time>
      </trkpt>
      <trkpt lat="25.224780030548573" lon="121.548203034326434">
        <ele>528.5</ele>
        <time>2025-06-16T02:12:22Z</time>
      </trkpt>
      <trkpt lat="25.224766032770276" lon="121.548184007406235">
        <ele>529.299999999999955</ele>
        <time>2025-06-16T02:12:33Z</time>
      </trkpt>
      <trkpt lat="25.22475304082036" lon="121.548159029334784">
        <ele>528.200000000000045</ele>
        <time>2025-06-16T02:12:44Z</time>
      </trkpt>
      <trkpt lat="25.224758991971612" lon="121.548141008242965">
        <ele>526.100000000000023</ele>
        <time>2025-06-16T02:12:55Z</time>
      </trkpt>
      <trkpt lat="25.224744994193316" lon="121.548123992979527">
        <ele>528.100000000000023</ele>
        <time>2025-06-16T02:13:06Z</time>
      </trkpt>
      <trkpt lat="25.224716998636723" lon="121.548129022121429">
        <ele>530</ele>
        <time>2025-06-16T02:13:17Z</time>
      </trkpt>
      <trkpt lat="25.224726973101497" lon="121.54808996245265">
        <ele>529.700000000000045</ele>
        <time>2025-06-16T02:13:28Z</time>
      </trkpt>
      <trkpt lat="25.224692020565271" lon="121.548095997422934">
        <ele>530.600000000000023</ele>
        <time>2025-06-16T02:13:38Z</time>
      </trkpt>
      <trkpt lat="25.224677016958594" lon="121.548128016293049">
        <ele>531.600000000000023</ele>
        <time>2025-06-16T02:13:49Z</time>
      </trkpt>
      <trkpt lat="25.224676011130214" lon="121.548156011849642">
        <ele>529.799999999999955</ele>
        <time>2025-06-16T02:14:00Z</time>
      </trkpt>
      <trkpt lat="25.224651033058763" lon="121.548192976042628">
        <ele>531.399999999999977</ele>
        <time>2025-06-16T02:14:11Z</time>
      </trkpt>
      <trkpt lat="25.224652038887143" lon="121.548215020447969">
        <ele>531.799999999999955</ele>
        <time>2025-06-16T02:14:22Z</time>
      </trkpt>
      <trkpt lat="25.224642986431718" lon="121.548215020447969">
        <ele>528.100000000000023</ele>
        <time>2025-06-16T02:14:36Z</time>
      </trkpt>
      <trkpt lat="25.224651033058763" lon="121.548222983255982">
        <ele>529.600000000000023</ele>
        <time>2025-06-16T02:14:47Z</time>
      </trkpt>
      <trkpt lat="25.224637035280466" lon="121.548226000741124">
        <ele>530.399999999999977</ele>
        <time>2025-06-16T02:14:58Z</time>
      </trkpt>
      <trkpt lat="25.224693026393652" lon="121.548247961327434">
        <ele>531.700000000000045</ele>
        <time>2025-06-16T02:15:09Z</time>
      </trkpt>
      <trkpt lat="25.224696965888143" lon="121.548268999904394">
        <ele>530.600000000000023</ele>
        <time>2025-06-16T02:15:19Z</time>
      </trkpt>
      <trkpt lat="25.224695038050413" lon="121.548316022381186">
        <ele>531.600000000000023</ele>
        <time>2025-06-16T02:15:30Z</time>
      </trkpt>
      <trkpt lat="25.224736025556922" lon="121.548337982967496">
        <ele>529.899999999999977</ele>
        <time>2025-06-16T02:15:41Z</time>
      </trkpt>
      <trkpt lat="25.22475304082036" lon="121.548342006281018">
        <ele>528.200000000000045</ele>
        <time>2025-06-16T02:15:52Z</time>
      </trkpt>
      <trkpt lat="25.224781958386302" lon="121.548313004896045">
        <ele>528.799999999999955</ele>
        <time>2025-06-16T02:16:03Z</time>
      </trkpt>
      <trkpt lat="25.224781036376953" lon="121.548331025987864">
        <ele>530.100000000000023</ele>
        <time>2025-06-16T02:16:14Z</time>
      </trkpt>
      <trkpt lat="25.224781036376953" lon="121.54834502376616">
        <ele>530.600000000000023</ele>
        <time>2025-06-16T02:16:37Z</time>
      </trkpt>
      <trkpt lat="25.224799979478121" lon="121.548391962423921">
        <ele>527.799999999999955</ele>
        <time>2025-06-16T02:16:48Z</time>
      </trkpt>
      <trkpt lat="25.224814983084798" lon="121.548439990729094">
        <ele>528.200000000000045</ele>
        <time>2025-06-16T02:16:59Z</time>
      </trkpt>
      <trkpt lat="25.224822023883462" lon="121.54849698767066">
        <ele>528.700000000000045</ele>
        <time>2025-06-16T02:17:09Z</time>
      </trkpt>
      <trkpt lat="25.224857982248068" lon="121.548572005704045">
        <ele>530.299999999999955</ele>
        <time>2025-06-16T02:17:20Z</time>
      </trkpt>
      <trkpt lat="25.224909028038383" lon="121.548600001260638">
        <ele>531.100000000000023</ele>
        <time>2025-06-16T02:17:31Z</time>
      </trkpt>
      <trkpt lat="25.224933000281453" lon="121.548579968512058">
        <ele>531.200000000000045</ele>
        <time>2025-06-16T02:17:42Z</time>
      </trkpt>
      <trkpt lat="25.224979016929865" lon="121.548564964905381">
        <ele>531.299999999999955</ele>
        <time>2025-06-16T02:17:53Z</time>
      </trkpt>
      <trkpt lat="25.225023021921515" lon="121.548547027632594">
        <ele>530.700000000000045</ele>
        <time>2025-06-16T02:18:04Z</time>
      </trkpt>
      <trkpt lat="25.225063003599644" lon="121.548549039289355">
        <ele>528</ele>
        <time>2025-06-16T02:18:15Z</time>
      </trkpt>
      <trkpt lat="25.22505403496325" lon="121.548549961298704">
        <ele>530.299999999999955</ele>
        <time>2025-06-16T02:18:28Z</time>
      </trkpt>
      <trkpt lat="25.225024027749896" lon="121.548554990440607">
        <ele>533.899999999999977</ele>
        <time>2025-06-16T02:18:39Z</time>
      </trkpt>
      <trkpt lat="25.224998965859413" lon="121.548559013754129">
        <ele>534.299999999999955</ele>
        <time>2025-06-16T02:18:50Z</time>
      </trkpt>
      <trkpt lat="25.225000977516174" lon="121.548535041511059">
        <ele>533.200000000000045</ele>
        <time>2025-06-16T02:19:01Z</time>
      </trkpt>
      <trkpt lat="25.224998965859413" lon="121.548546021804214">
        <ele>534.600000000000023</ele>
        <time>2025-06-16T02:19:28Z</time>
      </trkpt>
      <trkpt lat="25.224987985566258" lon="121.548548033460975">
        <ele>534</ele>
        <time>2025-06-16T02:19:44Z</time>
      </trkpt>
      <trkpt lat="25.224971976131201" lon="121.548544010147452">
        <ele>534.899999999999977</ele>
        <time>2025-06-16T02:19:55Z</time>
      </trkpt>
      <trkpt lat="25.22497097030282" lon="121.548534035682678">
        <ele>534.5</ele>
        <time>2025-06-16T02:20:05Z</time>
      </trkpt>
      <trkpt lat="25.224980022758245" lon="121.548520037904382">
        <ele>533.600000000000023</ele>
        <time>2025-06-16T02:20:16Z</time>
      </trkpt>
      <trkpt lat="25.22496996447444" lon="121.548537975177169">
        <ele>533.200000000000045</ele>
        <time>2025-06-16T02:20:26Z</time>
      </trkpt>
      <trkpt lat="25.224979016929865" lon="121.548532024025917">
        <ele>532.600000000000023</ele>
        <time>2025-06-16T02:20:37Z</time>
      </trkpt>
      <trkpt lat="25.22494699805975" lon="121.548536969348788">
        <ele>533.899999999999977</ele>
        <time>2025-06-16T02:20:53Z</time>
      </trkpt>
      <trkpt lat="25.22496996447444" lon="121.548520037904382">
        <ele>532.799999999999955</ele>
        <time>2025-06-16T02:21:04Z</time>
      </trkpt>
      <trkpt lat="25.224982034415007" lon="121.548520037904382">
        <ele>531.299999999999955</ele>
        <time>2025-06-16T02:21:26Z</time>
      </trkpt>
      <trkpt lat="25.224987985566258" lon="121.548529006540775">
        <ele>529.600000000000023</ele>
        <time>2025-06-16T02:22:25Z</time>
      </trkpt>
      <trkpt lat="25.224915985018015" lon="121.548550967127085">
        <ele>532.100000000000023</ele>
        <time>2025-06-16T02:23:23Z</time>
      </trkpt>
      <trkpt lat="25.224980022758245" lon="121.548522971570492">
        <ele>532.100000000000023</ele>
        <time>2025-06-16T02:23:33Z</time>
      </trkpt>
      <trkpt lat="25.225003995001316" lon="121.548516014590859">
        <ele>533.700000000000045</ele>
        <time>2025-06-16T02:24:57Z</time>
      </trkpt>
      <trkpt lat="25.224995026364923" lon="121.548509979620576">
        <ele>534.100000000000023</ele>
        <time>2025-06-16T02:25:12Z</time>
      </trkpt>
      <trkpt lat="25.224986979737878" lon="121.548520037904382">
        <ele>533.799999999999955</ele>
        <time>2025-06-16T02:25:23Z</time>
      </trkpt>
      <trkpt lat="25.224981028586626" lon="121.548506962135434">
        <ele>532</ele>
        <time>2025-06-16T02:25:50Z</time>
      </trkpt>
      <trkpt lat="25.22498999722302" lon="121.54851702041924">
        <ele>531.600000000000023</ele>
        <time>2025-06-16T02:26:01Z</time>
      </trkpt>
      <trkpt lat="25.224939035251737" lon="121.548511991277337">
        <ele>531.399999999999977</ele>
        <time>2025-06-16T02:26:12Z</time>
      </trkpt>
      <trkpt lat="25.224965019151568" lon="121.548538981005549">
        <ele>536.600000000000023</ele>
        <time>2025-06-16T02:26:25Z</time>
      </trkpt>
      <trkpt lat="25.224983040243387" lon="121.548551972955465">
        <ele>537.100000000000023</ele>
        <time>2025-06-16T02:26:36Z</time>
      </trkpt>
      <trkpt lat="25.224988991394639" lon="121.548533029854298">
        <ele>535.100000000000023</ele>
        <time>2025-06-16T02:27:29Z</time>
      </trkpt>
      <trkpt lat="25.225012041628361" lon="121.548548033460975">
        <ele>528.5</ele>
        <time>2025-06-16T02:27:40Z</time>
      </trkpt>
      <trkpt lat="25.224975999444723" lon="121.548546021804214">
        <ele>535.299999999999955</ele>
        <time>2025-06-16T02:28:31Z</time>
      </trkpt>
      <trkpt lat="25.224985973909497" lon="121.548540992662311">
        <ele>534.799999999999955</ele>
        <time>2025-06-16T02:28:42Z</time>
      </trkpt>
      <trkpt lat="25.224987985566258" lon="121.548531018197536">
        <ele>535</ele>
        <time>2025-06-16T02:28:53Z</time>
      </trkpt>
      <trkpt lat="25.22497097030282" lon="121.548498999327421">
        <ele>535.399999999999977</ele>
        <time>2025-06-16T02:29:04Z</time>
      </trkpt>
      <trkpt lat="25.224972981959581" lon="121.548526994884014">
        <ele>536.100000000000023</ele>
        <time>2025-06-16T02:29:27Z</time>
      </trkpt>
      <trkpt lat="25.224971976131201" lon="121.54853998683393">
        <ele>536.200000000000045</ele>
        <time>2025-06-16T02:29:38Z</time>
      </trkpt>
      <trkpt lat="25.224978011101484" lon="121.548519032076001">
        <ele>535.200000000000045</ele>
        <time>2025-06-16T02:29:49Z</time>
      </trkpt>
      <trkpt lat="25.2249910030514" lon="121.548504028469324">
        <ele>534.399999999999977</ele>
        <time>2025-06-16T02:30:00Z</time>
      </trkpt>
      <trkpt lat="25.224979016929865" lon="121.548512997105718">
        <ele>533.799999999999955</ele>
        <time>2025-06-16T02:30:17Z</time>
      </trkpt>
      <trkpt lat="25.224988991394639" lon="121.548535041511059">
        <ele>529.799999999999955</ele>
        <time>2025-06-16T02:30:28Z</time>
      </trkpt>
      <trkpt lat="25.224981028586626" lon="121.548520959913731">
        <ele>533.700000000000045</ele>
        <time>2025-06-16T02:31:00Z</time>
      </trkpt>
      <trkpt lat="25.22496703080833" lon="121.548540992662311">
        <ele>534.5</ele>
        <time>2025-06-16T02:31:12Z</time>
      </trkpt>
      <trkpt lat="25.22494800388813" lon="121.548522971570492">
        <ele>535</ele>
        <time>2025-06-16T02:31:23Z</time>
      </trkpt>
      <trkpt lat="25.224966024979949" lon="121.548512997105718">
        <ele>533.100000000000023</ele>
        <time>2025-06-16T02:31:57Z</time>
      </trkpt>
      <trkpt lat="25.224980022758245" lon="121.548530012369156">
        <ele>532.799999999999955</ele>
        <time>2025-06-16T02:32:14Z</time>
      </trkpt>
      <trkpt lat="25.224963007494807" lon="121.548523977398872">
        <ele>532.700000000000045</ele>
        <time>2025-06-16T02:32:34Z</time>
      </trkpt>
      <trkpt lat="25.224978011101484" lon="121.548515008762479">
        <ele>533.299999999999955</ele>
        <time>2025-06-16T02:32:45Z</time>
      </trkpt>
      <trkpt lat="25.224998965859413" lon="121.548503022640944">
        <ele>532.799999999999955</ele>
        <time>2025-06-16T02:32:56Z</time>
      </trkpt>
      <trkpt lat="25.224984968081117" lon="121.54849698767066">
        <ele>532.399999999999977</ele>
        <time>2025-06-16T02:33:07Z</time>
      </trkpt>
      <trkpt lat="25.225005000829697" lon="121.548523977398872">
        <ele>534.899999999999977</ele>
        <time>2025-06-16T02:33:17Z</time>
      </trkpt>
      <trkpt lat="25.225006006658077" lon="121.548487013205886">
        <ele>529.299999999999955</ele>
        <time>2025-06-16T02:33:28Z</time>
      </trkpt>
      <trkpt lat="25.224997960031033" lon="121.54851702041924">
        <ele>532</ele>
        <time>2025-06-16T02:33:39Z</time>
      </trkpt>
      <trkpt lat="25.22501103579998" lon="121.548518026247621">
        <ele>533.799999999999955</ele>
        <time>2025-06-16T02:33:49Z</time>
      </trkpt>
      <trkpt lat="25.224982034415007" lon="121.548504028469324">
        <ele>526.799999999999955</ele>
        <time>2025-06-16T02:34:00Z</time>
      </trkpt>
      <trkpt lat="25.224963007494807" lon="121.548520037904382">
        <ele>532.100000000000023</ele>
        <time>2025-06-16T02:34:11Z</time>
      </trkpt>
      <trkpt lat="25.224978011101484" lon="121.548508973792195">
        <ele>533.200000000000045</ele>
        <time>2025-06-16T02:34:29Z</time>
      </trkpt>
      <trkpt lat="25.224997038021684" lon="121.548518026247621">
        <ele>528.399999999999977</ele>
        <time>2025-06-16T02:34:40Z</time>
      </trkpt>
      <trkpt lat="25.224983040243387" lon="121.548512997105718">
        <ele>531.600000000000023</ele>
        <time>2025-06-16T02:34:51Z</time>
      </trkpt>
      <trkpt lat="25.224966024979949" lon="121.548505034297705">
        <ele>534</ele>
        <time>2025-06-16T02:35:02Z</time>
      </trkpt>
      <trkpt lat="25.22496996447444" lon="121.548518026247621">
        <ele>534.600000000000023</ele>
        <time>2025-06-16T02:35:13Z</time>
      </trkpt>
      <trkpt lat="25.22496996447444" lon="121.548506962135434">
        <ele>534.399999999999977</ele>
        <time>2025-06-16T02:35:24Z</time>
      </trkpt>
      <trkpt lat="25.224981028586626" lon="121.548508973792195">
        <ele>535.700000000000045</ele>
        <time>2025-06-16T02:35:43Z</time>
      </trkpt>
      <trkpt lat="25.224971976131201" lon="121.548521965742111">
        <ele>535.899999999999977</ele>
        <time>2025-06-16T02:35:55Z</time>
      </trkpt>
      <trkpt lat="25.224978011101484" lon="121.548512997105718">
        <ele>531.899999999999977</ele>
        <time>2025-06-16T02:36:08Z</time>
      </trkpt>
      <trkpt lat="25.224942974746227" lon="121.548519032076001">
        <ele>533.799999999999955</ele>
        <time>2025-06-16T02:36:19Z</time>
      </trkpt>
      <trkpt lat="25.224954038858414" lon="121.548525989055634">
        <ele>533.399999999999977</ele>
        <time>2025-06-16T02:36:30Z</time>
      </trkpt>
      <trkpt lat="25.224983962252736" lon="121.54851702041924">
        <ele>533.600000000000023</ele>
        <time>2025-06-16T02:37:44Z</time>
      </trkpt>
      <trkpt lat="25.224986979737878" lon="121.548531018197536">
        <ele>534.799999999999955</ele>
        <time>2025-06-16T02:37:54Z</time>
      </trkpt>
      <trkpt lat="25.224987985566258" lon="121.548515008762479">
        <ele>533.700000000000045</ele>
        <time>2025-06-16T02:38:05Z</time>
      </trkpt>
      <trkpt lat="25.224964013323188" lon="121.548532024025917">
        <ele>533.799999999999955</ele>
        <time>2025-06-16T02:38:17Z</time>
      </trkpt>
      <trkpt lat="25.22496803663671" lon="121.548503022640944">
        <ele>532.899999999999977</ele>
        <time>2025-06-16T02:38:28Z</time>
      </trkpt>
      <trkpt lat="25.224987985566258" lon="121.548503022640944">
        <ele>533.200000000000045</ele>
        <time>2025-06-16T02:38:39Z</time>
      </trkpt>
      <trkpt lat="25.224981028586626" lon="121.548526994884014">
        <ele>533.399999999999977</ele>
        <time>2025-06-16T02:38:50Z</time>
      </trkpt>
      <trkpt lat="25.224983040243387" lon="121.548511991277337">
        <ele>532.200000000000045</ele>
        <time>2025-06-16T02:39:01Z</time>
      </trkpt>
      <trkpt lat="25.224992008879781" lon="121.548507967963815">
        <ele>533.200000000000045</ele>
        <time>2025-06-16T02:39:11Z</time>
      </trkpt>
      <trkpt lat="25.225008018314838" lon="121.54851702041924">
        <ele>534.700000000000045</ele>
        <time>2025-06-16T02:39:22Z</time>
      </trkpt>
      <trkpt lat="25.224994020536542" lon="121.548510985448956">
        <ele>534.100000000000023</ele>
        <time>2025-06-16T02:39:36Z</time>
      </trkpt>
      <trkpt lat="25.224974993616343" lon="121.548510985448956">
        <ele>535.600000000000023</ele>
        <time>2025-06-16T02:39:47Z</time>
      </trkpt>
      <trkpt lat="25.224983962252736" lon="121.548492964357138">
        <ele>532.399999999999977</ele>
        <time>2025-06-16T02:39:57Z</time>
      </trkpt>
      <trkpt lat="25.2249910030514" lon="121.548509979620576">
        <ele>532.899999999999977</ele>
        <time>2025-06-16T02:40:08Z</time>
      </trkpt>
      <trkpt lat="25.224981028586626" lon="121.548509979620576">
        <ele>533.5</ele>
        <time>2025-06-16T02:40:20Z</time>
      </trkpt>
      <trkpt lat="25.224979016929865" lon="121.548498999327421">
        <ele>533.100000000000023</ele>
        <time>2025-06-16T02:40:31Z</time>
      </trkpt>
      <trkpt lat="25.224972981959581" lon="121.548486007377505">
        <ele>534.399999999999977</ele>
        <time>2025-06-16T02:40:46Z</time>
      </trkpt>
      <trkpt lat="25.224929982796311" lon="121.548506962135434">
        <ele>534.399999999999977</ele>
        <time>2025-06-16T02:40:57Z</time>
      </trkpt>
      <trkpt lat="25.224940041080117" lon="121.548510985448956">
        <ele>534</ele>
        <time>2025-06-16T02:41:08Z</time>
      </trkpt>
      <trkpt lat="25.224960995838046" lon="121.548506962135434">
        <ele>532.100000000000023</ele>
        <time>2025-06-16T02:41:19Z</time>
      </trkpt>
      <trkpt lat="25.224972981959581" lon="121.548505034297705">
        <ele>534.899999999999977</ele>
        <time>2025-06-16T02:41:30Z</time>
      </trkpt>
      <trkpt lat="25.224978011101484" lon="121.548518026247621">
        <ele>533.100000000000023</ele>
        <time>2025-06-16T02:41:41Z</time>
      </trkpt>
      <trkpt lat="25.224974993616343" lon="121.548507967963815">
        <ele>532.5</ele>
        <time>2025-06-16T02:41:52Z</time>
      </trkpt>
      <trkpt lat="25.22498999722302" lon="121.548500005155802">
        <ele>528.100000000000023</ele>
        <time>2025-06-16T02:42:03Z</time>
      </trkpt>
      <trkpt lat="25.224978011101484" lon="121.548492964357138">
        <ele>529.600000000000023</ele>
        <time>2025-06-16T02:42:14Z</time>
      </trkpt>
      <trkpt lat="25.225014975294471" lon="121.548475027084351">
        <ele>524.100000000000023</ele>
        <time>2025-06-16T02:42:25Z</time>
      </trkpt>
      <trkpt lat="25.225001983344555" lon="121.548500005155802">
        <ele>525.700000000000045</ele>
        <time>2025-06-16T02:42:36Z</time>
      </trkpt>
      <trkpt lat="25.224996032193303" lon="121.548537975177169">
        <ele>532.100000000000023</ele>
        <time>2025-06-16T02:42:47Z</time>
      </trkpt>
      <trkpt lat="25.224973987787962" lon="121.548493970185518">
        <ele>531</ele>
        <time>2025-06-16T02:42:58Z</time>
      </trkpt>
      <trkpt lat="25.225001983344555" lon="121.548495981842279">
        <ele>525.899999999999977</ele>
        <time>2025-06-16T02:43:09Z</time>
      </trkpt>
      <trkpt lat="25.225007012486458" lon="121.548506962135434">
        <ele>528.700000000000045</ele>
        <time>2025-06-16T02:43:20Z</time>
      </trkpt>
      <trkpt lat="25.224988991394639" lon="121.548488019034266">
        <ele>527.700000000000045</ele>
        <time>2025-06-16T02:43:31Z</time>
      </trkpt>
      <trkpt lat="25.224984968081117" lon="121.548498999327421">
        <ele>530</ele>
        <time>2025-06-16T02:43:50Z</time>
      </trkpt>
      <trkpt lat="25.225000977516174" lon="121.548522971570492">
        <ele>532.799999999999955</ele>
        <time>2025-06-16T02:44:01Z</time>
      </trkpt>
      <trkpt lat="25.2249910030514" lon="121.548540992662311">
        <ele>534.299999999999955</ele>
        <time>2025-06-16T02:44:59Z</time>
      </trkpt>
      <trkpt lat="25.2249910030514" lon="121.548521965742111">
        <ele>532.399999999999977</ele>
        <time>2025-06-16T02:45:10Z</time>
      </trkpt>
      <trkpt lat="25.224979016929865" lon="121.548520959913731">
        <ele>534.5</ele>
        <time>2025-06-16T02:45:20Z</time>
      </trkpt>
      <trkpt lat="25.22498999722302" lon="121.548507967963815">
        <ele>527.399999999999977</ele>
        <time>2025-06-16T02:45:30Z</time>
      </trkpt>
      <trkpt lat="25.22501296363771" lon="121.548544010147452">
        <ele>521.5</ele>
        <time>2025-06-16T02:45:40Z</time>
      </trkpt>
      <trkpt lat="25.225001983344555" lon="121.54851702041924">
        <ele>529</ele>
        <time>2025-06-16T02:45:51Z</time>
      </trkpt>
      <trkpt lat="25.224963007494807" lon="121.548505034297705">
        <ele>524.5</ele>
        <time>2025-06-16T02:46:02Z</time>
      </trkpt>
      <trkpt lat="25.224972981959581" lon="121.548493970185518">
        <ele>528.200000000000045</ele>
        <time>2025-06-16T02:46:13Z</time>
      </trkpt>
      <trkpt lat="25.224972981959581" lon="121.548530012369156">
        <ele>531.799999999999955</ele>
        <time>2025-06-16T02:46:24Z</time>
      </trkpt>
      <trkpt lat="25.224994020536542" lon="121.548507967963815">
        <ele>528.5</ele>
        <time>2025-06-16T02:46:35Z</time>
      </trkpt>
      <trkpt lat="25.224972981959581" lon="121.548506962135434">
        <ele>537.399999999999977</ele>
        <time>2025-06-16T02:46:46Z</time>
      </trkpt>
      <trkpt lat="25.224975999444723" lon="121.548519032076001">
        <ele>535.899999999999977</ele>
        <time>2025-06-16T02:46:57Z</time>
      </trkpt>
      <trkpt lat="25.224982034415007" lon="121.548466980457306">
        <ele>535.200000000000045</ele>
        <time>2025-06-16T02:47:08Z</time>
      </trkpt>
      <trkpt lat="25.224992008879781" lon="121.548506040126085">
        <ele>534.899999999999977</ele>
        <time>2025-06-16T02:47:19Z</time>
      </trkpt>
      <trkpt lat="25.224983962252736" lon="121.548514002934098">
        <ele>534.5</ele>
        <time>2025-06-16T02:47:30Z</time>
      </trkpt>
      <trkpt lat="25.224986979737878" lon="121.548466980457306">
        <ele>536.399999999999977</ele>
        <time>2025-06-16T02:47:40Z</time>
      </trkpt>
      <trkpt lat="25.224972981959581" lon="121.548467986285686">
        <ele>526</ele>
        <time>2025-06-16T02:47:51Z</time>
      </trkpt>
      <trkpt lat="25.225015981122851" lon="121.548488019034266">
        <ele>527.700000000000045</ele>
        <time>2025-06-16T02:48:02Z</time>
      </trkpt>
      <trkpt lat="25.224972981959581" lon="121.54845398850739">
        <ele>536.5</ele>
        <time>2025-06-16T02:48:13Z</time>
      </trkpt>
      <trkpt lat="25.224955966696143" lon="121.548424987122416">
        <ele>534.399999999999977</ele>
        <time>2025-06-16T02:48:24Z</time>
      </trkpt>
      <trkpt lat="25.225037019699812" lon="121.548445019870996">
        <ele>532.799999999999955</ele>
        <time>2025-06-16T02:48:49Z</time>
      </trkpt>
      <trkpt lat="25.224997038021684" lon="121.548477038741112">
        <ele>533.799999999999955</ele>
        <time>2025-06-16T02:49:00Z</time>
      </trkpt>
      <trkpt lat="25.225036013871431" lon="121.548458011820912">
        <ele>533</ele>
        <time>2025-06-16T02:49:11Z</time>
      </trkpt>
      <trkpt lat="25.224949009716511" lon="121.548361033201218">
        <ele>529.899999999999977</ele>
        <time>2025-06-16T02:49:35Z</time>
      </trkpt>
      <trkpt lat="25.224951021373272" lon="121.548515008762479">
        <ele>537.100000000000023</ele>
        <time>2025-06-16T02:50:18Z</time>
      </trkpt>
      <trkpt lat="25.22501396946609" lon="121.548521965742111">
        <ele>536.100000000000023</ele>
        <time>2025-06-16T02:50:29Z</time>
      </trkpt>
      <trkpt lat="25.224987985566258" lon="121.548477960750461">
        <ele>536.200000000000045</ele>
        <time>2025-06-16T02:50:40Z</time>
      </trkpt>
      <trkpt lat="25.224962001666427" lon="121.54849698767066">
        <ele>535.100000000000023</ele>
        <time>2025-06-16T02:50:50Z</time>
      </trkpt>
      <trkpt lat="25.225008018314838" lon="121.548446025699377">
        <ele>535.100000000000023</ele>
        <time>2025-06-16T02:51:01Z</time>
      </trkpt>
      <trkpt lat="25.224983040243387" lon="121.548461029306054">
        <ele>535</ele>
        <time>2025-06-16T02:51:12Z</time>
      </trkpt>
      <trkpt lat="25.2249910030514" lon="121.548482989892364">
        <ele>534.799999999999955</ele>
        <time>2025-06-16T02:51:23Z</time>
      </trkpt>
      <trkpt lat="25.224982034415007" lon="121.548478966578841">
        <ele>534.399999999999977</ele>
        <time>2025-06-16T02:51:34Z</time>
      </trkpt>
      <trkpt lat="25.224979016929865" lon="121.548491036519408">
        <ele>533.600000000000023</ele>
        <time>2025-06-16T02:51:46Z</time>
      </trkpt>
      <trkpt lat="25.22498999722302" lon="121.548462035134435">
        <ele>534.5</ele>
        <time>2025-06-16T02:51:57Z</time>
      </trkpt>
      <trkpt lat="25.225028973072767" lon="121.548493970185518">
        <ele>534.100000000000023</ele>
        <time>2025-06-16T02:52:08Z</time>
      </trkpt>
      <trkpt lat="25.225038025528193" lon="121.548507967963815">
        <ele>534.100000000000023</ele>
        <time>2025-06-16T02:52:19Z</time>
      </trkpt>
      <trkpt lat="25.225045988336205" lon="121.548494976013899">
        <ele>534.299999999999955</ele>
        <time>2025-06-16T02:52:30Z</time>
      </trkpt>
      <trkpt lat="25.22505403496325" lon="121.548505034297705">
        <ele>534.600000000000023</ele>
        <time>2025-06-16T02:52:43Z</time>
      </trkpt>
      <trkpt lat="25.225041965022683" lon="121.548489024862647">
        <ele>534.299999999999955</ele>
        <time>2025-06-16T02:52:54Z</time>
      </trkpt>
      <trkpt lat="25.225008018314838" lon="121.548521965742111">
        <ele>534.700000000000045</ele>
        <time>2025-06-16T02:53:05Z</time>
      </trkpt>
      <trkpt lat="25.225006006658077" lon="121.548538981005549">
        <ele>534.299999999999955</ele>
        <time>2025-06-16T02:53:16Z</time>
      </trkpt>
      <trkpt lat="25.224914979189634" lon="121.548476032912731">
        <ele>532.5</ele>
        <time>2025-06-16T02:54:29Z</time>
      </trkpt>
      <trkpt lat="25.224929982796311" lon="121.548483995720744">
        <ele>534.5</ele>
        <time>2025-06-16T02:54:39Z</time>
      </trkpt>
      <trkpt lat="25.22494800388813" lon="121.548458011820912">
        <ele>535.600000000000023</ele>
        <time>2025-06-16T02:54:50Z</time>
      </trkpt>
      <trkpt lat="25.224980022758245" lon="121.548493970185518">
        <ele>534.899999999999977</ele>
        <time>2025-06-16T02:55:01Z</time>
      </trkpt>
      <trkpt lat="25.224997960031033" lon="121.548515008762479">
        <ele>535.600000000000023</ele>
        <time>2025-06-16T02:55:50Z</time>
      </trkpt>
      <trkpt lat="25.225039031356573" lon="121.548477960750461">
        <ele>535.5</ele>
        <time>2025-06-16T02:56:01Z</time>
      </trkpt>
      <trkpt lat="25.225026039406657" lon="121.548479972407222">
        <ele>534.600000000000023</ele>
        <time>2025-06-16T02:56:12Z</time>
      </trkpt>
      <trkpt lat="25.225012041628361" lon="121.548563959077001">
        <ele>533.700000000000045</ele>
        <time>2025-06-16T02:56:23Z</time>
      </trkpt>
      <trkpt lat="25.225044982507825" lon="121.548462035134435">
        <ele>533.200000000000045</ele>
        <time>2025-06-16T02:56:34Z</time>
      </trkpt>
      <trkpt lat="25.225027967244387" lon="121.548507967963815">
        <ele>533.100000000000023</ele>
        <time>2025-06-16T02:56:45Z</time>
      </trkpt>
      <trkpt lat="25.224998965859413" lon="121.548516014590859">
        <ele>533.299999999999955</ele>
        <time>2025-06-16T02:56:56Z</time>
      </trkpt>
      <trkpt lat="25.225083036348224" lon="121.548543004319072">
        <ele>533.700000000000045</ele>
        <time>2025-06-16T02:57:07Z</time>
      </trkpt>
      <trkpt lat="25.224930988624692" lon="121.548511991277337">
        <ele>534</ele>
        <time>2025-06-16T02:57:18Z</time>
      </trkpt>
      <trkpt lat="25.225023021921515" lon="121.548520959913731">
        <ele>533.899999999999977</ele>
        <time>2025-06-16T02:57:29Z</time>
      </trkpt>
      <trkpt lat="25.225049005821347" lon="121.548536969348788">
        <ele>533</ele>
        <time>2025-06-16T02:57:40Z</time>
      </trkpt>
      <trkpt lat="25.225047999992967" lon="121.548492964357138">
        <ele>533.299999999999955</ele>
        <time>2025-06-16T02:57:51Z</time>
      </trkpt>
      <trkpt lat="25.224912967532873" lon="121.548467986285686">
        <ele>533.700000000000045</ele>
        <time>2025-06-16T02:58:01Z</time>
      </trkpt>
      <trkpt lat="25.224975999444723" lon="121.548434039577842">
        <ele>533.700000000000045</ele>
        <time>2025-06-16T02:58:12Z</time>
      </trkpt>
      <trkpt lat="25.225000977516174" lon="121.548491036519408">
        <ele>532.600000000000023</ele>
        <time>2025-06-16T02:58:23Z</time>
      </trkpt>
      <trkpt lat="25.224898969754577" lon="121.548439990729094">
        <ele>533.299999999999955</ele>
        <time>2025-06-16T02:58:34Z</time>
      </trkpt>
      <trkpt lat="25.225023021921515" lon="121.548464968800545">
        <ele>533.200000000000045</ele>
        <time>2025-06-16T02:58:45Z</time>
      </trkpt>
      <trkpt lat="25.224923025816679" lon="121.548389028757811">
        <ele>535.399999999999977</ele>
        <time>2025-06-16T02:58:57Z</time>
      </trkpt>
      <trkpt lat="25.22492403164506" lon="121.548516014590859">
        <ele>531.700000000000045</ele>
        <time>2025-06-16T02:59:08Z</time>
      </trkpt>
      <trkpt lat="25.224942974746227" lon="121.548478966578841">
        <ele>531.399999999999977</ele>
        <time>2025-06-16T02:59:19Z</time>
      </trkpt>
      <trkpt lat="25.224859993904829" lon="121.548448037356138">
        <ele>532.600000000000023</ele>
        <time>2025-06-16T02:59:30Z</time>
      </trkpt>
      <trkpt lat="25.224929982796311" lon="121.548463040962815">
        <ele>533.299999999999955</ele>
        <time>2025-06-16T02:59:41Z</time>
      </trkpt>
      <trkpt lat="25.22492403164506" lon="121.548450971022248">
        <ele>534.200000000000045</ele>
        <time>2025-06-16T02:59:52Z</time>
      </trkpt>
      <trkpt lat="25.224981028586626" lon="121.548454994335771">
        <ele>531.799999999999955</ele>
        <time>2025-06-16T03:00:02Z</time>
      </trkpt>
      <trkpt lat="25.224997960031033" lon="121.548492964357138">
        <ele>512.700000000000045</ele>
        <time>2025-06-16T03:00:12Z</time>
      </trkpt>
      <trkpt lat="25.22496996447444" lon="121.548483995720744">
        <ele>521.700000000000045</ele>
        <time>2025-06-16T03:00:23Z</time>
      </trkpt>
      <trkpt lat="25.224986979737878" lon="121.548457005992532">
        <ele>527.299999999999955</ele>
        <time>2025-06-16T03:00:33Z</time>
      </trkpt>
      <trkpt lat="25.22492797113955" lon="121.548509979620576">
        <ele>531.100000000000023</ele>
        <time>2025-06-16T03:00:44Z</time>
      </trkpt>
      <trkpt lat="25.224954038858414" lon="121.548460023477674">
        <ele>532.200000000000045</ele>
        <time>2025-06-16T03:00:55Z</time>
      </trkpt>
      <trkpt lat="25.224964013323188" lon="121.548462035134435">
        <ele>535</ele>
        <time>2025-06-16T03:01:06Z</time>
      </trkpt>
      <trkpt lat="25.224952027201653" lon="121.548437979072332">
        <ele>542.200000000000045</ele>
        <time>2025-06-16T03:01:17Z</time>
      </trkpt>
      <trkpt lat="25.224913973361254" lon="121.548452982679009">
        <ele>531.200000000000045</ele>
        <time>2025-06-16T03:01:28Z</time>
      </trkpt>
      <trkpt lat="25.224938029423356" lon="121.548479972407222">
        <ele>532.700000000000045</ele>
        <time>2025-06-16T03:01:39Z</time>
      </trkpt>
      <trkpt lat="25.224950015544891" lon="121.548443008214235">
        <ele>533</ele>
        <time>2025-06-16T03:01:50Z</time>
      </trkpt>
      <trkpt lat="25.224930988624692" lon="121.548432027921081">
        <ele>533</ele>
        <time>2025-06-16T03:02:00Z</time>
      </trkpt>
      <trkpt lat="25.224954038858414" lon="121.548383999615908">
        <ele>533.100000000000023</ele>
        <time>2025-06-16T03:02:11Z</time>
      </trkpt>
      <trkpt lat="25.225040037184954" lon="121.548346029594541">
        <ele>533.700000000000045</ele>
        <time>2025-06-16T03:02:22Z</time>
      </trkpt>
      <trkpt lat="25.22496803663671" lon="121.548400009050965">
        <ele>533.100000000000023</ele>
        <time>2025-06-16T03:02:33Z</time>
      </trkpt>
      <trkpt lat="25.224996032193303" lon="121.54845398850739">
        <ele>534</ele>
        <time>2025-06-16T03:02:44Z</time>
      </trkpt>
      <trkpt lat="25.224957978352904" lon="121.548448959365487">
        <ele>533.799999999999955</ele>
        <time>2025-06-16T03:02:55Z</time>
      </trkpt>
      <trkpt lat="25.224987985566258" lon="121.548452982679009">
        <ele>533.799999999999955</ele>
        <time>2025-06-16T03:03:06Z</time>
      </trkpt>
      <trkpt lat="25.224921014159918" lon="121.548473015427589">
        <ele>533.899999999999977</ele>
        <time>2025-06-16T03:03:17Z</time>
      </trkpt>
      <trkpt lat="25.224965019151568" lon="121.548387017101049">
        <ele>534.100000000000023</ele>
        <time>2025-06-16T03:03:28Z</time>
      </trkpt>
      <trkpt lat="25.224988991394639" lon="121.548507967963815">
        <ele>534.899999999999977</ele>
        <time>2025-06-16T03:03:39Z</time>
      </trkpt>
      <trkpt lat="25.225084964185953" lon="121.54830202460289">
        <ele>534</ele>
        <time>2025-06-16T03:03:51Z</time>
      </trkpt>
      <trkpt lat="25.225046994164586" lon="121.548370001837611">
        <ele>533</ele>
        <time>2025-06-16T03:04:01Z</time>
      </trkpt>
      <trkpt lat="25.22490399889648" lon="121.548383999615908">
        <ele>533.700000000000045</ele>
        <time>2025-06-16T03:04:12Z</time>
      </trkpt>
      <trkpt lat="25.225006006658077" lon="121.548382993787527">
        <ele>533.399999999999977</ele>
        <time>2025-06-16T03:04:23Z</time>
      </trkpt>
      <trkpt lat="25.225039031356573" lon="121.548463040962815">
        <ele>533.5</ele>
        <time>2025-06-16T03:04:34Z</time>
      </trkpt>
      <trkpt lat="25.224981028586626" lon="121.548420963808894">
        <ele>533.600000000000023</ele>
        <time>2025-06-16T03:04:45Z</time>
      </trkpt>
      <trkpt lat="25.225007012486458" lon="121.548413001000881">
        <ele>533.5</ele>
        <time>2025-06-16T03:04:56Z</time>
      </trkpt>
      <trkpt lat="25.225001983344555" lon="121.548383999615908">
        <ele>533</ele>
        <time>2025-06-16T03:05:07Z</time>
      </trkpt>
      <trkpt lat="25.225022016093135" lon="121.548377964645624">
        <ele>532.5</ele>
        <time>2025-06-16T03:05:18Z</time>
      </trkpt>
      <trkpt lat="25.225038025528193" lon="121.548353992402554">
        <ele>532.700000000000045</ele>
        <time>2025-06-16T03:05:28Z</time>
      </trkpt>
      <trkpt lat="25.225026961416006" lon="121.548314010724425">
        <ele>532.700000000000045</ele>
        <time>2025-06-16T03:05:39Z</time>
      </trkpt>
      <trkpt lat="25.225037019699812" lon="121.548332031816244">
        <ele>532.100000000000023</ele>
        <time>2025-06-16T03:05:50Z</time>
      </trkpt>
      <trkpt lat="25.225017992779613" lon="121.548342006281018">
        <ele>532.799999999999955</ele>
        <time>2025-06-16T03:06:01Z</time>
      </trkpt>
      <trkpt lat="25.225026961416006" lon="121.548342006281018">
        <ele>532.5</ele>
        <time>2025-06-16T03:06:11Z</time>
      </trkpt>
      <trkpt lat="25.225037019699812" lon="121.54836799018085">
        <ele>531.700000000000045</ele>
        <time>2025-06-16T03:06:22Z</time>
      </trkpt>
      <trkpt lat="25.225024027749896" lon="121.548317028209567">
        <ele>532.899999999999977</ele>
        <time>2025-06-16T03:06:33Z</time>
      </trkpt>
      <trkpt lat="25.225080018863082" lon="121.548293977975845">
        <ele>531.600000000000023</ele>
        <time>2025-06-16T03:06:44Z</time>
      </trkpt>
      <trkpt lat="25.225069038569927" lon="121.548239998519421">
        <ele>532</ele>
        <time>2025-06-16T03:06:55Z</time>
      </trkpt>
      <trkpt lat="25.225052023306489" lon="121.548258019611239">
        <ele>528.799999999999955</ele>
        <time>2025-06-16T03:07:06Z</time>
      </trkpt>
      <trkpt lat="25.225026961416006" lon="121.548233041539788">
        <ele>521.299999999999955</ele>
        <time>2025-06-16T03:07:17Z</time>
      </trkpt>
      <trkpt lat="25.225021010264754" lon="121.548244021832943">
        <ele>526.799999999999955</ele>
        <time>2025-06-16T03:07:28Z</time>
      </trkpt>
      <trkpt lat="25.225020004436374" lon="121.548214014619589">
        <ele>530.100000000000023</ele>
        <time>2025-06-16T03:07:39Z</time>
      </trkpt>
      <trkpt lat="25.224996032193303" lon="121.548247961327434">
        <ele>532</ele>
        <time>2025-06-16T03:07:50Z</time>
      </trkpt>
      <trkpt lat="25.225164005532861" lon="121.548164980486035">
        <ele>532.600000000000023</ele>
        <time>2025-06-16T03:08:01Z</time>
      </trkpt>
      <trkpt lat="25.225222008302808" lon="121.548222983255982">
        <ele>529.700000000000045</ele>
        <time>2025-06-16T03:08:14Z</time>
      </trkpt>
      <trkpt lat="25.225098039954901" lon="121.548218037933111">
        <ele>531.200000000000045</ele>
        <time>2025-06-16T03:08:24Z</time>
      </trkpt>
      <trkpt lat="25.225042970851064" lon="121.548184007406235">
        <ele>531.899999999999977</ele>
        <time>2025-06-16T03:08:34Z</time>
      </trkpt>
      <trkpt lat="25.225021010264754" lon="121.548200016841292">
        <ele>534.100000000000023</ele>
        <time>2025-06-16T03:08:53Z</time>
      </trkpt>
      <trkpt lat="25.225078007206321" lon="121.548219965770841">
        <ele>535</ele>
        <time>2025-06-16T03:09:39Z</time>
      </trkpt>
      <trkpt lat="25.22511899471283" lon="121.548261037096381">
        <ele>532.399999999999977</ele>
        <time>2025-06-16T03:09:50Z</time>
      </trkpt>
      <trkpt lat="25.225101979449391" lon="121.548270005732775">
        <ele>526.600000000000023</ele>
        <time>2025-06-16T03:10:01Z</time>
      </trkpt>
      <trkpt lat="25.225114971399307" lon="121.548273023217916">
        <ele>528.399999999999977</ele>
        <time>2025-06-16T03:10:12Z</time>
      </trkpt>
      <trkpt lat="25.22509996779263" lon="121.54830202460289">
        <ele>530.399999999999977</ele>
        <time>2025-06-16T03:10:23Z</time>
      </trkpt>
      <trkpt lat="25.225039031356573" lon="121.548300012946129">
        <ele>530.899999999999977</ele>
        <time>2025-06-16T03:10:34Z</time>
      </trkpt>
      <trkpt lat="25.225064009428024" lon="121.548308981582522">
        <ele>531.100000000000023</ele>
        <time>2025-06-16T03:10:45Z</time>
      </trkpt>
      <trkpt lat="25.225080018863082" lon="121.548306969925761">
        <ele>529.700000000000045</ele>
        <time>2025-06-16T03:10:55Z</time>
      </trkpt>
      <trkpt lat="25.225087981671095" lon="121.548294983804226">
        <ele>530</ele>
        <time>2025-06-16T03:11:06Z</time>
      </trkpt>
      <trkpt lat="25.225098039954901" lon="121.548325996845961">
        <ele>532</ele>
        <time>2025-06-16T03:11:17Z</time>
      </trkpt>
      <trkpt lat="25.225132992491126" lon="121.548343012109399">
        <ele>532</ele>
        <time>2025-06-16T03:11:28Z</time>
      </trkpt>
      <trkpt lat="25.225065015256405" lon="121.54830202460289">
        <ele>530.899999999999977</ele>
        <time>2025-06-16T03:11:39Z</time>
      </trkpt>
      <trkpt lat="25.225061997771263" lon="121.548347035422921">
        <ele>529.5</ele>
        <time>2025-06-16T03:11:50Z</time>
      </trkpt>
      <trkpt lat="25.225068032741547" lon="121.548317028209567">
        <ele>530.600000000000023</ele>
        <time>2025-06-16T03:12:00Z</time>
      </trkpt>
      <trkpt lat="25.225080018863082" lon="121.548319039866328">
        <ele>528.600000000000023</ele>
        <time>2025-06-16T03:12:12Z</time>
      </trkpt>
      <trkpt lat="25.225090999156237" lon="121.548322979360819">
        <ele>529.100000000000023</ele>
        <time>2025-06-16T03:12:22Z</time>
      </trkpt>
      <trkpt lat="25.225122012197971" lon="121.548290038481355">
        <ele>533</ele>
        <time>2025-06-16T03:12:33Z</time>
      </trkpt>
      <trkpt lat="25.225093010812998" lon="121.548247961327434">
        <ele>533</ele>
        <time>2025-06-16T03:12:45Z</time>
      </trkpt>
      <trkpt lat="25.225052023306489" lon="121.54823899269104">
        <ele>533.299999999999955</ele>
        <time>2025-06-16T03:12:56Z</time>
      </trkpt>
      <trkpt lat="25.225109020248055" lon="121.548230024054646">
        <ele>532.5</ele>
        <time>2025-06-16T03:13:07Z</time>
      </trkpt>
      <trkpt lat="25.225110026076436" lon="121.548178978264332">
        <ele>532.700000000000045</ele>
        <time>2025-06-16T03:13:18Z</time>
      </trkpt>
      <trkpt lat="25.225061997771263" lon="121.548271011561155">
        <ele>532.899999999999977</ele>
        <time>2025-06-16T03:13:29Z</time>
      </trkpt>
      <trkpt lat="25.225100973621011" lon="121.548260031268001">
        <ele>532.299999999999955</ele>
        <time>2025-06-16T03:13:40Z</time>
      </trkpt>
      <trkpt lat="25.225065015256405" lon="121.548203034326434">
        <ele>532.100000000000023</ele>
        <time>2025-06-16T03:13:51Z</time>
      </trkpt>
      <trkpt lat="25.225029978901148" lon="121.548284003511071">
        <ele>533.700000000000045</ele>
        <time>2025-06-16T03:14:01Z</time>
      </trkpt>
      <trkpt lat="25.225025033578277" lon="121.548293977975845">
        <ele>533.5</ele>
        <time>2025-06-16T03:14:11Z</time>
      </trkpt>
      <trkpt lat="25.224973987787962" lon="121.548327002674341">
        <ele>533.200000000000045</ele>
        <time>2025-06-16T03:14:31Z</time>
      </trkpt>
      <trkpt lat="25.224953033030033" lon="121.548322979360819">
        <ele>533.600000000000023</ele>
        <time>2025-06-16T03:14:41Z</time>
      </trkpt>
      <trkpt lat="25.224999971687794" lon="121.548247039318085">
        <ele>533.299999999999955</ele>
        <time>2025-06-16T03:15:27Z</time>
      </trkpt>
      <trkpt lat="25.225014975294471" lon="121.548229018226266">
        <ele>533.299999999999955</ele>
        <time>2025-06-16T03:15:38Z</time>
      </trkpt>
      <trkpt lat="25.22501296363771" lon="121.548241004347801">
        <ele>533.100000000000023</ele>
        <time>2025-06-16T03:15:51Z</time>
      </trkpt>
      <trkpt lat="25.225014975294471" lon="121.548285009339452">
        <ele>533.299999999999955</ele>
        <time>2025-06-16T03:16:03Z</time>
      </trkpt>
      <trkpt lat="25.225020004436374" lon="121.548267994076014">
        <ele>533.899999999999977</ele>
        <time>2025-06-16T03:16:14Z</time>
      </trkpt>
      <trkpt lat="25.225152019411325" lon="121.548299007117748">
        <ele>532.899999999999977</ele>
        <time>2025-06-16T03:16:25Z</time>
      </trkpt>
      <trkpt lat="25.22518596611917" lon="121.548325996845961">
        <ele>531.700000000000045</ele>
        <time>2025-06-16T03:16:36Z</time>
      </trkpt>
      <trkpt lat="25.225264001637697" lon="121.548336977139115">
        <ele>531.799999999999955</ele>
        <time>2025-06-16T03:16:47Z</time>
      </trkpt>
      <trkpt lat="25.225217984989285" lon="121.548289032652974">
        <ele>531</ele>
        <time>2025-06-16T03:16:58Z</time>
      </trkpt>
      <trkpt lat="25.225223014131188" lon="121.54830202460289">
        <ele>530.899999999999977</ele>
        <time>2025-06-16T03:17:09Z</time>
      </trkpt>
      <trkpt lat="25.225275987759233" lon="121.548366984352469">
        <ele>528.799999999999955</ele>
        <time>2025-06-16T03:17:20Z</time>
      </trkpt>
      <trkpt lat="25.225241035223007" lon="121.548344017937779">
        <ele>530.700000000000045</ele>
        <time>2025-06-16T03:17:31Z</time>
      </trkpt>
      <trkpt lat="25.225252015516162" lon="121.548332031816244">
        <ele>532.100000000000023</ele>
        <time>2025-06-16T03:17:42Z</time>
      </trkpt>
      <trkpt lat="25.22524799220264" lon="121.548290960490704">
        <ele>532.5</ele>
        <time>2025-06-16T03:17:53Z</time>
      </trkpt>
      <trkpt lat="25.225207004696131" lon="121.548291966319084">
        <ele>528.700000000000045</ele>
        <time>2025-06-16T03:18:03Z</time>
      </trkpt>
      <trkpt lat="25.225159982219338" lon="121.548316022381186">
        <ele>530</ele>
        <time>2025-06-16T03:18:14Z</time>
      </trkpt>
      <trkpt lat="25.225199963897467" lon="121.548377964645624">
        <ele>530.799999999999955</ele>
        <time>2025-06-16T03:18:25Z</time>
      </trkpt>
      <trkpt lat="25.225138021633029" lon="121.548382993787527">
        <ele>531.100000000000023</ele>
        <time>2025-06-16T03:18:36Z</time>
      </trkpt>
      <trkpt lat="25.22518496029079" lon="121.548392968252301">
        <ele>530.299999999999955</ele>
        <time>2025-06-16T03:18:47Z</time>
      </trkpt>
      <trkpt lat="25.225202981382608" lon="121.548396991565824">
        <ele>532.399999999999977</ele>
        <time>2025-06-16T03:18:58Z</time>
      </trkpt>
      <trkpt lat="25.225240029394627" lon="121.548376036807895">
        <ele>533.399999999999977</ele>
        <time>2025-06-16T03:19:09Z</time>
      </trkpt>
      <trkpt lat="25.225207004696131" lon="121.548391962423921">
        <ele>532</ele>
        <time>2025-06-16T03:19:20Z</time>
      </trkpt>
      <trkpt lat="25.225215973332524" lon="121.548405960202217">
        <ele>531.200000000000045</ele>
        <time>2025-06-16T03:19:33Z</time>
      </trkpt>
      <trkpt lat="25.22522502578795" lon="121.548378970474005">
        <ele>533.200000000000045</ele>
        <time>2025-06-16T03:19:44Z</time>
      </trkpt>
      <trkpt lat="25.225227037444711" lon="121.548362961038947">
        <ele>531.600000000000023</ele>
        <time>2025-06-16T03:19:55Z</time>
      </trkpt>
      <trkpt lat="25.225194012746215" lon="121.548417024314404">
        <ele>522.299999999999955</ele>
        <time>2025-06-16T03:20:05Z</time>
      </trkpt>
      <trkpt lat="25.225159982219338" lon="121.548417024314404">
        <ele>525.5</ele>
        <time>2025-06-16T03:20:16Z</time>
      </trkpt>
      <trkpt lat="25.225178003311157" lon="121.548406966030598">
        <ele>527.200000000000045</ele>
        <time>2025-06-16T03:20:27Z</time>
      </trkpt>
      <trkpt lat="25.2251619938761" lon="121.548407971858978">
        <ele>527.700000000000045</ele>
        <time>2025-06-16T03:20:38Z</time>
      </trkpt>
      <trkpt lat="25.225123018026352" lon="121.548396991565824">
        <ele>526.700000000000045</ele>
        <time>2025-06-16T03:20:49Z</time>
      </trkpt>
      <trkpt lat="25.225074989721179" lon="121.548417024314404">
        <ele>526.700000000000045</ele>
        <time>2025-06-16T03:21:00Z</time>
      </trkpt>
      <trkpt lat="25.225093010812998" lon="121.548382993787527">
        <ele>527.799999999999955</ele>
        <time>2025-06-16T03:21:18Z</time>
      </trkpt>
      <trkpt lat="25.225108014419675" lon="121.548376036807895">
        <ele>528.200000000000045</ele>
        <time>2025-06-16T03:21:35Z</time>
      </trkpt>
      <trkpt lat="25.225123018026352" lon="121.548416018486023">
        <ele>526.5</ele>
        <time>2025-06-16T03:22:25Z</time>
      </trkpt>
      <trkpt lat="25.225153025239706" lon="121.548403026536107">
        <ele>528.600000000000023</ele>
        <time>2025-06-16T03:22:36Z</time>
      </trkpt>
      <trkpt lat="25.225186971947551" lon="121.548392968252301">
        <ele>530.299999999999955</ele>
        <time>2025-06-16T03:22:47Z</time>
      </trkpt>
      <trkpt lat="25.225167023018003" lon="121.54841098934412">
        <ele>528.799999999999955</ele>
        <time>2025-06-16T03:22:59Z</time>
      </trkpt>
      <trkpt lat="25.225155958905816" lon="121.548378970474005">
        <ele>530.5</ele>
        <time>2025-06-16T03:23:10Z</time>
      </trkpt>
      <trkpt lat="25.225192001089454" lon="121.548366984352469">
        <ele>530.5</ele>
        <time>2025-06-16T03:23:21Z</time>
      </trkpt>
      <trkpt lat="25.225288979709148" lon="121.548332031816244">
        <ele>536.600000000000023</ele>
        <time>2025-06-16T03:23:32Z</time>
      </trkpt>
      <trkpt lat="25.225323010236025" lon="121.54832499101758">
        <ele>536.899999999999977</ele>
        <time>2025-06-16T03:23:42Z</time>
      </trkpt>
      <trkpt lat="25.225286968052387" lon="121.548335971310735">
        <ele>536.799999999999955</ele>
        <time>2025-06-16T03:23:53Z</time>
      </trkpt>
      <trkpt lat="25.225253021344543" lon="121.548374025151134">
        <ele>532.899999999999977</ele>
        <time>2025-06-16T03:24:04Z</time>
      </trkpt>
      <trkpt lat="25.225203987210989" lon="121.548325996845961">
        <ele>531.899999999999977</ele>
        <time>2025-06-16T03:24:15Z</time>
      </trkpt>
      <trkpt lat="25.22522502578795" lon="121.548335971310735">
        <ele>533.600000000000023</ele>
        <time>2025-06-16T03:24:27Z</time>
      </trkpt>
      <trkpt lat="25.225236006081104" lon="121.548330020159483">
        <ele>533.899999999999977</ele>
        <time>2025-06-16T03:24:38Z</time>
      </trkpt>
      <trkpt lat="25.225217984989285" lon="121.548294983804226">
        <ele>533.299999999999955</ele>
        <time>2025-06-16T03:24:49Z</time>
      </trkpt>
      <trkpt lat="25.225215973332524" lon="121.548265982419252">
        <ele>532.899999999999977</ele>
        <time>2025-06-16T03:25:03Z</time>
      </trkpt>
      <trkpt lat="25.225210022181273" lon="121.548278974369168">
        <ele>532.899999999999977</ele>
        <time>2025-06-16T03:25:25Z</time>
      </trkpt>
      <trkpt lat="25.225200969725847" lon="121.548294983804226">
        <ele>533.399999999999977</ele>
        <time>2025-06-16T03:25:36Z</time>
      </trkpt>
      <trkpt lat="25.225181020796299" lon="121.548282997682691">
        <ele>533.100000000000023</ele>
        <time>2025-06-16T03:25:46Z</time>
      </trkpt>
      <trkpt lat="25.225158976390958" lon="121.548268999904394">
        <ele>532.5</ele>
        <time>2025-06-16T03:25:57Z</time>
      </trkpt>
      <trkpt lat="25.225169034674764" lon="121.548261037096381">
        <ele>532.700000000000045</ele>
        <time>2025-06-16T03:26:08Z</time>
      </trkpt>
      <trkpt lat="25.225210022181273" lon="121.548250978812575">
        <ele>532.899999999999977</ele>
        <time>2025-06-16T03:26:19Z</time>
      </trkpt>
      <trkpt lat="25.225232988595963" lon="121.54828199185431">
        <ele>533.200000000000045</ele>
        <time>2025-06-16T03:26:30Z</time>
      </trkpt>
      <trkpt lat="25.225211028009653" lon="121.548290960490704">
        <ele>532.399999999999977</ele>
        <time>2025-06-16T03:26:41Z</time>
      </trkpt>
      <trkpt lat="25.225203987210989" lon="121.548282997682691">
        <ele>531.899999999999977</ele>
        <time>2025-06-16T03:26:52Z</time>
      </trkpt>
      <trkpt lat="25.22520499303937" lon="121.548308981582522">
        <ele>532.700000000000045</ele>
        <time>2025-06-16T03:27:42Z</time>
      </trkpt>
      <trkpt lat="25.22522896528244" lon="121.548329014331102">
        <ele>532.600000000000023</ele>
        <time>2025-06-16T03:28:13Z</time>
      </trkpt>
      <trkpt lat="25.225242963060737" lon="121.548352986574173">
        <ele>532.5</ele>
        <time>2025-06-16T03:28:35Z</time>
      </trkpt>
      <trkpt lat="25.225232988595963" lon="121.548341000452638">
        <ele>533.200000000000045</ele>
        <time>2025-06-16T03:29:05Z</time>
      </trkpt>
      <trkpt lat="25.225218990817666" lon="121.548327002674341">
        <ele>532.5</ele>
        <time>2025-06-16T03:29:16Z</time>
      </trkpt>
      <trkpt lat="25.225198036059737" lon="121.548335971310735">
        <ele>532.100000000000023</ele>
        <time>2025-06-16T03:29:41Z</time>
      </trkpt>
      <trkpt lat="25.225195018574595" lon="121.548366984352469">
        <ele>532.399999999999977</ele>
        <time>2025-06-16T03:30:04Z</time>
      </trkpt>
      <trkpt lat="25.225212033838034" lon="121.548349969089031">
        <ele>533</ele>
        <time>2025-06-16T03:30:15Z</time>
      </trkpt>
      <trkpt lat="25.225209016352892" lon="121.548316022381186">
        <ele>533.5</ele>
        <time>2025-06-16T03:30:26Z</time>
      </trkpt>
      <trkpt lat="25.22518303245306" lon="121.54834502376616">
        <ele>533.399999999999977</ele>
        <time>2025-06-16T03:30:42Z</time>
      </trkpt>
      <trkpt lat="25.225190995261073" lon="121.548321973532438">
        <ele>532.799999999999955</ele>
        <time>2025-06-16T03:30:53Z</time>
      </trkpt>
      <trkpt lat="25.225181020796299" lon="121.548303030431271">
        <ele>533.100000000000023</ele>
        <time>2025-06-16T03:31:04Z</time>
      </trkpt>
      <trkpt lat="25.225198036059737" lon="121.548349969089031">
        <ele>533.100000000000023</ele>
        <time>2025-06-16T03:31:19Z</time>
      </trkpt>
      <trkpt lat="25.225213961675763" lon="121.548383999615908">
        <ele>532.299999999999955</ele>
        <time>2025-06-16T03:31:30Z</time>
      </trkpt>
      <trkpt lat="25.225242963060737" lon="121.548399003222585">
        <ele>532.5</ele>
        <time>2025-06-16T03:31:40Z</time>
      </trkpt>
      <trkpt lat="25.225233994424343" lon="121.54836799018085">
        <ele>532.600000000000023</ele>
        <time>2025-06-16T03:31:51Z</time>
      </trkpt>
      <trkpt lat="25.22522896528244" lon="121.548358015716076">
        <ele>532.399999999999977</ele>
        <time>2025-06-16T03:32:02Z</time>
      </trkpt>
      <trkpt lat="25.225199041888118" lon="121.548333037644625">
        <ele>532.899999999999977</ele>
        <time>2025-06-16T03:32:13Z</time>
      </trkpt>
      <trkpt lat="25.225211028009653" lon="121.54834502376616">
        <ele>531.899999999999977</ele>
        <time>2025-06-16T03:32:24Z</time>
      </trkpt>
      <trkpt lat="25.22518303245306" lon="121.548348963260651">
        <ele>531.200000000000045</ele>
        <time>2025-06-16T03:32:35Z</time>
      </trkpt>
      <trkpt lat="25.225170962512493" lon="121.548330020159483">
        <ele>532</ele>
        <time>2025-06-16T03:32:46Z</time>
      </trkpt>
      <trkpt lat="25.225189989432693" lon="121.548342006281018">
        <ele>532.799999999999955</ele>
        <time>2025-06-16T03:32:57Z</time>
      </trkpt>
      <trkpt lat="25.225199963897467" lon="121.548353992402554">
        <ele>532.600000000000023</ele>
        <time>2025-06-16T03:33:08Z</time>
      </trkpt>
      <trkpt lat="25.225210022181273" lon="121.548372013494372">
        <ele>531.899999999999977</ele>
        <time>2025-06-16T03:33:19Z</time>
      </trkpt>
      <trkpt lat="25.225197030231357" lon="121.548319961875677">
        <ele>532</ele>
        <time>2025-06-16T03:33:30Z</time>
      </trkpt>
      <trkpt lat="25.225188983604312" lon="121.548339994624257">
        <ele>532.899999999999977</ele>
        <time>2025-06-16T03:33:43Z</time>
      </trkpt>
      <trkpt lat="25.225179009139538" lon="121.548377964645624">
        <ele>531.799999999999955</ele>
        <time>2025-06-16T03:33:54Z</time>
      </trkpt>
      <trkpt lat="25.22516299970448" lon="121.548347035422921">
        <ele>532.100000000000023</ele>
        <time>2025-06-16T03:34:05Z</time>
      </trkpt>
      <trkpt lat="25.225169034674764" lon="121.548320967704058">
        <ele>532.600000000000023</ele>
        <time>2025-06-16T03:34:16Z</time>
      </trkpt>
      <trkpt lat="25.22518303245306" lon="121.548328008502722">
        <ele>532.600000000000023</ele>
        <time>2025-06-16T03:34:27Z</time>
      </trkpt>
      <trkpt lat="25.225186971947551" lon="121.548348041251302">
        <ele>532.299999999999955</ele>
        <time>2025-06-16T03:34:38Z</time>
      </trkpt>
      <trkpt lat="25.225196024402976" lon="121.548322979360819">
        <ele>532.5</ele>
        <time>2025-06-16T03:34:49Z</time>
      </trkpt>
      <trkpt lat="25.225200969725847" lon="121.548334965482354">
        <ele>532.200000000000045</ele>
        <time>2025-06-16T03:35:00Z</time>
      </trkpt>
      <trkpt lat="25.225209016352892" lon="121.548356004059315">
        <ele>532.299999999999955</ele>
        <time>2025-06-16T03:35:11Z</time>
      </trkpt>
      <trkpt lat="25.225199041888118" lon="121.548313004896045">
        <ele>532</ele>
        <time>2025-06-16T03:35:22Z</time>
      </trkpt>
      <trkpt lat="25.225190995261073" lon="121.548303030431271">
        <ele>532.100000000000023</ele>
        <time>2025-06-16T03:35:34Z</time>
      </trkpt>
      <trkpt lat="25.225189989432693" lon="121.548288026824594">
        <ele>532.5</ele>
        <time>2025-06-16T03:35:47Z</time>
      </trkpt>
      <trkpt lat="25.22518596611917" lon="121.548265982419252">
        <ele>532.100000000000023</ele>
        <time>2025-06-16T03:35:57Z</time>
      </trkpt>
      <trkpt lat="25.225193006917834" lon="121.548274029046297">
        <ele>532.200000000000045</ele>
        <time>2025-06-16T03:36:08Z</time>
      </trkpt>
      <trkpt lat="25.225194012746215" lon="121.548260031268001">
        <ele>532.600000000000023</ele>
        <time>2025-06-16T03:36:19Z</time>
      </trkpt>
      <trkpt lat="25.22520599886775" lon="121.548262964934111">
        <ele>532.200000000000045</ele>
        <time>2025-06-16T03:36:31Z</time>
      </trkpt>
      <trkpt lat="25.225195018574595" lon="121.548262964934111">
        <ele>531.200000000000045</ele>
        <time>2025-06-16T03:36:42Z</time>
      </trkpt>
      <trkpt lat="25.225199041888118" lon="121.548253996297717">
        <ele>532</ele>
        <time>2025-06-16T03:37:05Z</time>
      </trkpt>
      <trkpt lat="25.225169034674764" lon="121.548246033489704">
        <ele>530.899999999999977</ele>
        <time>2025-06-16T03:37:23Z</time>
      </trkpt>
      <trkpt lat="25.225169034674764" lon="121.54830202460289">
        <ele>531.5</ele>
        <time>2025-06-16T03:37:34Z</time>
      </trkpt>
      <trkpt lat="25.225170040503144" lon="121.548361033201218">
        <ele>527.899999999999977</ele>
        <time>2025-06-16T03:37:45Z</time>
      </trkpt>
      <trkpt lat="25.225168028846383" lon="121.548348963260651">
        <ele>529.700000000000045</ele>
        <time>2025-06-16T03:37:55Z</time>
      </trkpt>
      <trkpt lat="25.225174985826015" lon="121.548372013494372">
        <ele>529.5</ele>
        <time>2025-06-16T03:38:06Z</time>
      </trkpt>
      <trkpt lat="25.225144978612661" lon="121.548364972695708">
        <ele>530.899999999999977</ele>
        <time>2025-06-16T03:38:17Z</time>
      </trkpt>
      <trkpt lat="25.225144978612661" lon="121.548393974080682">
        <ele>532.399999999999977</ele>
        <time>2025-06-16T03:38:31Z</time>
      </trkpt>
      <trkpt lat="25.225129975005984" lon="121.548434961587191">
        <ele>526.600000000000023</ele>
        <time>2025-06-16T03:38:42Z</time>
      </trkpt>
      <trkpt lat="25.225112959742546" lon="121.548404032364488">
        <ele>529.799999999999955</ele>
        <time>2025-06-16T03:38:53Z</time>
      </trkpt>
      <trkpt lat="25.225125029683113" lon="121.548354998230934">
        <ele>530</ele>
        <time>2025-06-16T03:39:04Z</time>
      </trkpt>
      <trkpt lat="25.225132992491126" lon="121.548366984352469">
        <ele>530.5</ele>
        <time>2025-06-16T03:39:14Z</time>
      </trkpt>
      <trkpt lat="25.225152019411325" lon="121.548352986574173">
        <ele>529.799999999999955</ele>
        <time>2025-06-16T03:39:24Z</time>
      </trkpt>
      <trkpt lat="25.225153025239706" lon="121.548368996009231">
        <ele>529.899999999999977</ele>
        <time>2025-06-16T03:39:34Z</time>
      </trkpt>
      <trkpt lat="25.225167023018003" lon="121.548370001837611">
        <ele>531.600000000000023</ele>
        <time>2025-06-16T03:40:05Z</time>
      </trkpt>
      <trkpt lat="25.225141039118171" lon="121.548349969089031">
        <ele>531.100000000000023</ele>
        <time>2025-06-16T03:40:16Z</time>
      </trkpt>
      <trkpt lat="25.22512000054121" lon="121.548360027372837">
        <ele>529.799999999999955</ele>
        <time>2025-06-16T03:40:27Z</time>
      </trkpt>
      <trkpt lat="25.22514196112752" lon="121.548360027372837">
        <ele>530.5</ele>
        <time>2025-06-16T03:40:41Z</time>
      </trkpt>
      <trkpt lat="25.225150007754564" lon="121.548362961038947">
        <ele>530.399999999999977</ele>
        <time>2025-06-16T03:40:53Z</time>
      </trkpt>
      <trkpt lat="25.225113965570927" lon="121.548376036807895">
        <ele>530</ele>
        <time>2025-06-16T03:42:41Z</time>
      </trkpt>
      <trkpt lat="25.225101979449391" lon="121.548363966867328">
        <ele>530.5</ele>
        <time>2025-06-16T03:42:52Z</time>
      </trkpt>
      <trkpt lat="25.225156964734197" lon="121.548396991565824">
        <ele>531</ele>
        <time>2025-06-16T03:43:14Z</time>
      </trkpt>
      <trkpt lat="25.22514196112752" lon="121.548348963260651">
        <ele>529.899999999999977</ele>
        <time>2025-06-16T03:43:25Z</time>
      </trkpt>
      <trkpt lat="25.225146990269423" lon="121.548359021544456">
        <ele>529.600000000000023</ele>
        <time>2025-06-16T03:43:36Z</time>
      </trkpt>
      <trkpt lat="25.22514003328979" lon="121.548319961875677">
        <ele>527.799999999999955</ele>
        <time>2025-06-16T03:43:47Z</time>
      </trkpt>
      <trkpt lat="25.225127963349223" lon="121.548289032652974">
        <ele>527.399999999999977</ele>
        <time>2025-06-16T03:43:58Z</time>
      </trkpt>
      <trkpt lat="25.225102985277772" lon="121.548304958269">
        <ele>527</ele>
        <time>2025-06-16T03:44:09Z</time>
      </trkpt>
      <trkpt lat="25.225126035511494" lon="121.548310993239284">
        <ele>526.799999999999955</ele>
        <time>2025-06-16T03:44:21Z</time>
      </trkpt>
      <trkpt lat="25.22511899471283" lon="121.548317028209567">
        <ele>526.200000000000045</ele>
        <time>2025-06-16T03:44:31Z</time>
      </trkpt>
      <trkpt lat="25.225121006369591" lon="121.548301018774509">
        <ele>528</ele>
        <time>2025-06-16T03:44:42Z</time>
      </trkpt>
      <trkpt lat="25.225137015804648" lon="121.548350974917412">
        <ele>526.700000000000045</ele>
        <time>2025-06-16T03:44:53Z</time>
      </trkpt>
      <trkpt lat="25.225110026076436" lon="121.548362039029598">
        <ele>526.299999999999955</ele>
        <time>2025-06-16T03:45:04Z</time>
      </trkpt>
      <trkpt lat="25.225131986662745" lon="121.548395985737443">
        <ele>529.299999999999955</ele>
        <time>2025-06-16T03:45:15Z</time>
      </trkpt>
      <trkpt lat="25.22511899471283" lon="121.548378970474005">
        <ele>530</ele>
        <time>2025-06-16T03:45:26Z</time>
      </trkpt>
      <trkpt lat="25.225125029683113" lon="121.548325996845961">
        <ele>530.700000000000045</ele>
        <time>2025-06-16T03:45:36Z</time>
      </trkpt>
      <trkpt lat="25.225113965570927" lon="121.548286015167832">
        <ele>529.700000000000045</ele>
        <time>2025-06-16T03:45:47Z</time>
      </trkpt>
      <trkpt lat="25.225102985277772" lon="121.548295989632607">
        <ele>530.700000000000045</ele>
        <time>2025-06-16T03:45:58Z</time>
      </trkpt>
      <trkpt lat="25.225111031904817" lon="121.548287020996213">
        <ele>535.299999999999955</ele>
        <time>2025-06-16T03:46:09Z</time>
      </trkpt>
      <trkpt lat="25.225094016641378" lon="121.548286015167832">
        <ele>532.899999999999977</ele>
        <time>2025-06-16T03:46:20Z</time>
      </trkpt>
      <trkpt lat="25.225093010812998" lon="121.548271011561155">
        <ele>532.600000000000023</ele>
        <time>2025-06-16T03:46:33Z</time>
      </trkpt>
      <trkpt lat="25.225067026913166" lon="121.548244021832943">
        <ele>532.899999999999977</ele>
        <time>2025-06-16T03:46:44Z</time>
      </trkpt>
      <trkpt lat="25.225069038569927" lon="121.548255002126098">
        <ele>533.299999999999955</ele>
        <time>2025-06-16T03:46:55Z</time>
      </trkpt>
      <trkpt lat="25.225065015256405" lon="121.548241004347801">
        <ele>535.299999999999955</ele>
        <time>2025-06-16T03:47:06Z</time>
      </trkpt>
      <trkpt lat="25.225041965022683" lon="121.548241004347801">
        <ele>532.399999999999977</ele>
        <time>2025-06-16T03:47:17Z</time>
      </trkpt>
      <trkpt lat="25.225057974457741" lon="121.548213008791208">
        <ele>536.5</ele>
        <time>2025-06-16T03:47:28Z</time>
      </trkpt>
      <trkpt lat="25.225101979449391" lon="121.548274029046297">
        <ele>534.899999999999977</ele>
        <time>2025-06-16T03:47:39Z</time>
      </trkpt>
      <trkpt lat="25.225133998319507" lon="121.548245027661324">
        <ele>533.5</ele>
        <time>2025-06-16T03:47:49Z</time>
      </trkpt>
      <trkpt lat="25.225149001926184" lon="121.548233963549137">
        <ele>533.899999999999977</ele>
        <time>2025-06-16T03:48:00Z</time>
      </trkpt>
      <trkpt lat="25.225081024691463" lon="121.548247961327434">
        <ele>533.5</ele>
        <time>2025-06-16T03:48:35Z</time>
      </trkpt>
      <trkpt lat="25.225067026913166" lon="121.548263970762491">
        <ele>534.399999999999977</ele>
        <time>2025-06-16T03:48:46Z</time>
      </trkpt>
      <trkpt lat="25.225070966407657" lon="121.548319039866328">
        <ele>531.399999999999977</ele>
        <time>2025-06-16T03:49:24Z</time>
      </trkpt>
      <trkpt lat="25.225047999992967" lon="121.548276962712407">
        <ele>532.700000000000045</ele>
        <time>2025-06-16T03:49:35Z</time>
      </trkpt>
      <trkpt lat="25.225031990557909" lon="121.548260031268001">
        <ele>531.100000000000023</ele>
        <time>2025-06-16T03:49:49Z</time>
      </trkpt>
      <trkpt lat="25.225059986114502" lon="121.548279980197549">
        <ele>531.700000000000045</ele>
        <time>2025-06-16T03:50:43Z</time>
      </trkpt>
      <trkpt lat="25.225072978064418" lon="121.548328008502722">
        <ele>532.600000000000023</ele>
        <time>2025-06-16T03:50:54Z</time>
      </trkpt>
      <trkpt lat="25.225085970014334" lon="121.548286015167832">
        <ele>531.899999999999977</ele>
        <time>2025-06-16T03:51:04Z</time>
      </trkpt>
      <trkpt lat="25.225084964185953" lon="121.548248967155814">
        <ele>533.200000000000045</ele>
        <time>2025-06-16T03:51:15Z</time>
      </trkpt>
      <trkpt lat="25.225042970851064" lon="121.548239998519421">
        <ele>532.100000000000023</ele>
        <time>2025-06-16T03:51:26Z</time>
      </trkpt>
      <trkpt lat="25.225051017478108" lon="121.548284003511071">
        <ele>531.600000000000023</ele>
        <time>2025-06-16T03:51:37Z</time>
      </trkpt>
      <trkpt lat="25.225067026913166" lon="121.548265982419252">
        <ele>532</ele>
        <time>2025-06-16T03:51:48Z</time>
      </trkpt>
      <trkpt lat="25.225078007206321" lon="121.548285009339452">
        <ele>531.899999999999977</ele>
        <time>2025-06-16T03:51:59Z</time>
      </trkpt>
      <trkpt lat="25.225069038569927" lon="121.548274029046297">
        <ele>531</ele>
        <time>2025-06-16T03:52:11Z</time>
      </trkpt>
      <trkpt lat="25.225103991106153" lon="121.548252990469337">
        <ele>532.100000000000023</ele>
        <time>2025-06-16T03:52:22Z</time>
      </trkpt>
      <trkpt lat="25.225066021084785" lon="121.548245027661324">
        <ele>532.100000000000023</ele>
        <time>2025-06-16T03:52:33Z</time>
      </trkpt>
      <trkpt lat="25.225106002762914" lon="121.548235975205898">
        <ele>533.299999999999955</ele>
        <time>2025-06-16T03:52:44Z</time>
      </trkpt>
      <trkpt lat="25.225094016641378" lon="121.548264976590872">
        <ele>532.899999999999977</ele>
        <time>2025-06-16T03:52:55Z</time>
      </trkpt>
      <trkpt lat="25.225081024691463" lon="121.548235975205898">
        <ele>532.600000000000023</ele>
        <time>2025-06-16T03:53:05Z</time>
      </trkpt>
      <trkpt lat="25.22507599554956" lon="121.548218037933111">
        <ele>532</ele>
        <time>2025-06-16T03:53:16Z</time>
      </trkpt>
      <trkpt lat="25.225082030519843" lon="121.548209991306067">
        <ele>532.100000000000023</ele>
        <time>2025-06-16T03:53:27Z</time>
      </trkpt>
      <trkpt lat="25.225089993327856" lon="121.548199011012912">
        <ele>532.399999999999977</ele>
        <time>2025-06-16T03:53:38Z</time>
      </trkpt>
      <trkpt lat="25.225087981671095" lon="121.548208985477686">
        <ele>532.899999999999977</ele>
        <time>2025-06-16T03:53:50Z</time>
      </trkpt>
      <trkpt lat="25.22509703412652" lon="121.548221977427602">
        <ele>533.899999999999977</ele>
        <time>2025-06-16T03:54:00Z</time>
      </trkpt>
      <trkpt lat="25.225107008591294" lon="121.548227006569505">
        <ele>533.600000000000023</ele>
        <time>2025-06-16T03:54:11Z</time>
      </trkpt>
      <trkpt lat="25.225112959742546" lon="121.548212002962828">
        <ele>533.299999999999955</ele>
        <time>2025-06-16T03:54:22Z</time>
      </trkpt>
      <trkpt lat="25.225151013582945" lon="121.548201022669673">
        <ele>533.700000000000045</ele>
        <time>2025-06-16T03:54:33Z</time>
      </trkpt>
      <trkpt lat="25.225132992491126" lon="121.548204962164164">
        <ele>532.299999999999955</ele>
        <time>2025-06-16T03:54:44Z</time>
      </trkpt>
      <trkpt lat="25.225167023018003" lon="121.548260031268001">
        <ele>530.700000000000045</ele>
        <time>2025-06-16T03:54:54Z</time>
      </trkpt>
      <trkpt lat="25.225223014131188" lon="121.548300012946129">
        <ele>530.799999999999955</ele>
        <time>2025-06-16T03:55:05Z</time>
      </trkpt>
      <trkpt lat="25.225193006917834" lon="121.548277968540788">
        <ele>531.100000000000023</ele>
        <time>2025-06-16T03:55:16Z</time>
      </trkpt>
      <trkpt lat="25.225241035223007" lon="121.548300012946129">
        <ele>531.299999999999955</ele>
        <time>2025-06-16T03:55:27Z</time>
      </trkpt>
      <trkpt lat="25.225216979160905" lon="121.548309987410903">
        <ele>531</ele>
        <time>2025-06-16T03:55:38Z</time>
      </trkpt>
      <trkpt lat="25.225254027172923" lon="121.548304958269">
        <ele>531.299999999999955</ele>
        <time>2025-06-16T03:55:49Z</time>
      </trkpt>
      <trkpt lat="25.225236006081104" lon="121.548304958269">
        <ele>532.700000000000045</ele>
        <time>2025-06-16T03:56:00Z</time>
      </trkpt>
      <trkpt lat="25.225282022729516" lon="121.548319961875677">
        <ele>532</ele>
        <time>2025-06-16T03:56:10Z</time>
      </trkpt>
      <trkpt lat="25.225202981382608" lon="121.548315016552806">
        <ele>530.799999999999955</ele>
        <time>2025-06-16T03:56:20Z</time>
      </trkpt>
      <trkpt lat="25.22522502578795" lon="121.548318034037948">
        <ele>530.899999999999977</ele>
        <time>2025-06-16T03:56:31Z</time>
      </trkpt>
      <trkpt lat="25.225224019959569" lon="121.548304036259651">
        <ele>531.5</ele>
        <time>2025-06-16T03:57:00Z</time>
      </trkpt>
      <trkpt lat="25.225232988595963" lon="121.548319961875677">
        <ele>531.899999999999977</ele>
        <time>2025-06-16T03:57:11Z</time>
      </trkpt>
      <trkpt lat="25.225217984989285" lon="121.548313004896045">
        <ele>530.700000000000045</ele>
        <time>2025-06-16T03:57:22Z</time>
      </trkpt>
      <trkpt lat="25.225210022181273" lon="121.548305964097381">
        <ele>531.5</ele>
        <time>2025-06-16T03:57:38Z</time>
      </trkpt>
      <trkpt lat="25.225188983604312" lon="121.548289032652974">
        <ele>531.700000000000045</ele>
        <time>2025-06-16T03:57:49Z</time>
      </trkpt>
      <trkpt lat="25.225171968340874" lon="121.548278974369168">
        <ele>531.299999999999955</ele>
        <time>2025-06-16T03:58:00Z</time>
      </trkpt>
      <trkpt lat="25.225175991654396" lon="121.548306969925761">
        <ele>533.899999999999977</ele>
        <time>2025-06-16T03:58:11Z</time>
      </trkpt>
      <trkpt lat="25.22513902746141" lon="121.548365978524089">
        <ele>530.399999999999977</ele>
        <time>2025-06-16T03:58:22Z</time>
      </trkpt>
      <trkpt lat="25.22514196112752" lon="121.548336977139115">
        <ele>530.899999999999977</ele>
        <time>2025-06-16T03:58:33Z</time>
      </trkpt>
      <trkpt lat="25.225121006369591" lon="121.548317028209567">
        <ele>530.799999999999955</ele>
        <time>2025-06-16T03:58:44Z</time>
      </trkpt>
      <trkpt lat="25.225108014419675" lon="121.548316022381186">
        <ele>524.899999999999977</ele>
        <time>2025-06-16T03:58:55Z</time>
      </trkpt>
      <trkpt lat="25.225108014419675" lon="121.548329014331102">
        <ele>528.600000000000023</ele>
        <time>2025-06-16T03:59:06Z</time>
      </trkpt>
      <trkpt lat="25.225113965570927" lon="121.548342006281018">
        <ele>529.600000000000023</ele>
        <time>2025-06-16T03:59:17Z</time>
      </trkpt>
      <trkpt lat="25.225129975005984" lon="121.548339994624257">
        <ele>531.399999999999977</ele>
        <time>2025-06-16T03:59:27Z</time>
      </trkpt>
      <trkpt lat="25.225122012197971" lon="121.548286015167832">
        <ele>531.5</ele>
        <time>2025-06-16T03:59:38Z</time>
      </trkpt>
      <trkpt lat="25.225129975005984" lon="121.548279980197549">
        <ele>531.899999999999977</ele>
        <time>2025-06-16T03:59:49Z</time>
      </trkpt>
      <trkpt lat="25.225083036348224" lon="121.548300012946129">
        <ele>533.399999999999977</ele>
        <time>2025-06-16T04:00:06Z</time>
      </trkpt>
      <trkpt lat="25.225152019411325" lon="121.548296995460987">
        <ele>531.200000000000045</ele>
        <time>2025-06-16T04:00:17Z</time>
      </trkpt>
      <trkpt lat="25.22518596611917" lon="121.548304958269">
        <ele>530.799999999999955</ele>
        <time>2025-06-16T04:00:28Z</time>
      </trkpt>
      <trkpt lat="25.225137015804648" lon="121.548327002674341">
        <ele>528.899999999999977</ele>
        <time>2025-06-16T04:00:39Z</time>
      </trkpt>
      <trkpt lat="25.225127963349223" lon="121.548339994624257">
        <ele>527.700000000000045</ele>
        <time>2025-06-16T04:00:50Z</time>
      </trkpt>
      <trkpt lat="25.225154031068087" lon="121.548338988795877">
        <ele>525.600000000000023</ele>
        <time>2025-06-16T04:01:01Z</time>
      </trkpt>
      <trkpt lat="25.225145984441042" lon="121.548314010724425">
        <ele>526.799999999999955</ele>
        <time>2025-06-16T04:01:12Z</time>
      </trkpt>
      <trkpt lat="25.225141039118171" lon="121.548296995460987">
        <ele>529.600000000000023</ele>
        <time>2025-06-16T04:01:23Z</time>
      </trkpt>
      <trkpt lat="25.225178003311157" lon="121.548319039866328">
        <ele>530.899999999999977</ele>
        <time>2025-06-16T04:01:38Z</time>
      </trkpt>
      <trkpt lat="25.225146990269423" lon="121.548299007117748">
        <ele>532</ele>
        <time>2025-06-16T04:02:15Z</time>
      </trkpt>
      <trkpt lat="25.225186971947551" lon="121.548381987959146">
        <ele>528.299999999999955</ele>
        <time>2025-06-16T04:04:06Z</time>
      </trkpt>
      <trkpt lat="25.225188983604312" lon="121.548362039029598">
        <ele>529.5</ele>
        <time>2025-06-16T04:04:17Z</time>
      </trkpt>
      <trkpt lat="25.225199963897467" lon="121.54834502376616">
        <ele>530.200000000000045</ele>
        <time>2025-06-16T04:04:33Z</time>
      </trkpt>
      <trkpt lat="25.225168028846383" lon="121.548303030431271">
        <ele>529.600000000000023</ele>
        <time>2025-06-16T04:04:44Z</time>
      </trkpt>
      <trkpt lat="25.225172974169254" lon="121.548330020159483">
        <ele>530.799999999999955</ele>
        <time>2025-06-16T04:04:55Z</time>
      </trkpt>
      <trkpt lat="25.225157970562577" lon="121.548333037644625">
        <ele>529.200000000000045</ele>
        <time>2025-06-16T04:05:06Z</time>
      </trkpt>
      <trkpt lat="25.225151013582945" lon="121.548351980745792">
        <ele>528.299999999999955</ele>
        <time>2025-06-16T04:05:18Z</time>
      </trkpt>
      <trkpt lat="25.225165011361241" lon="121.548375030979514">
        <ele>529.899999999999977</ele>
        <time>2025-06-16T04:05:29Z</time>
      </trkpt>
      <trkpt lat="25.225151013582945" lon="121.548374025151134">
        <ele>528.799999999999955</ele>
        <time>2025-06-16T04:05:42Z</time>
      </trkpt>
      <trkpt lat="25.225168028846383" lon="121.54836799018085">
        <ele>528.5</ele>
        <time>2025-06-16T04:05:52Z</time>
      </trkpt>
      <trkpt lat="25.225170962512493" lon="121.548344017937779">
        <ele>532.200000000000045</ele>
        <time>2025-06-16T04:06:16Z</time>
      </trkpt>
      <trkpt lat="25.225155958905816" lon="121.548342006281018">
        <ele>531.399999999999977</ele>
        <time>2025-06-16T04:06:27Z</time>
      </trkpt>
      <trkpt lat="25.225165011361241" lon="121.548350974917412">
        <ele>531.299999999999955</ele>
        <time>2025-06-16T04:06:38Z</time>
      </trkpt>
      <trkpt lat="25.225149001926184" lon="121.548339994624257">
        <ele>531.399999999999977</ele>
        <time>2025-06-16T04:06:49Z</time>
      </trkpt>
      <trkpt lat="25.225193006917834" lon="121.548395985737443">
        <ele>530.600000000000023</ele>
        <time>2025-06-16T04:07:00Z</time>
      </trkpt>
      <trkpt lat="25.225151013582945" lon="121.548361033201218">
        <ele>531.100000000000023</ele>
        <time>2025-06-16T04:07:11Z</time>
      </trkpt>
      <trkpt lat="25.225155036896467" lon="121.548397997394204">
        <ele>530.100000000000023</ele>
        <time>2025-06-16T04:07:22Z</time>
      </trkpt>
      <trkpt lat="25.225109020248055" lon="121.548399003222585">
        <ele>528.200000000000045</ele>
        <time>2025-06-16T04:07:33Z</time>
      </trkpt>
      <trkpt lat="25.22512000054121" lon="121.548346029594541">
        <ele>529.600000000000023</ele>
        <time>2025-06-16T04:07:43Z</time>
      </trkpt>
      <trkpt lat="25.225157970562577" lon="121.548406966030598">
        <ele>531.600000000000023</ele>
        <time>2025-06-16T04:07:54Z</time>
      </trkpt>
      <trkpt lat="25.225071972236037" lon="121.548314010724425">
        <ele>531.200000000000045</ele>
        <time>2025-06-16T04:08:05Z</time>
      </trkpt>
      <trkpt lat="25.225083958357573" lon="121.548250978812575">
        <ele>532.100000000000023</ele>
        <time>2025-06-16T04:08:16Z</time>
      </trkpt>
      <trkpt lat="25.225102985277772" lon="121.548278974369168">
        <ele>530.399999999999977</ele>
        <time>2025-06-16T04:08:27Z</time>
      </trkpt>
      <trkpt lat="25.225117988884449" lon="121.548279980197549">
        <ele>531.700000000000045</ele>
        <time>2025-06-16T04:08:38Z</time>
      </trkpt>
      <trkpt lat="25.225088987499475" lon="121.548280986025929">
        <ele>532.799999999999955</ele>
        <time>2025-06-16T04:08:49Z</time>
      </trkpt>
      <trkpt lat="25.225051017478108" lon="121.548276962712407">
        <ele>533.600000000000023</ele>
        <time>2025-06-16T04:09:00Z</time>
      </trkpt>
      <trkpt lat="25.225117988884449" lon="121.548300012946129">
        <ele>533.600000000000023</ele>
        <time>2025-06-16T04:09:11Z</time>
      </trkpt>
      <trkpt lat="25.225094016641378" lon="121.548292972147465">
        <ele>530</ele>
        <time>2025-06-16T04:09:22Z</time>
      </trkpt>
      <trkpt lat="25.225080018863082" lon="121.548313004896045">
        <ele>531</ele>
        <time>2025-06-16T04:09:33Z</time>
      </trkpt>
      <trkpt lat="25.22509602829814" lon="121.54826195910573">
        <ele>532.100000000000023</ele>
        <time>2025-06-16T04:09:43Z</time>
      </trkpt>
      <trkpt lat="25.225138021633029" lon="121.548252990469337">
        <ele>533.5</ele>
        <time>2025-06-16T04:09:54Z</time>
      </trkpt>
      <trkpt lat="25.225150007754564" lon="121.54826195910573">
        <ele>530.899999999999977</ele>
        <time>2025-06-16T04:10:05Z</time>
      </trkpt>
      <trkpt lat="25.22516299970448" lon="121.548266988247633">
        <ele>532</ele>
        <time>2025-06-16T04:10:16Z</time>
      </trkpt>
      <trkpt lat="25.225155958905816" lon="121.548330020159483">
        <ele>532.5</ele>
        <time>2025-06-16T04:10:27Z</time>
      </trkpt>
      <trkpt lat="25.225109020248055" lon="121.548196999356151">
        <ele>532.799999999999955</ele>
        <time>2025-06-16T04:10:47Z</time>
      </trkpt>
      <trkpt lat="25.225164005532861" lon="121.548263970762491">
        <ele>531.700000000000045</ele>
        <time>2025-06-16T04:10:58Z</time>
      </trkpt>
      <trkpt lat="25.225029978901148" lon="121.5481529943645">
        <ele>533.600000000000023</ele>
        <time>2025-06-16T04:11:09Z</time>
      </trkpt>
      <trkpt lat="25.225051017478108" lon="121.548176966607571">
        <ele>533.5</ele>
        <time>2025-06-16T04:11:20Z</time>
      </trkpt>
      <trkpt lat="25.225126035511494" lon="121.548208985477686">
        <ele>534</ele>
        <time>2025-06-16T04:11:31Z</time>
      </trkpt>
      <trkpt lat="25.22511899471283" lon="121.548222983255982">
        <ele>533.799999999999955</ele>
        <time>2025-06-16T04:11:43Z</time>
      </trkpt>
      <trkpt lat="25.225124023854733" lon="121.548322979360819">
        <ele>533.5</ele>
        <time>2025-06-16T04:11:54Z</time>
      </trkpt>
      <trkpt lat="25.225123018026352" lon="121.548284003511071">
        <ele>533.100000000000023</ele>
        <time>2025-06-16T04:12:05Z</time>
      </trkpt>
      <trkpt lat="25.225165011361241" lon="121.548268999904394">
        <ele>533</ele>
        <time>2025-06-16T04:12:16Z</time>
      </trkpt>
      <trkpt lat="25.225124023854733" lon="121.548274029046297">
        <ele>533.399999999999977</ele>
        <time>2025-06-16T04:12:27Z</time>
      </trkpt>
      <trkpt lat="25.225112037733197" lon="121.548258019611239">
        <ele>531.700000000000045</ele>
        <time>2025-06-16T04:12:38Z</time>
      </trkpt>
      <trkpt lat="25.225117988884449" lon="121.548234969377518">
        <ele>531.100000000000023</ele>
        <time>2025-06-16T04:12:49Z</time>
      </trkpt>
      <trkpt lat="25.225124023854733" lon="121.548275034874678">
        <ele>530.899999999999977</ele>
        <time>2025-06-16T04:13:00Z</time>
      </trkpt>
      <trkpt lat="25.225138021633029" lon="121.548266988247633">
        <ele>529.799999999999955</ele>
        <time>2025-06-16T04:13:11Z</time>
      </trkpt>
      <trkpt lat="25.225145984441042" lon="121.548220971599221">
        <ele>532.600000000000023</ele>
        <time>2025-06-16T04:13:22Z</time>
      </trkpt>
      <trkpt lat="25.225149001926184" lon="121.548249972984195">
        <ele>533.200000000000045</ele>
        <time>2025-06-16T04:13:33Z</time>
      </trkpt>
      <trkpt lat="25.22514003328979" lon="121.548268999904394">
        <ele>533.299999999999955</ele>
        <time>2025-06-16T04:13:43Z</time>
      </trkpt>
      <trkpt lat="25.225154031068087" lon="121.548289032652974">
        <ele>532.600000000000023</ele>
        <time>2025-06-16T04:13:54Z</time>
      </trkpt>
      <trkpt lat="25.225124023854733" lon="121.548303030431271">
        <ele>532.100000000000023</ele>
        <time>2025-06-16T04:14:05Z</time>
      </trkpt>
      <trkpt lat="25.225208010524511" lon="121.548342006281018">
        <ele>532.100000000000023</ele>
        <time>2025-06-16T04:14:16Z</time>
      </trkpt>
      <trkpt lat="25.225176997482777" lon="121.548353992402554">
        <ele>527.200000000000045</ele>
        <time>2025-06-16T04:14:27Z</time>
      </trkpt>
      <trkpt lat="25.225218990817666" lon="121.548393974080682">
        <ele>535.299999999999955</ele>
        <time>2025-06-16T04:14:38Z</time>
      </trkpt>
      <trkpt lat="25.225240029394627" lon="121.548343012109399">
        <ele>529.100000000000023</ele>
        <time>2025-06-16T04:14:50Z</time>
      </trkpt>
      <trkpt lat="25.22529099136591" lon="121.548335971310735">
        <ele>529.5</ele>
        <time>2025-06-16T04:15:01Z</time>
      </trkpt>
      <trkpt lat="25.225299037992954" lon="121.548382993787527">
        <ele>528.799999999999955</ele>
        <time>2025-06-16T04:15:12Z</time>
      </trkpt>
      <trkpt lat="25.225289985537529" lon="121.548275034874678">
        <ele>530.799999999999955</ele>
        <time>2025-06-16T04:15:23Z</time>
      </trkpt>
      <trkpt lat="25.22533399052918" lon="121.548296995460987">
        <ele>530</ele>
        <time>2025-06-16T04:15:34Z</time>
      </trkpt>
      <trkpt lat="25.225343964993954" lon="121.548344017937779">
        <ele>531.899999999999977</ele>
        <time>2025-06-16T04:15:44Z</time>
      </trkpt>
      <trkpt lat="25.225383024662733" lon="121.548306969925761">
        <ele>534.5</ele>
        <time>2025-06-16T04:15:55Z</time>
      </trkpt>
      <trkpt lat="25.22537698969245" lon="121.548266988247633">
        <ele>527.5</ele>
        <time>2025-06-16T04:16:06Z</time>
      </trkpt>
      <trkpt lat="25.225380007177591" lon="121.548243016004562">
        <ele>525.899999999999977</ele>
        <time>2025-06-16T04:16:17Z</time>
      </trkpt>
      <trkpt lat="25.225414959713817" lon="121.548276040703058">
        <ele>528.399999999999977</ele>
        <time>2025-06-16T04:16:28Z</time>
      </trkpt>
      <trkpt lat="25.2254400216043" lon="121.54830202460289">
        <ele>528.299999999999955</ele>
        <time>2025-06-16T04:16:39Z</time>
      </trkpt>
      <trkpt lat="25.225455025210977" lon="121.54826195910573">
        <ele>528.5</ele>
        <time>2025-06-16T04:16:50Z</time>
      </trkpt>
      <trkpt lat="25.225480003282428" lon="121.548296995460987">
        <ele>527.399999999999977</ele>
        <time>2025-06-16T04:17:01Z</time>
      </trkpt>
      <trkpt lat="25.225456031039357" lon="121.548266988247633">
        <ele>527.799999999999955</ele>
        <time>2025-06-16T04:17:12Z</time>
      </trkpt>
      <trkpt lat="25.225435998290777" lon="121.548214014619589">
        <ele>523.600000000000023</ele>
        <time>2025-06-16T04:17:23Z</time>
      </trkpt>
      <trkpt lat="25.2254400216043" lon="121.548268999904394">
        <ele>524.5</ele>
        <time>2025-06-16T04:17:34Z</time>
      </trkpt>
      <trkpt lat="25.225394004955888" lon="121.548433033749461">
        <ele>522.5</ele>
        <time>2025-06-16T04:17:45Z</time>
      </trkpt>
      <trkpt lat="25.22546298801899" lon="121.548381987959146">
        <ele>523.5</ele>
        <time>2025-06-16T04:17:55Z</time>
      </trkpt>
      <trkpt lat="25.225443039089441" lon="121.548375030979514">
        <ele>521.5</ele>
        <time>2025-06-16T04:17:59Z</time>
      </trkpt>
      <trkpt lat="25.22546399384737" lon="121.548360027372837">
        <ele>521.299999999999955</ele>
        <time>2025-06-16T04:18:09Z</time>
      </trkpt>
      <trkpt lat="25.225510010495782" lon="121.548423981294036">
        <ele>524.600000000000023</ele>
        <time>2025-06-16T04:18:20Z</time>
      </trkpt>
      <trkpt lat="25.2255919855088" lon="121.5484310220927">
        <ele>523.5</ele>
        <time>2025-06-16T04:18:31Z</time>
      </trkpt>
      <trkpt lat="25.225599026307464" lon="121.548400009050965">
        <ele>517.299999999999955</ele>
        <time>2025-06-16T04:18:42Z</time>
      </trkpt>
      <trkpt lat="25.225607994943857" lon="121.548359021544456">
        <ele>518.100000000000023</ele>
        <time>2025-06-16T04:18:53Z</time>
      </trkpt>
      <trkpt lat="25.225618975237012" lon="121.548308981582522">
        <ele>517.299999999999955</ele>
        <time>2025-06-16T04:19:04Z</time>
      </trkpt>
      <trkpt lat="25.225617969408631" lon="121.548260031268001">
        <ele>517.700000000000045</ele>
        <time>2025-06-16T04:19:14Z</time>
      </trkpt>
      <trkpt lat="25.225624004378915" lon="121.548272017389536">
        <ele>523.5</ele>
        <time>2025-06-16T04:19:26Z</time>
      </trkpt>
      <trkpt lat="25.225611012428999" lon="121.548306969925761">
        <ele>521.899999999999977</ele>
        <time>2025-06-16T04:19:37Z</time>
      </trkpt>
      <trkpt lat="25.225606989115477" lon="121.548397997394204">
        <ele>520.5</ele>
        <time>2025-06-16T04:19:48Z</time>
      </trkpt>
      <trkpt lat="25.225631967186928" lon="121.548332031816244">
        <ele>526.399999999999977</ele>
        <time>2025-06-16T04:19:58Z</time>
      </trkpt>
      <trkpt lat="25.225687036290765" lon="121.548285009339452">
        <ele>524.5</ele>
        <time>2025-06-16T04:20:09Z</time>
      </trkpt>
      <trkpt lat="25.225722994655371" lon="121.548305964097381">
        <ele>526.600000000000023</ele>
        <time>2025-06-16T04:20:20Z</time>
      </trkpt>
      <trkpt lat="25.225736992433667" lon="121.548320967704058">
        <ele>523.100000000000023</ele>
        <time>2025-06-16T04:20:31Z</time>
      </trkpt>
      <trkpt lat="25.225729029625654" lon="121.548288026824594">
        <ele>522.5</ele>
        <time>2025-06-16T04:20:42Z</time>
      </trkpt>
      <trkpt lat="25.225731963291764" lon="121.548260031268001">
        <ele>522.100000000000023</ele>
        <time>2025-06-16T04:20:53Z</time>
      </trkpt>
      <trkpt lat="25.225731963291764" lon="121.548220971599221">
        <ele>523.600000000000023</ele>
        <time>2025-06-16T04:21:04Z</time>
      </trkpt>
      <trkpt lat="25.225744033232331" lon="121.54821602627635">
        <ele>523.100000000000023</ele>
        <time>2025-06-16T04:21:15Z</time>
      </trkpt>
      <trkpt lat="25.225689969956875" lon="121.548179984092712">
        <ele>512.600000000000023</ele>
        <time>2025-06-16T04:21:26Z</time>
      </trkpt>
      <trkpt lat="25.225765993818641" lon="121.54817596077919">
        <ele>518.5</ele>
        <time>2025-06-16T04:21:37Z</time>
      </trkpt>
      <trkpt lat="25.225822990760207" lon="121.548171015456319">
        <ele>519.899999999999977</ele>
        <time>2025-06-16T04:21:48Z</time>
      </trkpt>
      <trkpt lat="25.225872024893761" lon="121.548184007406235">
        <ele>521.200000000000045</ele>
        <time>2025-06-16T04:21:58Z</time>
      </trkpt>
      <trkpt lat="25.225895997136831" lon="121.548156011849642">
        <ele>520.399999999999977</ele>
        <time>2025-06-16T04:22:09Z</time>
      </trkpt>
      <trkpt lat="25.225918041542172" lon="121.548107983544469">
        <ele>520.200000000000045</ele>
        <time>2025-06-16T04:22:20Z</time>
      </trkpt>
      <trkpt lat="25.225947964936495" lon="121.548103960230947">
        <ele>518.899999999999977</ele>
        <time>2025-06-16T04:22:31Z</time>
      </trkpt>
      <trkpt lat="25.225904965773225" lon="121.548088034614921">
        <ele>518.799999999999955</ele>
        <time>2025-06-16T04:22:42Z</time>
      </trkpt>
      <trkpt lat="25.225894991308451" lon="121.548040006309748">
        <ele>517.299999999999955</ele>
        <time>2025-06-16T04:22:53Z</time>
      </trkpt>
      <trkpt lat="25.225870013237" lon="121.547972029075027">
        <ele>518.200000000000045</ele>
        <time>2025-06-16T04:23:04Z</time>
      </trkpt>
      <trkpt lat="25.225909994915128" lon="121.547929029911757">
        <ele>520.5</ele>
        <time>2025-06-16T04:23:15Z</time>
      </trkpt>
      <trkpt lat="25.225904965773225" lon="121.547912014648318">
        <ele>520.600000000000023</ele>
        <time>2025-06-16T04:23:26Z</time>
      </trkpt>
      <trkpt lat="25.225945031270385" lon="121.547907991334796">
        <ele>514.899999999999977</ele>
        <time>2025-06-16T04:23:37Z</time>
      </trkpt>
      <trkpt lat="25.225993981584907" lon="121.547859041020274">
        <ele>518.100000000000023</ele>
        <time>2025-06-16T04:23:48Z</time>
      </trkpt>
      <trkpt lat="25.226024994626641" lon="121.547847976908088">
        <ele>514.700000000000045</ele>
        <time>2025-06-16T04:23:59Z</time>
      </trkpt>
      <trkpt lat="25.226079979911447" lon="121.547848982736468">
        <ele>514.899999999999977</ele>
        <time>2025-06-16T04:24:09Z</time>
      </trkpt>
      <trkpt lat="25.226119039580226" lon="121.547853006049991">
        <ele>511.699999999999989</ele>
        <time>2025-06-16T04:24:20Z</time>
      </trkpt>
      <trkpt lat="25.226143011823297" lon="121.547801960259676">
        <ele>512.700000000000045</ele>
        <time>2025-06-16T04:24:31Z</time>
      </trkpt>
      <trkpt lat="25.226162038743496" lon="121.547791985794902">
        <ele>506.5</ele>
        <time>2025-06-16T04:24:42Z</time>
      </trkpt>
      <trkpt lat="25.226180981844664" lon="121.547767007723451">
        <ele>507.300000000000011</ele>
        <time>2025-06-16T04:24:53Z</time>
      </trkpt>
      <trkpt lat="25.226223981007934" lon="121.547728031873703">
        <ele>506.5</ele>
        <time>2025-06-16T04:25:04Z</time>
      </trkpt>
      <trkpt lat="25.226250970736146" lon="121.547713028267026">
        <ele>507.5</ele>
        <time>2025-06-16T04:25:15Z</time>
      </trkpt>
      <trkpt lat="25.226290030404925" lon="121.547728031873703">
        <ele>508.699999999999989</ele>
        <time>2025-06-16T04:25:26Z</time>
      </trkpt>
      <trkpt lat="25.226311990991235" lon="121.547767007723451">
        <ele>509.600000000000023</ele>
        <time>2025-06-16T04:25:37Z</time>
      </trkpt>
      <trkpt lat="25.226351972669363" lon="121.54774303548038">
        <ele>508.100000000000023</ele>
        <time>2025-06-16T04:25:48Z</time>
      </trkpt>
      <trkpt lat="25.226400000974536" lon="121.547732977196574">
        <ele>506.300000000000011</ele>
        <time>2025-06-16T04:25:59Z</time>
      </trkpt>
      <trkpt lat="25.226443000137806" lon="121.547697018831968">
        <ele>500.5</ele>
        <time>2025-06-16T04:26:10Z</time>
      </trkpt>
      <trkpt lat="25.226466972380877" lon="121.547628035768867">
        <ele>498.100000000000023</ele>
        <time>2025-06-16T04:26:20Z</time>
      </trkpt>
      <trkpt lat="25.226503014564514" lon="121.54761403799057">
        <ele>494.800000000000011</ele>
        <time>2025-06-16T04:26:31Z</time>
      </trkpt>
      <trkpt lat="25.226505026221275" lon="121.547624012455344">
        <ele>495.199999999999989</ele>
        <time>2025-06-16T04:26:42Z</time>
      </trkpt>
      <trkpt lat="25.226482981815934" lon="121.547603979706764">
        <ele>491.699999999999989</ele>
        <time>2025-06-16T04:26:53Z</time>
      </trkpt>
      <trkpt lat="25.226508965715766" lon="121.547610014677048">
        <ele>494.600000000000023</ele>
        <time>2025-06-16T04:27:04Z</time>
      </trkpt>
      <trkpt lat="25.226503014564514" lon="121.547582019120455">
        <ele>489.199999999999989</ele>
        <time>2025-06-16T04:27:15Z</time>
      </trkpt>
      <trkpt lat="25.226468984037638" lon="121.547542959451675">
        <ele>474.199999999999989</ele>
        <time>2025-06-16T04:27:26Z</time>
      </trkpt>
      <trkpt lat="25.226482981815934" lon="121.54752803966403">
        <ele>472.5</ele>
        <time>2025-06-16T04:27:37Z</time>
      </trkpt>
      <trkpt lat="25.226478036493063" lon="121.547536002472043">
        <ele>482.899999999999977</ele>
        <time>2025-06-16T04:28:01Z</time>
      </trkpt>
      <trkpt lat="25.226478958502412" lon="121.547567015513778">
        <ele>477.399999999999977</ele>
        <time>2025-06-16T04:28:12Z</time>
      </trkpt>
      <trkpt lat="25.226487005129457" lon="121.547534996643662">
        <ele>477.600000000000023</ele>
        <time>2025-06-16T04:28:22Z</time>
      </trkpt>
      <trkpt lat="25.226479964330792" lon="121.54757296666503">
        <ele>478.5</ele>
        <time>2025-06-16T04:28:33Z</time>
      </trkpt>
      <trkpt lat="25.226522963494062" lon="121.547570032998919">
        <ele>483.100000000000023</ele>
        <time>2025-06-16T04:28:44Z</time>
      </trkpt>
      <trkpt lat="25.226548025384545" lon="121.547606997191906">
        <ele>490.699999999999989</ele>
        <time>2025-06-16T04:28:55Z</time>
      </trkpt>
      <trkpt lat="25.226588007062674" lon="121.547625018283725">
        <ele>488.399999999999977</ele>
        <time>2025-06-16T04:29:06Z</time>
      </trkpt>
      <trkpt lat="25.226598987355828" lon="121.547624012455344">
        <ele>488.100000000000023</ele>
        <time>2025-06-16T04:29:18Z</time>
      </trkpt>
      <trkpt lat="25.226585995405912" lon="121.54765896499157">
        <ele>482.100000000000023</ele>
        <time>2025-06-16T04:29:29Z</time>
      </trkpt>
      <trkpt lat="25.226618014276028" lon="121.547686960548162">
        <ele>486</ele>
        <time>2025-06-16T04:29:40Z</time>
      </trkpt>
      <trkpt lat="25.226651960983872" lon="121.547554023563862">
        <ele>484.100000000000023</ele>
        <time>2025-06-16T04:29:51Z</time>
      </trkpt>
      <trkpt lat="25.226702000945807" lon="121.54752803966403">
        <ele>483.399999999999977</ele>
        <time>2025-06-16T04:30:02Z</time>
      </trkpt>
      <trkpt lat="25.226771989837289" lon="121.54748696833849">
        <ele>481.800000000000011</ele>
        <time>2025-06-16T04:30:13Z</time>
      </trkpt>
      <trkpt lat="25.226697977632284" lon="121.547473976388574">
        <ele>482.600000000000023</ele>
        <time>2025-06-16T04:30:23Z</time>
      </trkpt>
      <trkpt lat="25.226661013439298" lon="121.547475988045335">
        <ele>479</ele>
        <time>2025-06-16T04:30:34Z</time>
      </trkpt>
      <trkpt lat="25.226674005389214" lon="121.547429971396923">
        <ele>476.199999999999989</ele>
        <time>2025-06-16T04:30:45Z</time>
      </trkpt>
      <trkpt lat="25.226778024807572" lon="121.547526028007269">
        <ele>477.800000000000011</ele>
        <time>2025-06-16T04:30:56Z</time>
      </trkpt>
      <trkpt lat="25.226808032020926" lon="121.547525022178888">
        <ele>477.600000000000023</ele>
        <time>2025-06-16T04:31:07Z</time>
      </trkpt>
      <trkpt lat="25.226809037849307" lon="121.547547988593578">
        <ele>477.199999999999989</ele>
        <time>2025-06-16T04:31:18Z</time>
      </trkpt>
      <trkpt lat="25.226898975670338" lon="121.547527033835649">
        <ele>477.300000000000011</ele>
        <time>2025-06-16T04:31:29Z</time>
      </trkpt>
      <trkpt lat="25.226935017853975" lon="121.547502977773547">
        <ele>480.399999999999977</ele>
        <time>2025-06-16T04:31:40Z</time>
      </trkpt>
      <trkpt lat="25.22692596539855" lon="121.547490991652012">
        <ele>475.899999999999977</ele>
        <time>2025-06-16T04:31:52Z</time>
      </trkpt>
      <trkpt lat="25.227015987038612" lon="121.547570032998919">
        <ele>476.100000000000023</ele>
        <time>2025-06-16T04:32:03Z</time>
      </trkpt>
      <trkpt lat="25.226979022845626" lon="121.547457966953516">
        <ele>476.5</ele>
        <time>2025-06-16T04:32:14Z</time>
      </trkpt>
      <trkpt lat="25.22694599814713" lon="121.547479005530477">
        <ele>475.600000000000023</ele>
        <time>2025-06-16T04:32:24Z</time>
      </trkpt>
      <trkpt lat="25.226987991482019" lon="121.547520998865366">
        <ele>475</ele>
        <time>2025-06-16T04:32:35Z</time>
      </trkpt>
      <trkpt lat="25.226980028674006" lon="121.547473976388574">
        <ele>474.399999999999977</ele>
        <time>2025-06-16T04:32:46Z</time>
      </trkpt>
      <trkpt lat="25.227077007293701" lon="121.547642033547163">
        <ele>468.800000000000011</ele>
        <time>2025-06-16T04:32:57Z</time>
      </trkpt>
      <trkpt lat="25.227045994251966" lon="121.547703975811601">
        <ele>471</ele>
        <time>2025-06-16T04:33:08Z</time>
      </trkpt>
      <trkpt lat="25.227132998406887" lon="121.547601968050003">
        <ele>471.600000000000023</ele>
        <time>2025-06-16T04:33:19Z</time>
      </trkpt>
      <trkpt lat="25.227167028933764" lon="121.547612026333809">
        <ele>472.699999999999989</ele>
        <time>2025-06-16T04:33:30Z</time>
      </trkpt>
      <trkpt lat="25.227197036147118" lon="121.547618983313441">
        <ele>472.600000000000023</ele>
        <time>2025-06-16T04:33:41Z</time>
      </trkpt>
      <trkpt lat="25.227183038368821" lon="121.547469031065702">
        <ele>473.100000000000023</ele>
        <time>2025-06-16T04:33:52Z</time>
      </trkpt>
      <trkpt lat="25.227283034473658" lon="121.547672040760517">
        <ele>467.100000000000023</ele>
        <time>2025-06-16T04:34:03Z</time>
      </trkpt>
      <trkpt lat="25.22728999145329" lon="121.547692995518446">
        <ele>459.199999999999989</ele>
        <time>2025-06-16T04:34:14Z</time>
      </trkpt>
      <trkpt lat="25.227390993386507" lon="121.547748986631632">
        <ele>461.5</ele>
        <time>2025-06-16T04:34:25Z</time>
      </trkpt>
      <trkpt lat="25.227485038340092" lon="121.547757033258677">
        <ele>462.300000000000011</ele>
        <time>2025-06-16T04:34:35Z</time>
      </trkpt>
      <trkpt lat="25.22748202085495" lon="121.547849988564849">
        <ele>454.800000000000011</ele>
        <time>2025-06-16T04:34:46Z</time>
      </trkpt>
      <trkpt lat="25.227397028356791" lon="121.547838002443314">
        <ele>457.800000000000011</ele>
        <time>2025-06-16T04:34:57Z</time>
      </trkpt>
      <trkpt lat="25.227376995608211" lon="121.547904973849654">
        <ele>459.800000000000011</ele>
        <time>2025-06-16T04:35:08Z</time>
      </trkpt>
      <trkpt lat="25.227415971457958" lon="121.547902962192893">
        <ele>460.800000000000011</ele>
        <time>2025-06-16T04:35:19Z</time>
      </trkpt>
      <trkpt lat="25.22743902169168" lon="121.547836996614933">
        <ele>449.300000000000011</ele>
        <time>2025-06-16T04:35:30Z</time>
      </trkpt>
      <trkpt lat="25.227424018085003" lon="121.547926012426615">
        <ele>454.199999999999989</ele>
        <time>2025-06-16T04:35:41Z</time>
      </trkpt>
      <trkpt lat="25.2274189889431" lon="121.547956019639969">
        <ele>457.199999999999989</ele>
        <time>2025-06-16T04:35:54Z</time>
      </trkpt>
      <trkpt lat="25.227409014478326" lon="121.547947973012924">
        <ele>462.100000000000023</ele>
        <time>2025-06-16T04:36:04Z</time>
      </trkpt>
      <trkpt lat="25.227455031126738" lon="121.548043023794889">
        <ele>461</ele>
        <time>2025-06-16T04:36:15Z</time>
      </trkpt>
      <trkpt lat="25.227496018633246" lon="121.548103038221598">
        <ele>454.899999999999977</ele>
        <time>2025-06-16T04:36:26Z</time>
      </trkpt>
      <trkpt lat="25.227557960897684" lon="121.54806699603796">
        <ele>452.300000000000011</ele>
        <time>2025-06-16T04:36:37Z</time>
      </trkpt>
      <trkpt lat="25.227583022788167" lon="121.548059033229947">
        <ele>446.800000000000011</ele>
        <time>2025-06-16T04:36:47Z</time>
      </trkpt>
      <trkpt lat="25.227563995867968" lon="121.548118963837624">
        <ele>451.199999999999989</ele>
        <time>2025-06-16T04:36:58Z</time>
      </trkpt>
      <trkpt lat="25.227545974776149" lon="121.548132039606571">
        <ele>448.600000000000023</ele>
        <time>2025-06-16T04:37:09Z</time>
      </trkpt>
      <trkpt lat="25.227586040273309" lon="121.548155006021261">
        <ele>446</ele>
        <time>2025-06-16T04:37:20Z</time>
      </trkpt>
      <trkpt lat="25.227570030838251" lon="121.548184007406235">
        <ele>445.100000000000023</ele>
        <time>2025-06-16T04:37:31Z</time>
      </trkpt>
      <trkpt lat="25.227635996416211" lon="121.548290038481355">
        <ele>445.300000000000011</ele>
        <time>2025-06-16T04:37:42Z</time>
      </trkpt>
      <trkpt lat="25.227587968111038" lon="121.548198005184531">
        <ele>436.600000000000023</ele>
        <time>2025-06-16T04:37:53Z</time>
      </trkpt>
      <trkpt lat="25.227627027779818" lon="121.548257013782859">
        <ele>440.899999999999977</ele>
        <time>2025-06-16T04:38:04Z</time>
      </trkpt>
      <trkpt lat="25.227619986981153" lon="121.548304958269">
        <ele>436.800000000000011</ele>
        <time>2025-06-16T04:38:15Z</time>
      </trkpt>
      <trkpt lat="25.227575981989503" lon="121.548250978812575">
        <ele>437.100000000000023</ele>
        <time>2025-06-16T04:38:26Z</time>
      </trkpt>
      <trkpt lat="25.227605989202857" lon="121.548207979649305">
        <ele>435.699999999999989</ele>
        <time>2025-06-16T04:38:37Z</time>
      </trkpt>
      <trkpt lat="25.227619986981153" lon="121.548156011849642">
        <ele>436.5</ele>
        <time>2025-06-16T04:38:47Z</time>
      </trkpt>
      <trkpt lat="25.227543041110039" lon="121.548319961875677">
        <ele>444.899999999999977</ele>
        <time>2025-06-16T04:38:58Z</time>
      </trkpt>
      <trkpt lat="25.227580005303025" lon="121.548330020159483">
        <ele>442.899999999999977</ele>
        <time>2025-06-16T04:39:09Z</time>
      </trkpt>
      <trkpt lat="25.227649994194508" lon="121.548360027372837">
        <ele>444.100000000000023</ele>
        <time>2025-06-16T04:39:20Z</time>
      </trkpt>
      <trkpt lat="25.227672960609198" lon="121.54845398850739">
        <ele>442.899999999999977</ele>
        <time>2025-06-16T04:39:31Z</time>
      </trkpt>
      <trkpt lat="25.227686958387494" lon="121.548473015427589">
        <ele>440.199999999999989</ele>
        <time>2025-06-16T04:39:42Z</time>
      </trkpt>
      <trkpt lat="25.227647982537746" lon="121.548477960750461">
        <ele>438.899999999999977</ele>
        <time>2025-06-16T04:39:53Z</time>
      </trkpt>
      <trkpt lat="25.227672960609198" lon="121.548569994047284">
        <ele>438.300000000000011</ele>
        <time>2025-06-16T04:40:04Z</time>
      </trkpt>
      <trkpt lat="25.227629039436579" lon="121.548501010984182">
        <ele>428.399999999999977</ele>
        <time>2025-06-16T04:40:14Z</time>
      </trkpt>
      <trkpt lat="25.227599032223225" lon="121.548537975177169">
        <ele>437.300000000000011</ele>
        <time>2025-06-16T04:40:25Z</time>
      </trkpt>
      <trkpt lat="25.227557960897684" lon="121.548512997105718">
        <ele>434.699999999999989</ele>
        <time>2025-06-16T04:40:36Z</time>
      </trkpt>
      <trkpt lat="25.227581011131406" lon="121.548525989055634">
        <ele>438.399999999999977</ele>
        <time>2025-06-16T04:40:47Z</time>
      </trkpt>
      <trkpt lat="25.227635996416211" lon="121.548495981842279">
        <ele>440.399999999999977</ele>
        <time>2025-06-16T04:40:57Z</time>
      </trkpt>
      <trkpt lat="25.227643037214875" lon="121.548403026536107">
        <ele>442</ele>
        <time>2025-06-16T04:41:08Z</time>
      </trkpt>
      <trkpt lat="25.227651000022888" lon="121.548452982679009">
        <ele>443.199999999999989</ele>
        <time>2025-06-16T04:41:19Z</time>
      </trkpt>
      <trkpt lat="25.227688970044255" lon="121.548434961587191">
        <ele>446.399999999999977</ele>
        <time>2025-06-16T04:41:30Z</time>
      </trkpt>
      <trkpt lat="25.227678995579481" lon="121.548437979072332">
        <ele>445.800000000000011</ele>
        <time>2025-06-16T04:41:41Z</time>
      </trkpt>
      <trkpt lat="25.227678995579481" lon="121.548449965193868">
        <ele>442.100000000000023</ele>
        <time>2025-06-16T04:41:52Z</time>
      </trkpt>
      <trkpt lat="25.227658040821552" lon="121.548460023477674">
        <ele>437.800000000000011</ele>
        <time>2025-06-16T04:42:03Z</time>
      </trkpt>
      <trkpt lat="25.227639013901353" lon="121.548448037356138">
        <ele>442.600000000000023</ele>
        <time>2025-06-16T04:42:14Z</time>
      </trkpt>
      <trkpt lat="25.227644965052605" lon="121.548426998779178">
        <ele>444.800000000000011</ele>
        <time>2025-06-16T04:42:25Z</time>
      </trkpt>
      <trkpt lat="25.227660974487662" lon="121.5484310220927">
        <ele>447.399999999999977</ele>
        <time>2025-06-16T04:42:36Z</time>
      </trkpt>
      <trkpt lat="25.227649994194508" lon="121.548434039577842">
        <ele>447.800000000000011</ele>
        <time>2025-06-16T04:42:47Z</time>
      </trkpt>
      <trkpt lat="25.227632978931069" lon="121.548457005992532">
        <ele>446.600000000000023</ele>
        <time>2025-06-16T04:42:58Z</time>
      </trkpt>
      <trkpt lat="25.227652005851269" lon="121.548485001549125">
        <ele>445.899999999999977</ele>
        <time>2025-06-16T04:43:13Z</time>
      </trkpt>
      <trkpt lat="25.227645970880985" lon="121.548468992114067">
        <ele>443.199999999999989</ele>
        <time>2025-06-16T04:43:24Z</time>
      </trkpt>
      <trkpt lat="25.227632978931069" lon="121.548463962972164">
        <ele>435.399999999999977</ele>
        <time>2025-06-16T04:43:35Z</time>
      </trkpt>
      <trkpt lat="25.227624010294676" lon="121.548471003770828">
        <ele>430.300000000000011</ele>
        <time>2025-06-16T04:43:57Z</time>
      </trkpt>
      <trkpt lat="25.227613030001521" lon="121.548479972407222">
        <ele>439.300000000000011</ele>
        <time>2025-06-16T04:44:08Z</time>
      </trkpt>
      <trkpt lat="25.227670026943088" lon="121.548523977398872">
        <ele>441.300000000000011</ele>
        <time>2025-06-16T04:44:19Z</time>
      </trkpt>
      <trkpt lat="25.227678995579481" lon="121.548575023189187">
        <ele>444</ele>
        <time>2025-06-16T04:44:29Z</time>
      </trkpt>
      <trkpt lat="25.227680001407862" lon="121.548591032624245">
        <ele>450.5</ele>
        <time>2025-06-16T04:44:40Z</time>
      </trkpt>
      <trkpt lat="25.227637002244592" lon="121.548565970733762">
        <ele>445.699999999999989</ele>
        <time>2025-06-16T04:44:51Z</time>
      </trkpt>
      <trkpt lat="25.227648988366127" lon="121.548569994047284">
        <ele>442</ele>
        <time>2025-06-16T04:45:01Z</time>
      </trkpt>
      <trkpt lat="25.22774001583457" lon="121.548543004319072">
        <ele>443.199999999999989</ele>
        <time>2025-06-16T04:45:12Z</time>
      </trkpt>
      <trkpt lat="25.227746972814202" lon="121.548522971570492">
        <ele>443.699999999999989</ele>
        <time>2025-06-16T04:45:23Z</time>
      </trkpt>
      <trkpt lat="25.227705985307693" lon="121.548610981553793">
        <ele>444.199999999999989</ele>
        <time>2025-06-16T04:45:34Z</time>
      </trkpt>
      <trkpt lat="25.227687964215875" lon="121.548598995432258">
        <ele>444.899999999999977</ele>
        <time>2025-06-16T04:45:49Z</time>
      </trkpt>
      <trkpt lat="25.227699028328061" lon="121.548576029017568">
        <ele>445.100000000000023</ele>
        <time>2025-06-16T04:46:00Z</time>
      </trkpt>
      <trkpt lat="25.227696010842919" lon="121.548554990440607">
        <ele>445.300000000000011</ele>
        <time>2025-06-16T04:46:11Z</time>
      </trkpt>
      <trkpt lat="25.227710008621216" lon="121.548550967127085">
        <ele>445.399999999999977</ele>
        <time>2025-06-16T04:46:22Z</time>
      </trkpt>
      <trkpt lat="25.2276970166713" lon="121.548528000712395">
        <ele>444.699999999999989</ele>
        <time>2025-06-16T04:46:32Z</time>
      </trkpt>
      <trkpt lat="25.227629961445928" lon="121.548524983227253">
        <ele>445</ele>
        <time>2025-06-16T04:46:43Z</time>
      </trkpt>
      <trkpt lat="25.227631973102689" lon="121.548452982679009">
        <ele>444.899999999999977</ele>
        <time>2025-06-16T04:46:54Z</time>
      </trkpt>
      <trkpt lat="25.227674972265959" lon="121.548411995172501">
        <ele>445.899999999999977</ele>
        <time>2025-06-16T04:47:05Z</time>
      </trkpt>
      <trkpt lat="25.227666003629565" lon="121.548397997394204">
        <ele>445.399999999999977</ele>
        <time>2025-06-16T04:47:15Z</time>
      </trkpt>
      <trkpt lat="25.227652005851269" lon="121.548406966030598">
        <ele>443.800000000000011</ele>
        <time>2025-06-16T04:47:26Z</time>
      </trkpt>
      <trkpt lat="25.227642031386495" lon="121.548397997394204">
        <ele>444.800000000000011</ele>
        <time>2025-06-16T04:47:37Z</time>
      </trkpt>
      <trkpt lat="25.227616969496012" lon="121.548389028757811">
        <ele>445.199999999999989</ele>
        <time>2025-06-16T04:47:48Z</time>
      </trkpt>
      <trkpt lat="25.227641025558114" lon="121.548353992402554">
        <ele>444.199999999999989</ele>
        <time>2025-06-16T04:47:59Z</time>
      </trkpt>
      <trkpt lat="25.227625016123056" lon="121.548368996009231">
        <ele>444.5</ele>
        <time>2025-06-16T04:48:10Z</time>
      </trkpt>
      <trkpt lat="25.227641025558114" lon="121.548444014042616">
        <ele>446.899999999999977</ele>
        <time>2025-06-16T04:48:21Z</time>
      </trkpt>
      <trkpt lat="25.227655023336411" lon="121.548463962972164">
        <ele>447</ele>
        <time>2025-06-16T04:48:32Z</time>
      </trkpt>
      <trkpt lat="25.227651000022888" lon="121.548448037356138">
        <ele>448.800000000000011</ele>
        <time>2025-06-16T04:48:43Z</time>
      </trkpt>
      <trkpt lat="25.227672038599849" lon="121.548401014879346">
        <ele>447.199999999999989</ele>
        <time>2025-06-16T04:48:54Z</time>
      </trkpt>
      <trkpt lat="25.227641025558114" lon="121.548394979909062">
        <ele>447.300000000000011</ele>
        <time>2025-06-16T04:49:05Z</time>
      </trkpt>
      <trkpt lat="25.227615963667631" lon="121.548393974080682">
        <ele>446.5</ele>
        <time>2025-06-16T04:49:16Z</time>
      </trkpt>
      <trkpt lat="25.227597020566463" lon="121.548359021544456">
        <ele>444.899999999999977</ele>
        <time>2025-06-16T04:49:32Z</time>
      </trkpt>
      <trkpt lat="25.227613030001521" lon="121.548390034586191">
        <ele>444.300000000000011</ele>
        <time>2025-06-16T04:49:43Z</time>
      </trkpt>
      <trkpt lat="25.227586962282658" lon="121.548430016264319">
        <ele>443.399999999999977</ele>
        <time>2025-06-16T04:49:54Z</time>
      </trkpt>
      <trkpt lat="25.227646976709366" lon="121.548393974080682">
        <ele>447.800000000000011</ele>
        <time>2025-06-16T04:50:05Z</time>
      </trkpt>
      <trkpt lat="25.227639013901353" lon="121.548407971858978">
        <ele>447.800000000000011</ele>
        <time>2025-06-16T04:50:16Z</time>
      </trkpt>
      <trkpt lat="25.227628033608198" lon="121.548409983515739">
        <ele>447.5</ele>
        <time>2025-06-16T04:50:28Z</time>
      </trkpt>
      <trkpt lat="25.227627027779818" lon="121.548423981294036">
        <ele>446.100000000000023</ele>
        <time>2025-06-16T04:50:39Z</time>
      </trkpt>
      <trkpt lat="25.227606995031238" lon="121.548485001549125">
        <ele>445.300000000000011</ele>
        <time>2025-06-16T04:50:49Z</time>
      </trkpt>
      <trkpt lat="25.227606995031238" lon="121.548504028469324">
        <ele>447.5</ele>
        <time>2025-06-16T04:51:00Z</time>
      </trkpt>
      <trkpt lat="25.227615963667631" lon="121.548451976850629">
        <ele>447.5</ele>
        <time>2025-06-16T04:51:11Z</time>
      </trkpt>
      <trkpt lat="25.227612024173141" lon="121.548463962972164">
        <ele>447.600000000000023</ele>
        <time>2025-06-16T04:51:22Z</time>
      </trkpt>
      <trkpt lat="25.227626021951437" lon="121.548467986285686">
        <ele>446.300000000000011</ele>
        <time>2025-06-16T04:51:32Z</time>
      </trkpt>
      <trkpt lat="25.227635996416211" lon="121.548461029306054">
        <ele>453.5</ele>
        <time>2025-06-16T04:51:43Z</time>
      </trkpt>
      <trkpt lat="25.227639013901353" lon="121.548483995720744">
        <ele>444.699999999999989</ele>
        <time>2025-06-16T04:51:54Z</time>
      </trkpt>
      <trkpt lat="25.227637002244592" lon="121.548504028469324">
        <ele>444.699999999999989</ele>
        <time>2025-06-16T04:52:05Z</time>
      </trkpt>
      <trkpt lat="25.227588973939419" lon="121.548509979620576">
        <ele>439.399999999999977</ele>
        <time>2025-06-16T04:52:16Z</time>
      </trkpt>
      <trkpt lat="25.227604983374476" lon="121.548524983227253">
        <ele>442.800000000000011</ele>
        <time>2025-06-16T04:52:27Z</time>
      </trkpt>
      <trkpt lat="25.227634990587831" lon="121.54849698767066">
        <ele>442.699999999999989</ele>
        <time>2025-06-16T04:52:38Z</time>
      </trkpt>
      <trkpt lat="25.227672038599849" lon="121.548477038741112">
        <ele>435.800000000000011</ele>
        <time>2025-06-16T04:52:49Z</time>
      </trkpt>
      <trkpt lat="25.227567013353109" lon="121.548552978783846">
        <ele>441.199999999999989</ele>
        <time>2025-06-16T04:53:00Z</time>
      </trkpt>
      <trkpt lat="25.227565001696348" lon="121.548454994335771">
        <ele>444.199999999999989</ele>
        <time>2025-06-16T04:53:11Z</time>
      </trkpt>
      <trkpt lat="25.227571036666632" lon="121.548479972407222">
        <ele>442.5</ele>
        <time>2025-06-16T04:53:22Z</time>
      </trkpt>
      <trkpt lat="25.227426029741764" lon="121.548593966290355">
        <ele>440.100000000000023</ele>
        <time>2025-06-16T04:53:43Z</time>
      </trkpt>
      <trkpt lat="25.227480009198189" lon="121.548486007377505">
        <ele>445.600000000000023</ele>
        <time>2025-06-16T04:53:54Z</time>
      </trkpt>
      <trkpt lat="25.227477997541428" lon="121.548554990440607">
        <ele>447.100000000000023</ele>
        <time>2025-06-16T04:54:05Z</time>
      </trkpt>
      <trkpt lat="25.227307006716728" lon="121.548559013754129">
        <ele>448.5</ele>
        <time>2025-06-16T04:54:16Z</time>
      </trkpt>
      <trkpt lat="25.227399962022901" lon="121.548577034845948">
        <ele>441</ele>
        <time>2025-06-16T04:54:27Z</time>
      </trkpt>
      <trkpt lat="25.227424018085003" lon="121.548546021804214">
        <ele>438.100000000000023</ele>
        <time>2025-06-16T04:54:39Z</time>
      </trkpt>
      <trkpt lat="25.227408008649945" lon="121.548512997105718">
        <ele>438.300000000000011</ele>
        <time>2025-06-16T04:54:50Z</time>
      </trkpt>
      <trkpt lat="25.227451007813215" lon="121.548706032335758">
        <ele>445.100000000000023</ele>
        <time>2025-06-16T04:55:04Z</time>
      </trkpt>
      <trkpt lat="25.227379007264972" lon="121.548575023189187">
        <ele>449</ele>
        <time>2025-06-16T04:55:15Z</time>
      </trkpt>
      <trkpt lat="25.227412031963468" lon="121.548637971282005">
        <ele>451.899999999999977</ele>
        <time>2025-06-16T04:55:26Z</time>
      </trkpt>
      <trkpt lat="25.227213967591524" lon="121.548565970733762">
        <ele>452.199999999999989</ele>
        <time>2025-06-16T04:55:37Z</time>
      </trkpt>
      <trkpt lat="25.227263001725078" lon="121.548641994595528">
        <ele>455.5</ele>
        <time>2025-06-16T04:55:48Z</time>
      </trkpt>
      <trkpt lat="25.227274987846613" lon="121.54864601790905">
        <ele>455.399999999999977</ele>
        <time>2025-06-16T04:55:58Z</time>
      </trkpt>
      <trkpt lat="25.227229977026582" lon="121.548672001808882">
        <ele>456.5</ele>
        <time>2025-06-16T04:56:09Z</time>
      </trkpt>
      <trkpt lat="25.227141967043281" lon="121.548660015687346">
        <ele>459</ele>
        <time>2025-06-16T04:56:20Z</time>
      </trkpt>
      <trkpt lat="25.227254033088684" lon="121.548509979620576">
        <ele>452.600000000000023</ele>
        <time>2025-06-16T04:56:31Z</time>
      </trkpt>
      <trkpt lat="25.227239029482007" lon="121.548482989892364">
        <ele>453.600000000000023</ele>
        <time>2025-06-16T04:56:42Z</time>
      </trkpt>
      <trkpt lat="25.227306000888348" lon="121.548587009310722">
        <ele>453.699999999999989</ele>
        <time>2025-06-16T04:56:53Z</time>
      </trkpt>
      <trkpt lat="25.227173985913396" lon="121.548645012080669">
        <ele>456.399999999999977</ele>
        <time>2025-06-16T04:57:04Z</time>
      </trkpt>
      <trkpt lat="25.22718102671206" lon="121.548609975725412">
        <ele>457.899999999999977</ele>
        <time>2025-06-16T04:57:15Z</time>
      </trkpt>
      <trkpt lat="25.227167028933764" lon="121.548696979880333">
        <ele>458.5</ele>
        <time>2025-06-16T04:57:26Z</time>
      </trkpt>
      <trkpt lat="25.227144984528422" lon="121.548652974888682">
        <ele>454.399999999999977</ele>
        <time>2025-06-16T04:57:37Z</time>
      </trkpt>
      <trkpt lat="25.227241963148117" lon="121.54873201623559">
        <ele>454.199999999999989</ele>
        <time>2025-06-16T04:57:48Z</time>
      </trkpt>
      <trkpt lat="25.227258978411555" lon="121.548702009022236">
        <ele>455.199999999999989</ele>
        <time>2025-06-16T04:57:59Z</time>
      </trkpt>
      <trkpt lat="25.227234000340104" lon="121.548693962395191">
        <ele>454.100000000000023</ele>
        <time>2025-06-16T04:58:09Z</time>
      </trkpt>
      <trkpt lat="25.227236011996865" lon="121.548664039000869">
        <ele>453.399999999999977</ele>
        <time>2025-06-16T04:58:20Z</time>
      </trkpt>
      <trkpt lat="25.227268030866981" lon="121.548669990152121">
        <ele>449.100000000000023</ele>
        <time>2025-06-16T04:58:31Z</time>
      </trkpt>
      <trkpt lat="25.227257972583175" lon="121.548662027344108">
        <ele>449.600000000000023</ele>
        <time>2025-06-16T04:58:45Z</time>
      </trkpt>
      <trkpt lat="25.227254033088684" lon="121.548645012080669">
        <ele>453.699999999999989</ele>
        <time>2025-06-16T04:58:59Z</time>
      </trkpt>
      <trkpt lat="25.227208016440272" lon="121.548790019005537">
        <ele>452.100000000000023</ele>
        <time>2025-06-16T04:59:10Z</time>
      </trkpt>
      <trkpt lat="25.227223020046949" lon="121.548704020678997">
        <ele>455.300000000000011</ele>
        <time>2025-06-16T04:59:21Z</time>
      </trkpt>
      <trkpt lat="25.227270964533091" lon="121.548674013465643">
        <ele>457.199999999999989</ele>
        <time>2025-06-16T04:59:32Z</time>
      </trkpt>
      <trkpt lat="25.227200975641608" lon="121.548563959077001">
        <ele>456.5</ele>
        <time>2025-06-16T04:59:43Z</time>
      </trkpt>
      <trkpt lat="25.227188989520073" lon="121.548558007925749">
        <ele>456.199999999999989</ele>
        <time>2025-06-16T04:59:54Z</time>
      </trkpt>
      <trkpt lat="25.227186977863312" lon="121.548573011532426">
        <ele>456.600000000000023</ele>
        <time>2025-06-16T05:00:04Z</time>
      </trkpt>
      <trkpt lat="25.227230982854962" lon="121.548624979332089">
        <ele>456.899999999999977</ele>
        <time>2025-06-16T05:00:15Z</time>
      </trkpt>
      <trkpt lat="25.227208016440272" lon="121.548525989055634">
        <ele>456.5</ele>
        <time>2025-06-16T05:00:26Z</time>
      </trkpt>
      <trkpt lat="25.227218996733427" lon="121.548530012369156">
        <ele>456.800000000000011</ele>
        <time>2025-06-16T05:00:37Z</time>
      </trkpt>
      <trkpt lat="25.22722402587533" lon="121.548520959913731">
        <ele>456.699999999999989</ele>
        <time>2025-06-16T05:00:48Z</time>
      </trkpt>
      <trkpt lat="25.227202987298369" lon="121.548591032624245">
        <ele>456.800000000000011</ele>
        <time>2025-06-16T05:00:59Z</time>
      </trkpt>
      <trkpt lat="25.227229977026582" lon="121.548563959077001">
        <ele>456.699999999999989</ele>
        <time>2025-06-16T05:01:10Z</time>
      </trkpt>
      <trkpt lat="25.227218996733427" lon="121.548565970733762">
        <ele>458.300000000000011</ele>
        <time>2025-06-16T05:01:21Z</time>
      </trkpt>
      <trkpt lat="25.22722402587533" lon="121.548549961298704">
        <ele>459.399999999999977</ele>
        <time>2025-06-16T05:01:32Z</time>
      </trkpt>
      <trkpt lat="25.227186977863312" lon="121.548624979332089">
        <ele>459.300000000000011</ele>
        <time>2025-06-16T05:01:43Z</time>
      </trkpt>
      <trkpt lat="25.227216985076666" lon="121.548621039837599">
        <ele>459</ele>
        <time>2025-06-16T05:01:54Z</time>
      </trkpt>
      <trkpt lat="25.227183038368821" lon="121.548664039000869">
        <ele>459.199999999999989</ele>
        <time>2025-06-16T05:02:05Z</time>
      </trkpt>
      <trkpt lat="25.227178009226918" lon="121.548597989603877">
        <ele>460</ele>
        <time>2025-06-16T05:02:15Z</time>
      </trkpt>
      <trkpt lat="25.227200975641608" lon="121.548607964068651">
        <ele>460.699999999999989</ele>
        <time>2025-06-16T05:02:26Z</time>
      </trkpt>
      <trkpt lat="25.227197958156466" lon="121.548559013754129">
        <ele>460.100000000000023</ele>
        <time>2025-06-16T05:02:37Z</time>
      </trkpt>
      <trkpt lat="25.227215979248285" lon="121.548597989603877">
        <ele>460.5</ele>
        <time>2025-06-16T05:02:48Z</time>
      </trkpt>
      <trkpt lat="25.227225031703711" lon="121.548648029565811">
        <ele>459.399999999999977</ele>
        <time>2025-06-16T05:02:59Z</time>
      </trkpt>
      <trkpt lat="25.227228971198201" lon="121.548544010147452">
        <ele>458.5</ele>
        <time>2025-06-16T05:03:10Z</time>
      </trkpt>
      <trkpt lat="25.227235006168485" lon="121.548505034297705">
        <ele>467.399999999999977</ele>
        <time>2025-06-16T05:03:21Z</time>
      </trkpt>
      <trkpt lat="25.227216985076666" lon="121.548586003482342">
        <ele>458.899999999999977</ele>
        <time>2025-06-16T05:03:32Z</time>
      </trkpt>
      <trkpt lat="25.22722402587533" lon="121.54862598516047">
        <ele>458.399999999999977</ele>
        <time>2025-06-16T05:03:43Z</time>
      </trkpt>
      <trkpt lat="25.227228971198201" lon="121.548636965453625">
        <ele>458.199999999999989</ele>
        <time>2025-06-16T05:03:54Z</time>
      </trkpt>
      <trkpt lat="25.227221008390188" lon="121.548596983775496">
        <ele>458.5</ele>
        <time>2025-06-16T05:04:05Z</time>
      </trkpt>
      <trkpt lat="25.227232994511724" lon="121.548562031239271">
        <ele>457.800000000000011</ele>
        <time>2025-06-16T05:04:16Z</time>
      </trkpt>
      <trkpt lat="25.227252021431923" lon="121.548523977398872">
        <ele>457.600000000000023</ele>
        <time>2025-06-16T05:04:27Z</time>
      </trkpt>
      <trkpt lat="25.227333996444941" lon="121.548483995720744">
        <ele>453</ele>
        <time>2025-06-16T05:04:37Z</time>
      </trkpt>
      <trkpt lat="25.226982962340117" lon="121.549007026478648">
        <ele>445.100000000000023</ele>
        <time>2025-06-16T05:04:58Z</time>
      </trkpt>
      <trkpt lat="25.227288985624909" lon="121.548538981005549">
        <ele>446.100000000000023</ele>
        <time>2025-06-16T05:05:09Z</time>
      </trkpt>
      <trkpt lat="25.227290997281671" lon="121.548728998750448">
        <ele>456.600000000000023</ele>
        <time>2025-06-16T05:06:31Z</time>
      </trkpt>
      <trkpt lat="25.22731002420187" lon="121.548725981265306">
        <ele>455.600000000000023</ele>
        <time>2025-06-16T05:06:42Z</time>
      </trkpt>
      <trkpt lat="25.227222014218569" lon="121.548760011792183">
        <ele>457.800000000000011</ele>
        <time>2025-06-16T05:08:19Z</time>
      </trkpt>
      <trkpt lat="25.227227965369821" lon="121.548795970156789">
        <ele>459</ele>
        <time>2025-06-16T05:08:29Z</time>
      </trkpt>
      <trkpt lat="25.227237017825246" lon="121.548821032047272">
        <ele>463.199999999999989</ele>
        <time>2025-06-16T05:08:40Z</time>
      </trkpt>
      <trkpt lat="25.227249003946781" lon="121.548679964616895">
        <ele>450.5</ele>
        <time>2025-06-16T05:08:51Z</time>
      </trkpt>
      <trkpt lat="25.227276999503374" lon="121.548650963231921">
        <ele>454.100000000000023</ele>
        <time>2025-06-16T05:09:02Z</time>
      </trkpt>
      <trkpt lat="25.227273982018232" lon="121.548630008473992">
        <ele>449.199999999999989</ele>
        <time>2025-06-16T05:09:13Z</time>
      </trkpt>
      <trkpt lat="25.227269036695361" lon="121.548643000423908">
        <ele>445.300000000000011</ele>
        <time>2025-06-16T05:09:27Z</time>
      </trkpt>
      <trkpt lat="25.227283034473658" lon="121.548644006252289">
        <ele>442.600000000000023</ele>
        <time>2025-06-16T05:09:42Z</time>
      </trkpt>
      <trkpt lat="25.227294014766812" lon="121.548638977110386">
        <ele>442</ele>
        <time>2025-06-16T05:09:53Z</time>
      </trkpt>
      <trkpt lat="25.227286973968148" lon="121.548621961846948">
        <ele>442.199999999999989</ele>
        <time>2025-06-16T05:10:05Z</time>
      </trkpt>
      <trkpt lat="25.227298960089684" lon="121.548641994595528">
        <ele>443</ele>
        <time>2025-06-16T05:10:15Z</time>
      </trkpt>
      <trkpt lat="25.227299965918064" lon="121.548621961846948">
        <ele>445</ele>
        <time>2025-06-16T05:10:35Z</time>
      </trkpt>
      <trkpt lat="25.227255960926414" lon="121.548678036779165">
        <ele>442.800000000000011</ele>
        <time>2025-06-16T05:10:46Z</time>
      </trkpt>
      <trkpt lat="25.227210028097034" lon="121.548693962395191">
        <ele>448.600000000000023</ele>
        <time>2025-06-16T05:10:57Z</time>
      </trkpt>
      <trkpt lat="25.227215979248285" lon="121.548707960173488">
        <ele>452.5</ele>
        <time>2025-06-16T05:11:08Z</time>
      </trkpt>
      <trkpt lat="25.227191001176834" lon="121.548699997365475">
        <ele>455.399999999999977</ele>
        <time>2025-06-16T05:11:20Z</time>
      </trkpt>
      <trkpt lat="25.227240035310388" lon="121.548742996528745">
        <ele>448.300000000000011</ele>
        <time>2025-06-16T05:11:31Z</time>
      </trkpt>
      <trkpt lat="25.227311030030251" lon="121.548737967386842">
        <ele>446.100000000000023</ele>
        <time>2025-06-16T05:11:41Z</time>
      </trkpt>
      <trkpt lat="25.227261995896697" lon="121.548518026247621">
        <ele>449.399999999999977</ele>
        <time>2025-06-16T05:11:51Z</time>
      </trkpt>
      <trkpt lat="25.227284962311387" lon="121.548491958528757">
        <ele>452.399999999999977</ele>
        <time>2025-06-16T05:12:01Z</time>
      </trkpt>
      <trkpt lat="25.22724699229002" lon="121.548520959913731">
        <ele>454.199999999999989</ele>
        <time>2025-06-16T05:12:11Z</time>
      </trkpt>
      <trkpt lat="25.227292003110051" lon="121.548506962135434">
        <ele>455.199999999999989</ele>
        <time>2025-06-16T05:12:22Z</time>
      </trkpt>
      <trkpt lat="25.227281022816896" lon="121.548465974628925">
        <ele>452.899999999999977</ele>
        <time>2025-06-16T05:12:33Z</time>
      </trkpt>
      <trkpt lat="25.227221008390188" lon="121.548546021804214">
        <ele>457</ele>
        <time>2025-06-16T05:12:44Z</time>
      </trkpt>
      <trkpt lat="25.227238023653626" lon="121.548471003770828">
        <ele>458.199999999999989</ele>
        <time>2025-06-16T05:12:55Z</time>
      </trkpt>
      <trkpt lat="25.227318992838264" lon="121.548468992114067">
        <ele>459.199999999999989</ele>
        <time>2025-06-16T05:13:06Z</time>
      </trkpt>
      <trkpt lat="25.227405996993184" lon="121.548460023477674">
        <ele>457.5</ele>
        <time>2025-06-16T05:13:17Z</time>
      </trkpt>
      <trkpt lat="25.227430975064635" lon="121.548554990440607">
        <ele>454.199999999999989</ele>
        <time>2025-06-16T05:13:28Z</time>
      </trkpt>
      <trkpt lat="25.227371966466308" lon="121.548461029306054">
        <ele>450.199999999999989</ele>
        <time>2025-06-16T05:13:39Z</time>
      </trkpt>
      <trkpt lat="25.227427035570145" lon="121.548485001549125">
        <ele>449.5</ele>
        <time>2025-06-16T05:13:49Z</time>
      </trkpt>
      <trkpt lat="25.227270964533091" lon="121.548491958528757">
        <ele>450.600000000000023</ele>
        <time>2025-06-16T05:14:23Z</time>
      </trkpt>
      <trkpt lat="25.227298960089684" lon="121.548448959365487">
        <ele>458.600000000000023</ele>
        <time>2025-06-16T05:14:42Z</time>
      </trkpt>
      <trkpt lat="25.227300971746445" lon="121.548460023477674">
        <ele>455.300000000000011</ele>
        <time>2025-06-16T05:14:55Z</time>
      </trkpt>
      <trkpt lat="25.227364003658295" lon="121.548438984900713">
        <ele>455.100000000000023</ele>
        <time>2025-06-16T05:15:06Z</time>
      </trkpt>
      <trkpt lat="25.227379007264972" lon="121.548420041799545">
        <ele>453.699999999999989</ele>
        <time>2025-06-16T05:15:17Z</time>
      </trkpt>
      <trkpt lat="25.227388981729746" lon="121.548423981294036">
        <ele>453</ele>
        <time>2025-06-16T05:15:30Z</time>
      </trkpt>
      <trkpt lat="25.227411026135087" lon="121.548448959365487">
        <ele>450.800000000000011</ele>
        <time>2025-06-16T05:15:41Z</time>
      </trkpt>
      <trkpt lat="25.227391999214888" lon="121.548577034845948">
        <ele>445.699999999999989</ele>
        <time>2025-06-16T05:16:25Z</time>
      </trkpt>
      <trkpt lat="25.227389987558126" lon="121.548566976562142">
        <ele>446.399999999999977</ele>
        <time>2025-06-16T05:16:36Z</time>
      </trkpt>
      <trkpt lat="25.227244980633259" lon="121.548540992662311">
        <ele>441.199999999999989</ele>
        <time>2025-06-16T05:17:32Z</time>
      </trkpt>
      <trkpt lat="25.227307006716728" lon="121.548538981005549">
        <ele>449</ele>
        <time>2025-06-16T05:17:43Z</time>
      </trkpt>
      <trkpt lat="25.227485960349441" lon="121.548751965165138">
        <ele>452.100000000000023</ele>
        <time>2025-06-16T05:17:54Z</time>
      </trkpt>
      <trkpt lat="25.227595008909702" lon="121.548928990960121">
        <ele>455.5</ele>
        <time>2025-06-16T05:18:09Z</time>
      </trkpt>
      <trkpt lat="25.227102991193533" lon="121.548771997913718">
        <ele>459.300000000000011</ele>
        <time>2025-06-16T05:18:20Z</time>
      </trkpt>
      <trkpt lat="25.227213967591524" lon="121.548685999587178">
        <ele>451.199999999999989</ele>
        <time>2025-06-16T05:18:33Z</time>
      </trkpt>
      <trkpt lat="25.227211033925414" lon="121.548842992633581">
        <ele>456.100000000000023</ele>
        <time>2025-06-16T05:18:44Z</time>
      </trkpt>
      <trkpt lat="25.227174991741776" lon="121.54881801456213">
        <ele>459.300000000000011</ele>
        <time>2025-06-16T05:18:55Z</time>
      </trkpt>
      <trkpt lat="25.227139033377171" lon="121.548765962943435">
        <ele>460.600000000000023</ele>
        <time>2025-06-16T05:19:06Z</time>
      </trkpt>
      <trkpt lat="25.227105002850294" lon="121.548854978755116">
        <ele>460.399999999999977</ele>
        <time>2025-06-16T05:19:16Z</time>
      </trkpt>
      <trkpt lat="25.227151019498706" lon="121.548741990700364">
        <ele>461.100000000000023</ele>
        <time>2025-06-16T05:19:27Z</time>
      </trkpt>
      <trkpt lat="25.227142972871661" lon="121.548789013177156">
        <ele>461.5</ele>
        <time>2025-06-16T05:19:38Z</time>
      </trkpt>
      <trkpt lat="25.227230982854962" lon="121.54894701205194">
        <ele>437.800000000000011</ele>
        <time>2025-06-16T05:19:49Z</time>
      </trkpt>
      <trkpt lat="25.227140039205551" lon="121.548788007348776">
        <ele>463.899999999999977</ele>
        <time>2025-06-16T05:19:59Z</time>
      </trkpt>
      <trkpt lat="25.227197958156466" lon="121.548778032884002">
        <ele>459.399999999999977</ele>
        <time>2025-06-16T05:20:45Z</time>
      </trkpt>
      <trkpt lat="25.227192007005215" lon="121.54868901707232">
        <ele>461.600000000000023</ele>
        <time>2025-06-16T05:20:56Z</time>
      </trkpt>
      <trkpt lat="25.227206004783511" lon="121.548771997913718">
        <ele>458.5</ele>
        <time>2025-06-16T05:21:07Z</time>
      </trkpt>
      <trkpt lat="25.227172980085015" lon="121.548724975436926">
        <ele>459.5</ele>
        <time>2025-06-16T05:21:18Z</time>
      </trkpt>
      <trkpt lat="25.227186977863312" lon="121.548693962395191">
        <ele>460.399999999999977</ele>
        <time>2025-06-16T05:21:29Z</time>
      </trkpt>
      <trkpt lat="25.227151019498706" lon="121.548704020678997">
        <ele>460.899999999999977</ele>
        <time>2025-06-16T05:21:40Z</time>
      </trkpt>
      <trkpt lat="25.227212039753795" lon="121.548679964616895">
        <ele>459.100000000000023</ele>
        <time>2025-06-16T05:21:51Z</time>
      </trkpt>
      <trkpt lat="25.227220002561808" lon="121.548701003193855">
        <ele>458.600000000000023</ele>
        <time>2025-06-16T05:22:02Z</time>
      </trkpt>
      <trkpt lat="25.227210028097034" lon="121.548694968223572">
        <ele>458.5</ele>
        <time>2025-06-16T05:22:12Z</time>
      </trkpt>
      <trkpt lat="25.227204998955131" lon="121.548708966001868">
        <ele>457.199999999999989</ele>
        <time>2025-06-16T05:22:22Z</time>
      </trkpt>
      <trkpt lat="25.227212961763144" lon="121.548720030114055">
        <ele>458.399999999999977</ele>
        <time>2025-06-16T05:22:38Z</time>
      </trkpt>
      <trkpt lat="25.227199969813228" lon="121.548717012628913">
        <ele>458.899999999999977</ele>
        <time>2025-06-16T05:22:49Z</time>
      </trkpt>
      <trkpt lat="25.227179015055299" lon="121.548661021515727">
        <ele>459.800000000000011</ele>
        <time>2025-06-16T05:23:00Z</time>
      </trkpt>
      <trkpt lat="25.227132998406887" lon="121.548651969060302">
        <ele>460.399999999999977</ele>
        <time>2025-06-16T05:23:11Z</time>
      </trkpt>
      <trkpt lat="25.227180020883679" lon="121.548736039549112">
        <ele>460.600000000000023</ele>
        <time>2025-06-16T05:23:22Z</time>
      </trkpt>
      <trkpt lat="25.227192007005215" lon="121.548748025670648">
        <ele>460.899999999999977</ele>
        <time>2025-06-16T05:23:32Z</time>
      </trkpt>
      <trkpt lat="25.227174991741776" lon="121.548737967386842">
        <ele>461.399999999999977</ele>
        <time>2025-06-16T05:23:43Z</time>
      </trkpt>
      <trkpt lat="25.227183038368821" lon="121.548735033720732">
        <ele>459.100000000000023</ele>
        <time>2025-06-16T05:23:54Z</time>
      </trkpt>
      <trkpt lat="25.227144984528422" lon="121.548723969608545">
        <ele>452.800000000000011</ele>
        <time>2025-06-16T05:24:05Z</time>
      </trkpt>
      <trkpt lat="25.227106008678675" lon="121.548695974051952">
        <ele>456.100000000000023</ele>
        <time>2025-06-16T05:24:15Z</time>
      </trkpt>
      <trkpt lat="25.227120006456971" lon="121.548712989315391">
        <ele>454.600000000000023</ele>
        <time>2025-06-16T05:24:26Z</time>
      </trkpt>
      <trkpt lat="25.227128975093365" lon="121.548724975436926">
        <ele>457.899999999999977</ele>
        <time>2025-06-16T05:24:37Z</time>
      </trkpt>
      <trkpt lat="25.227096034213901" lon="121.548680970445275">
        <ele>475.800000000000011</ele>
        <time>2025-06-16T05:24:49Z</time>
      </trkpt>
      <trkpt lat="25.2271409612149" lon="121.548691028729081">
        <ele>472.399999999999977</ele>
        <time>2025-06-16T05:25:00Z</time>
      </trkpt>
      <trkpt lat="25.227096034213901" lon="121.548730004578829">
        <ele>458.199999999999989</ele>
        <time>2025-06-16T05:25:11Z</time>
      </trkpt>
      <trkpt lat="25.227125035598874" lon="121.548771997913718">
        <ele>459.600000000000023</ele>
        <time>2025-06-16T05:25:21Z</time>
      </trkpt>
      <trkpt lat="25.22709502838552" lon="121.548814997076988">
        <ele>461.699999999999989</ele>
        <time>2025-06-16T05:25:32Z</time>
      </trkpt>
      <trkpt lat="25.227134004235268" lon="121.548656998202205">
        <ele>458.199999999999989</ele>
        <time>2025-06-16T05:25:43Z</time>
      </trkpt>
      <trkpt lat="25.227142972871661" lon="121.548688011243939">
        <ele>456.399999999999977</ele>
        <time>2025-06-16T05:25:54Z</time>
      </trkpt>
      <trkpt lat="25.2271409612149" lon="121.548699997365475">
        <ele>454.800000000000011</ele>
        <time>2025-06-16T05:26:04Z</time>
      </trkpt>
      <trkpt lat="25.227140039205551" lon="121.548712989315391">
        <ele>454.600000000000023</ele>
        <time>2025-06-16T05:26:16Z</time>
      </trkpt>
      <trkpt lat="25.227153031155467" lon="121.548733022063971">
        <ele>456.600000000000023</ele>
        <time>2025-06-16T05:26:27Z</time>
      </trkpt>
      <trkpt lat="25.227143978700042" lon="121.548692034557462">
        <ele>454.600000000000023</ele>
        <time>2025-06-16T05:26:38Z</time>
      </trkpt>
      <trkpt lat="25.227131992578506" lon="121.548707038164139">
        <ele>447.899999999999977</ele>
        <time>2025-06-16T05:27:32Z</time>
      </trkpt>
      <trkpt lat="25.227120006456971" lon="121.548722963780165">
        <ele>447.899999999999977</ele>
        <time>2025-06-16T05:27:43Z</time>
      </trkpt>
      <trkpt lat="25.227106008678675" lon="121.548655992373824">
        <ele>457.300000000000011</ele>
        <time>2025-06-16T05:28:12Z</time>
      </trkpt>
      <trkpt lat="25.227166023105383" lon="121.548765040934086">
        <ele>451.100000000000023</ele>
        <time>2025-06-16T05:29:16Z</time>
      </trkpt>
      <trkpt lat="25.227139033377171" lon="121.548704020678997">
        <ele>449.600000000000023</ele>
        <time>2025-06-16T05:29:27Z</time>
      </trkpt>
      <trkpt lat="25.227115983143449" lon="121.548699997365475">
        <ele>447.600000000000023</ele>
        <time>2025-06-16T05:29:38Z</time>
      </trkpt>
      <trkpt lat="25.227098967880011" lon="121.548684993758798">
        <ele>446</ele>
        <time>2025-06-16T05:29:50Z</time>
      </trkpt>
      <trkpt lat="25.227123023942113" lon="121.548697985708714">
        <ele>447</ele>
        <time>2025-06-16T05:30:06Z</time>
      </trkpt>
      <trkpt lat="25.227126963436604" lon="121.548707960173488">
        <ele>446.199999999999989</ele>
        <time>2025-06-16T05:30:17Z</time>
      </trkpt>
      <trkpt lat="25.227112965658307" lon="121.548672001808882">
        <ele>448.800000000000011</ele>
        <time>2025-06-16T05:30:48Z</time>
      </trkpt>
      <trkpt lat="25.227089999243617" lon="121.548670995980501">
        <ele>445</ele>
        <time>2025-06-16T05:31:13Z</time>
      </trkpt>
      <trkpt lat="25.227067032828927" lon="121.548640988767147">
        <ele>446.800000000000011</ele>
        <time>2025-06-16T05:31:33Z</time>
      </trkpt>
      <trkpt lat="25.227116988971829" lon="121.548687005415559">
        <ele>448</ele>
        <time>2025-06-16T05:31:44Z</time>
      </trkpt>
      <trkpt lat="25.227180020883679" lon="121.548704020678997">
        <ele>453</ele>
        <time>2025-06-16T05:31:55Z</time>
      </trkpt>
      <trkpt lat="25.227207010611892" lon="121.54868901707232">
        <ele>457.199999999999989</ele>
        <time>2025-06-16T05:32:06Z</time>
      </trkpt>
      <trkpt lat="25.227186977863312" lon="121.54862598516047">
        <ele>457.699999999999989</ele>
        <time>2025-06-16T05:32:16Z</time>
      </trkpt>
      <trkpt lat="25.227165017277002" lon="121.548676025122404">
        <ele>453.5</ele>
        <time>2025-06-16T05:32:27Z</time>
      </trkpt>
      <trkpt lat="25.227166023105383" lon="121.548690022900701">
        <ele>456.899999999999977</ele>
        <time>2025-06-16T05:32:38Z</time>
      </trkpt>
      <trkpt lat="25.227159988135099" lon="121.548680970445275">
        <ele>457.600000000000023</ele>
        <time>2025-06-16T05:32:55Z</time>
      </trkpt>
      <trkpt lat="25.227179015055299" lon="121.548707960173488">
        <ele>460.600000000000023</ele>
        <time>2025-06-16T05:33:07Z</time>
      </trkpt>
      <trkpt lat="25.22718102671206" lon="121.548692034557462">
        <ele>463.699999999999989</ele>
        <time>2025-06-16T05:33:32Z</time>
      </trkpt>
      <trkpt lat="25.227184966206551" lon="121.548675019294024">
        <ele>463.600000000000023</ele>
        <time>2025-06-16T05:33:43Z</time>
      </trkpt>
      <trkpt lat="25.227191001176834" lon="121.548629002645612">
        <ele>462.199999999999989</ele>
        <time>2025-06-16T05:33:53Z</time>
      </trkpt>
      <trkpt lat="25.227185972034931" lon="121.548617016524076">
        <ele>460.100000000000023</ele>
        <time>2025-06-16T05:35:34Z</time>
      </trkpt>
      <trkpt lat="25.227161999791861" lon="121.548572005704045">
        <ele>460.100000000000023</ele>
        <time>2025-06-16T05:35:57Z</time>
      </trkpt>
      <trkpt lat="25.227171974256635" lon="121.548573011532426">
        <ele>460.300000000000011</ele>
        <time>2025-06-16T05:37:41Z</time>
      </trkpt>
      <trkpt lat="25.227172980085015" lon="121.548612993210554">
        <ele>459.699999999999989</ele>
        <time>2025-06-16T05:38:05Z</time>
      </trkpt>
      <trkpt lat="25.227178009226918" lon="121.548631014302373">
        <ele>460.399999999999977</ele>
        <time>2025-06-16T05:38:16Z</time>
      </trkpt>
      <trkpt lat="25.227180020883679" lon="121.548641994595528">
        <ele>460.899999999999977</ele>
        <time>2025-06-16T05:38:37Z</time>
      </trkpt>
      <trkpt lat="25.227171974256635" lon="121.548670995980501">
        <ele>461</ele>
        <time>2025-06-16T05:38:49Z</time>
      </trkpt>
      <trkpt lat="25.227177003398538" lon="121.548683987930417">
        <ele>458.5</ele>
        <time>2025-06-16T05:39:43Z</time>
      </trkpt>
      <trkpt lat="25.227196030318737" lon="121.548750959336758">
        <ele>458.5</ele>
        <time>2025-06-16T05:39:54Z</time>
      </trkpt>
      <trkpt lat="25.227187983691692" lon="121.548779960721731">
        <ele>460.300000000000011</ele>
        <time>2025-06-16T05:40:27Z</time>
      </trkpt>
      <trkpt lat="25.227188989520073" lon="121.548738973215222">
        <ele>461.100000000000023</ele>
        <time>2025-06-16T05:40:44Z</time>
      </trkpt>
      <trkpt lat="25.227188989520073" lon="121.548722963780165">
        <ele>461</ele>
        <time>2025-06-16T05:41:02Z</time>
      </trkpt>
      <trkpt lat="25.227174991741776" lon="121.548726987093687">
        <ele>461.300000000000011</ele>
        <time>2025-06-16T05:41:22Z</time>
      </trkpt>
      <trkpt lat="25.227175997570157" lon="121.548762023448944">
        <ele>458.300000000000011</ele>
        <time>2025-06-16T05:41:56Z</time>
      </trkpt>
      <trkpt lat="25.227182032540441" lon="121.548746014013886">
        <ele>455.199999999999989</ele>
        <time>2025-06-16T05:42:07Z</time>
      </trkpt>
      <trkpt lat="25.227178009226918" lon="121.548721035942435">
        <ele>457.399999999999977</ele>
        <time>2025-06-16T05:42:18Z</time>
      </trkpt>
      <trkpt lat="25.227196030318737" lon="121.548735033720732">
        <ele>458</ele>
        <time>2025-06-16T05:42:29Z</time>
      </trkpt>
      <trkpt lat="25.227177003398538" lon="121.548669990152121">
        <ele>457.699999999999989</ele>
        <time>2025-06-16T05:42:40Z</time>
      </trkpt>
      <trkpt lat="25.227169962599874" lon="121.548644006252289">
        <ele>456.899999999999977</ele>
        <time>2025-06-16T05:42:51Z</time>
      </trkpt>
      <trkpt lat="25.227180020883679" lon="121.548727992922068">
        <ele>455.399999999999977</ele>
        <time>2025-06-16T05:43:23Z</time>
      </trkpt>
      <trkpt lat="25.22718396037817" lon="121.548717012628913">
        <ele>457.5</ele>
        <time>2025-06-16T05:43:35Z</time>
      </trkpt>
      <trkpt lat="25.22718396037817" lon="121.548703014850616">
        <ele>457.5</ele>
        <time>2025-06-16T05:43:48Z</time>
      </trkpt>
      <trkpt lat="25.227174991741776" lon="121.548696979880333">
        <ele>458.899999999999977</ele>
        <time>2025-06-16T05:44:00Z</time>
      </trkpt>
      <trkpt lat="25.227167028933764" lon="121.548692034557462">
        <ele>460</ele>
        <time>2025-06-16T05:44:12Z</time>
      </trkpt>
      <trkpt lat="25.227174991741776" lon="121.54873201623559">
        <ele>459</ele>
        <time>2025-06-16T05:44:23Z</time>
      </trkpt>
      <trkpt lat="25.227183038368821" lon="121.548727992922068">
        <ele>460</ele>
        <time>2025-06-16T05:44:34Z</time>
      </trkpt>
      <trkpt lat="25.227201981469989" lon="121.548704020678997">
        <ele>461</ele>
        <time>2025-06-16T05:44:45Z</time>
      </trkpt>
      <trkpt lat="25.227172980085015" lon="121.548826983198524">
        <ele>459.5</ele>
        <time>2025-06-16T05:44:56Z</time>
      </trkpt>
      <trkpt lat="25.227186977863312" lon="121.548792030662298">
        <ele>460.100000000000023</ele>
        <time>2025-06-16T05:45:07Z</time>
      </trkpt>
      <trkpt lat="25.227175997570157" lon="121.548828994855285">
        <ele>455.699999999999989</ele>
        <time>2025-06-16T05:45:18Z</time>
      </trkpt>
      <trkpt lat="25.227157976478338" lon="121.548768980428576">
        <ele>451</ele>
        <time>2025-06-16T05:45:29Z</time>
      </trkpt>
      <trkpt lat="25.22718396037817" lon="121.548720030114055">
        <ele>456.5</ele>
        <time>2025-06-16T05:45:39Z</time>
      </trkpt>
      <trkpt lat="25.227157976478338" lon="121.548691028729081">
        <ele>455.199999999999989</ele>
        <time>2025-06-16T05:45:50Z</time>
      </trkpt>
      <trkpt lat="25.227193012833595" lon="121.548733022063971">
        <ele>455.100000000000023</ele>
        <time>2025-06-16T05:46:01Z</time>
      </trkpt>
      <trkpt lat="25.227202987298369" lon="121.548728998750448">
        <ele>456.399999999999977</ele>
        <time>2025-06-16T05:46:12Z</time>
      </trkpt>
      <trkpt lat="25.227194018661976" lon="121.548721035942435">
        <ele>458</ele>
        <time>2025-06-16T05:46:25Z</time>
      </trkpt>
      <trkpt lat="25.227183038368821" lon="121.548720030114055">
        <ele>458.699999999999989</ele>
        <time>2025-06-16T05:46:36Z</time>
      </trkpt>
      <trkpt lat="25.227180020883679" lon="121.548710977658629">
        <ele>458</ele>
        <time>2025-06-16T05:46:47Z</time>
      </trkpt>
      <trkpt lat="25.227170968428254" lon="121.548722041770816">
        <ele>457.800000000000011</ele>
        <time>2025-06-16T05:46:58Z</time>
      </trkpt>
      <trkpt lat="25.227169040590525" lon="121.548695974051952">
        <ele>458.199999999999989</ele>
        <time>2025-06-16T05:47:09Z</time>
      </trkpt>
      <trkpt lat="25.227191001176834" lon="121.548749031499028">
        <ele>459.300000000000011</ele>
        <time>2025-06-16T05:47:19Z</time>
      </trkpt>
      <trkpt lat="25.227125035598874" lon="121.548862019553781">
        <ele>461</ele>
        <time>2025-06-16T05:47:30Z</time>
      </trkpt>
      <trkpt lat="25.227047000080347" lon="121.548872999846935">
        <ele>462.5</ele>
        <time>2025-06-16T05:47:41Z</time>
      </trkpt>
      <trkpt lat="25.227066027000546" lon="121.548923039808869">
        <ele>465.199999999999989</ele>
        <time>2025-06-16T05:47:51Z</time>
      </trkpt>
      <trkpt lat="25.227097040042281" lon="121.548918010666966">
        <ele>464.699999999999989</ele>
        <time>2025-06-16T05:48:02Z</time>
      </trkpt>
      <trkpt lat="25.227107014507055" lon="121.548933014273643">
        <ele>465</ele>
        <time>2025-06-16T05:48:13Z</time>
      </trkpt>
      <trkpt lat="25.227093016728759" lon="121.548937959596515">
        <ele>465</ele>
        <time>2025-06-16T05:48:24Z</time>
      </trkpt>
      <trkpt lat="25.227012969553471" lon="121.548963021486998">
        <ele>463.899999999999977</ele>
        <time>2025-06-16T05:48:35Z</time>
      </trkpt>
      <trkpt lat="25.227068038657308" lon="121.548948017880321">
        <ele>465.899999999999977</ele>
        <time>2025-06-16T05:48:46Z</time>
      </trkpt>
      <trkpt lat="25.227066027000546" lon="121.549034016206861">
        <ele>466.800000000000011</ele>
        <time>2025-06-16T05:48:57Z</time>
      </trkpt>
      <trkpt lat="25.227072983980179" lon="121.549062011763453">
        <ele>467.800000000000011</ele>
        <time>2025-06-16T05:49:08Z</time>
      </trkpt>
      <trkpt lat="25.227085975930095" lon="121.548931002616882">
        <ele>467.899999999999977</ele>
        <time>2025-06-16T05:49:19Z</time>
      </trkpt>
      <trkpt lat="25.227078013122082" lon="121.549011971801519">
        <ele>467.199999999999989</ele>
        <time>2025-06-16T05:49:30Z</time>
      </trkpt>
      <trkpt lat="25.227089999243617" lon="121.549011971801519">
        <ele>465.899999999999977</ele>
        <time>2025-06-16T05:49:41Z</time>
      </trkpt>
      <trkpt lat="25.227081030607224" lon="121.549029992893338">
        <ele>466.600000000000023</ele>
        <time>2025-06-16T05:49:52Z</time>
      </trkpt>
      <trkpt lat="25.22705202922225" lon="121.548980036750436">
        <ele>467.800000000000011</ele>
        <time>2025-06-16T05:50:02Z</time>
      </trkpt>
      <trkpt lat="25.227069966495037" lon="121.548995962366462">
        <ele>469.300000000000011</ele>
        <time>2025-06-16T05:50:13Z</time>
      </trkpt>
      <trkpt lat="25.227050017565489" lon="121.549023035913706">
        <ele>466.300000000000011</ele>
        <time>2025-06-16T05:50:24Z</time>
      </trkpt>
      <trkpt lat="25.227068960666656" lon="121.548983976244926">
        <ele>480</ele>
        <time>2025-06-16T05:50:35Z</time>
      </trkpt>
      <trkpt lat="25.22705202922225" lon="121.54899001121521">
        <ele>470.199999999999989</ele>
        <time>2025-06-16T05:50:46Z</time>
      </trkpt>
      <trkpt lat="25.227085975930095" lon="121.548970984295011">
        <ele>465.5</ele>
        <time>2025-06-16T05:50:57Z</time>
      </trkpt>
      <trkpt lat="25.227079018950462" lon="121.548978025093675">
        <ele>465.300000000000011</ele>
        <time>2025-06-16T05:51:09Z</time>
      </trkpt>
      <trkpt lat="25.227065021172166" lon="121.549049019813538">
        <ele>465.600000000000023</ele>
        <time>2025-06-16T05:51:19Z</time>
      </trkpt>
      <trkpt lat="25.227094022557139" lon="121.549062011763453">
        <ele>464.5</ele>
        <time>2025-06-16T05:51:30Z</time>
      </trkpt>
      <trkpt lat="25.227108020335436" lon="121.549041979014874">
        <ele>466.100000000000023</ele>
        <time>2025-06-16T05:51:40Z</time>
      </trkpt>
      <trkpt lat="25.227072983980179" lon="121.549054970964789">
        <ele>470.699999999999989</ele>
        <time>2025-06-16T05:51:51Z</time>
      </trkpt>
      <trkpt lat="25.227111959829926" lon="121.549009960144758">
        <ele>469.5</ele>
        <time>2025-06-16T05:52:02Z</time>
      </trkpt>
      <trkpt lat="25.227039037272334" lon="121.549032004550099">
        <ele>468.699999999999989</ele>
        <time>2025-06-16T05:52:13Z</time>
      </trkpt>
      <trkpt lat="25.227034008130431" lon="121.549014989286661">
        <ele>467.300000000000011</ele>
        <time>2025-06-16T05:52:24Z</time>
      </trkpt>
      <trkpt lat="25.227035013958812" lon="121.548995040357113">
        <ele>465</ele>
        <time>2025-06-16T05:52:35Z</time>
      </trkpt>
      <trkpt lat="25.227001989260316" lon="121.548997974023223">
        <ele>465.399999999999977</ele>
        <time>2025-06-16T05:52:46Z</time>
      </trkpt>
      <trkpt lat="25.227068038657308" lon="121.549009038135409">
        <ele>466</ele>
        <time>2025-06-16T05:52:57Z</time>
      </trkpt>
      <trkpt lat="25.227050017565489" lon="121.549028987064958">
        <ele>467.100000000000023</ele>
        <time>2025-06-16T05:53:08Z</time>
      </trkpt>
      <trkpt lat="25.227053035050631" lon="121.549052959308028">
        <ele>467.699999999999989</ele>
        <time>2025-06-16T05:53:18Z</time>
      </trkpt>
      <trkpt lat="25.227094022557139" lon="121.549022030085325">
        <ele>472</ele>
        <time>2025-06-16T05:53:28Z</time>
      </trkpt>
      <trkpt lat="25.227059992030263" lon="121.549047008156776">
        <ele>464.699999999999989</ele>
        <time>2025-06-16T05:53:38Z</time>
      </trkpt>
      <trkpt lat="25.227054040879011" lon="121.548980958759785">
        <ele>462.300000000000011</ele>
        <time>2025-06-16T05:53:48Z</time>
      </trkpt>
      <trkpt lat="25.227062003687024" lon="121.548974001780152">
        <ele>462.899999999999977</ele>
        <time>2025-06-16T05:53:59Z</time>
      </trkpt>
      <trkpt lat="25.227056974545121" lon="121.548985987901688">
        <ele>465.199999999999989</ele>
        <time>2025-06-16T05:54:10Z</time>
      </trkpt>
      <trkpt lat="25.227086981758475" lon="121.548928990960121">
        <ele>461.100000000000023</ele>
        <time>2025-06-16T05:54:21Z</time>
      </trkpt>
      <trkpt lat="25.227068038657308" lon="121.548945000395179">
        <ele>460.699999999999989</ele>
        <time>2025-06-16T05:54:32Z</time>
      </trkpt>
      <trkpt lat="25.227043982595205" lon="121.548907030373812">
        <ele>461.300000000000011</ele>
        <time>2025-06-16T05:54:43Z</time>
      </trkpt>
      <trkpt lat="25.227078013122082" lon="121.548931002616882">
        <ele>461.800000000000011</ele>
        <time>2025-06-16T05:54:54Z</time>
      </trkpt>
      <trkpt lat="25.227070972323418" lon="121.548940977081656">
        <ele>462.100000000000023</ele>
        <time>2025-06-16T05:55:10Z</time>
      </trkpt>
      <trkpt lat="25.227098967880011" lon="121.548932008445263">
        <ele>461.199999999999989</ele>
        <time>2025-06-16T05:55:21Z</time>
      </trkpt>
      <trkpt lat="25.227085975930095" lon="121.548943994566798">
        <ele>457.399999999999977</ele>
        <time>2025-06-16T05:55:32Z</time>
      </trkpt>
      <trkpt lat="25.22709502838552" lon="121.54896997846663">
        <ele>461.800000000000011</ele>
        <time>2025-06-16T05:55:45Z</time>
      </trkpt>
      <trkpt lat="25.227053035050631" lon="121.548978025093675">
        <ele>463.399999999999977</ele>
        <time>2025-06-16T05:55:56Z</time>
      </trkpt>
      <trkpt lat="25.22709502838552" lon="121.548962015658617">
        <ele>453.100000000000023</ele>
        <time>2025-06-16T05:56:07Z</time>
      </trkpt>
      <trkpt lat="25.227098967880011" lon="121.548923961818218">
        <ele>457.199999999999989</ele>
        <time>2025-06-16T05:56:18Z</time>
      </trkpt>
      <trkpt lat="25.227127969264984" lon="121.548983976244926">
        <ele>452.5</ele>
        <time>2025-06-16T05:56:29Z</time>
      </trkpt>
      <trkpt lat="25.227080024778843" lon="121.548942988738418">
        <ele>455.199999999999989</ele>
        <time>2025-06-16T05:56:39Z</time>
      </trkpt>
      <trkpt lat="25.227082958444953" lon="121.548970984295011">
        <ele>455.699999999999989</ele>
        <time>2025-06-16T05:56:50Z</time>
      </trkpt>
      <trkpt lat="25.227089999243617" lon="121.548983976244926">
        <ele>455.699999999999989</ele>
        <time>2025-06-16T05:57:01Z</time>
      </trkpt>
      <trkpt lat="25.227092010900378" lon="121.548971990123391">
        <ele>456</ele>
        <time>2025-06-16T05:57:12Z</time>
      </trkpt>
      <trkpt lat="25.227049011737108" lon="121.548957992345095">
        <ele>456.5</ele>
        <time>2025-06-16T05:57:23Z</time>
      </trkpt>
      <trkpt lat="25.227134004235268" lon="121.548934020102024">
        <ele>465.899999999999977</ele>
        <time>2025-06-16T05:57:34Z</time>
      </trkpt>
      <trkpt lat="25.227082958444953" lon="121.548964027315378">
        <ele>457.600000000000023</ele>
        <time>2025-06-16T05:57:45Z</time>
      </trkpt>
      <trkpt lat="25.227110031992197" lon="121.549052037298679">
        <ele>461.800000000000011</ele>
        <time>2025-06-16T05:57:56Z</time>
      </trkpt>
      <trkpt lat="25.227188989520073" lon="121.549060000106692">
        <ele>470.100000000000023</ele>
        <time>2025-06-16T05:58:07Z</time>
      </trkpt>
      <trkpt lat="25.227146996185184" lon="121.549010965973139">
        <ele>467.399999999999977</ele>
        <time>2025-06-16T05:58:18Z</time>
      </trkpt>
      <trkpt lat="25.227113971486688" lon="121.549010965973139">
        <ele>467.600000000000023</ele>
        <time>2025-06-16T05:58:29Z</time>
      </trkpt>
      <trkpt lat="25.227109026163816" lon="121.549060000106692">
        <ele>467.800000000000011</ele>
        <time>2025-06-16T05:58:40Z</time>
      </trkpt>
      <trkpt lat="25.22711799480021" lon="121.549110962077975">
        <ele>469.5</ele>
        <time>2025-06-16T05:58:51Z</time>
      </trkpt>
      <trkpt lat="25.227063009515405" lon="121.549081038683653">
        <ele>468.899999999999977</ele>
        <time>2025-06-16T05:59:02Z</time>
      </trkpt>
      <trkpt lat="25.227098967880011" lon="121.54907600954175">
        <ele>462.800000000000011</ele>
        <time>2025-06-16T05:59:12Z</time>
      </trkpt>
      <trkpt lat="25.227171974256635" lon="121.54914197511971">
        <ele>466</ele>
        <time>2025-06-16T05:59:23Z</time>
      </trkpt>
      <trkpt lat="25.227100979536772" lon="121.549116997048259">
        <ele>472.699999999999989</ele>
        <time>2025-06-16T05:59:34Z</time>
      </trkpt>
      <trkpt lat="25.227089999243617" lon="121.549082966521382">
        <ele>472.399999999999977</ele>
        <time>2025-06-16T05:59:45Z</time>
      </trkpt>
      <trkpt lat="25.227078013122082" lon="121.549129988998175">
        <ele>465.300000000000011</ele>
        <time>2025-06-16T05:59:56Z</time>
      </trkpt>
      <trkpt lat="25.227026967331767" lon="121.549089001491666">
        <ele>464.800000000000011</ele>
        <time>2025-06-16T06:00:07Z</time>
      </trkpt>
      <trkpt lat="25.227045994251966" lon="121.549018006771803">
        <ele>471.5</ele>
        <time>2025-06-16T06:00:18Z</time>
      </trkpt>
      <trkpt lat="25.226967036724091" lon="121.549084978178144">
        <ele>471.300000000000011</ele>
        <time>2025-06-16T06:00:29Z</time>
      </trkpt>
      <trkpt lat="25.227025039494038" lon="121.549121020361781">
        <ele>470.899999999999977</ele>
        <time>2025-06-16T06:00:40Z</time>
      </trkpt>
      <trkpt lat="25.227054040879011" lon="121.549086989834905">
        <ele>469.699999999999989</ele>
        <time>2025-06-16T06:00:51Z</time>
      </trkpt>
      <trkpt lat="25.227065021172166" lon="121.549116997048259">
        <ele>471.300000000000011</ele>
        <time>2025-06-16T06:01:02Z</time>
      </trkpt>
      <trkpt lat="25.227076001465321" lon="121.549082966521382">
        <ele>468.800000000000011</ele>
        <time>2025-06-16T06:01:12Z</time>
      </trkpt>
      <trkpt lat="25.227059992030263" lon="121.549078021198511">
        <ele>469.5</ele>
        <time>2025-06-16T06:01:23Z</time>
      </trkpt>
      <trkpt lat="25.227085975930095" lon="121.549081038683653">
        <ele>469.100000000000023</ele>
        <time>2025-06-16T06:01:44Z</time>
      </trkpt>
      <trkpt lat="25.227028978988528" lon="121.549056982621551">
        <ele>469.699999999999989</ele>
        <time>2025-06-16T06:01:55Z</time>
      </trkpt>
      <trkpt lat="25.2269889973104" lon="121.548984982073307">
        <ele>469</ele>
        <time>2025-06-16T06:02:06Z</time>
      </trkpt>
      <trkpt lat="25.226996038109064" lon="121.549001997336745">
        <ele>467.800000000000011</ele>
        <time>2025-06-16T06:02:17Z</time>
      </trkpt>
      <trkpt lat="25.227048005908728" lon="121.549001997336745">
        <ele>467.300000000000011</ele>
        <time>2025-06-16T06:02:48Z</time>
      </trkpt>
      <trkpt lat="25.227025961503386" lon="121.548975007608533">
        <ele>466.800000000000011</ele>
        <time>2025-06-16T06:03:31Z</time>
      </trkpt>
      <trkpt lat="25.226996960118413" lon="121.549110962077975">
        <ele>467.399999999999977</ele>
        <time>2025-06-16T06:03:42Z</time>
      </trkpt>
      <trkpt lat="25.22696896456182" lon="121.549199977889657">
        <ele>468.199999999999989</ele>
        <time>2025-06-16T06:03:53Z</time>
      </trkpt>
      <trkpt lat="25.227007018402219" lon="121.54922797344625">
        <ele>472.800000000000011</ele>
        <time>2025-06-16T06:04:04Z</time>
      </trkpt>
      <trkpt lat="25.227037025615573" lon="121.549221016466618">
        <ele>470.399999999999977</ele>
        <time>2025-06-16T06:04:15Z</time>
      </trkpt>
      <trkpt lat="25.227028978988528" lon="121.549211964011192">
        <ele>470.399999999999977</ele>
        <time>2025-06-16T06:04:26Z</time>
      </trkpt>
      <trkpt lat="25.227025039494038" lon="121.549199977889657">
        <ele>470.699999999999989</ele>
        <time>2025-06-16T06:04:45Z</time>
      </trkpt>
      <trkpt lat="25.226995032280684" lon="121.549191009253263">
        <ele>470.300000000000011</ele>
        <time>2025-06-16T06:04:55Z</time>
      </trkpt>
      <trkpt lat="25.227008024230599" lon="121.549208024516702">
        <ele>467.5</ele>
        <time>2025-06-16T06:05:06Z</time>
      </trkpt>
      <trkpt lat="25.2269889973104" lon="121.549206012859941">
        <ele>460.199999999999989</ele>
        <time>2025-06-16T06:05:17Z</time>
      </trkpt>
      <trkpt lat="25.227008024230599" lon="121.549217998981476">
        <ele>463.5</ele>
        <time>2025-06-16T06:05:28Z</time>
      </trkpt>
      <trkpt lat="25.227006012573838" lon="121.549231996759772">
        <ele>470.699999999999989</ele>
        <time>2025-06-16T06:05:39Z</time>
      </trkpt>
      <trkpt lat="25.2269889973104" lon="121.549239959567785">
        <ele>470.300000000000011</ele>
        <time>2025-06-16T06:05:53Z</time>
      </trkpt>
      <trkpt lat="25.226939963176847" lon="121.549237025901675">
        <ele>473.199999999999989</ele>
        <time>2025-06-16T06:06:03Z</time>
      </trkpt>
      <trkpt lat="25.22690299898386" lon="121.549185980111361">
        <ele>473</ele>
        <time>2025-06-16T06:06:13Z</time>
      </trkpt>
      <trkpt lat="25.226910961791873" lon="121.549236020073295">
        <ele>473.100000000000023</ele>
        <time>2025-06-16T06:06:24Z</time>
      </trkpt>
      <trkpt lat="25.226951027289033" lon="121.549187991768122">
        <ele>473.300000000000011</ele>
        <time>2025-06-16T06:06:35Z</time>
      </trkpt>
      <trkpt lat="25.226934012025595" lon="121.549217998981476">
        <ele>465.399999999999977</ele>
        <time>2025-06-16T06:06:46Z</time>
      </trkpt>
      <trkpt lat="25.226936023682356" lon="121.549253035336733">
        <ele>469.300000000000011</ele>
        <time>2025-06-16T06:06:57Z</time>
      </trkpt>
      <trkpt lat="25.226913979277015" lon="121.549260998144746">
        <ele>471.5</ele>
        <time>2025-06-16T06:07:08Z</time>
      </trkpt>
      <trkpt lat="25.226927977055311" lon="121.549271978437901">
        <ele>475.199999999999989</ele>
        <time>2025-06-16T06:07:22Z</time>
      </trkpt>
      <trkpt lat="25.226938035339117" lon="121.54924800619483">
        <ele>476.399999999999977</ele>
        <time>2025-06-16T06:07:33Z</time>
      </trkpt>
      <trkpt lat="25.226952033117414" lon="121.549204001203179">
        <ele>476.100000000000023</ele>
        <time>2025-06-16T06:07:44Z</time>
      </trkpt>
      <trkpt lat="25.226858993992209" lon="121.549332998692989">
        <ele>475.5</ele>
        <time>2025-06-16T06:07:55Z</time>
      </trkpt>
      <trkpt lat="25.226894030347466" lon="121.549235014244914">
        <ele>476.699999999999989</ele>
        <time>2025-06-16T06:08:06Z</time>
      </trkpt>
      <trkpt lat="25.226970976218581" lon="121.54918204061687">
        <ele>475.399999999999977</ele>
        <time>2025-06-16T06:08:16Z</time>
      </trkpt>
      <trkpt lat="25.226947003975511" lon="121.549202995374799">
        <ele>474.699999999999989</ele>
        <time>2025-06-16T06:08:27Z</time>
      </trkpt>
      <trkpt lat="25.226979022845626" lon="121.549129988998175">
        <ele>474.600000000000023</ele>
        <time>2025-06-16T06:08:38Z</time>
      </trkpt>
      <trkpt lat="25.226971982046962" lon="121.549080032855272">
        <ele>472.5</ele>
        <time>2025-06-16T06:08:49Z</time>
      </trkpt>
      <trkpt lat="25.226996960118413" lon="121.549113979563117">
        <ele>472.5</ele>
        <time>2025-06-16T06:09:00Z</time>
      </trkpt>
      <trkpt lat="25.226994026452303" lon="121.549156978726387">
        <ele>475.100000000000023</ele>
        <time>2025-06-16T06:09:10Z</time>
      </trkpt>
      <trkpt lat="25.226961001753807" lon="121.549144992604852">
        <ele>472.699999999999989</ele>
        <time>2025-06-16T06:09:21Z</time>
      </trkpt>
      <trkpt lat="25.226958990097046" lon="121.549123032018542">
        <ele>476.800000000000011</ele>
        <time>2025-06-16T06:09:32Z</time>
      </trkpt>
      <trkpt lat="25.226974999532104" lon="121.549170976504683">
        <ele>473.300000000000011</ele>
        <time>2025-06-16T06:09:43Z</time>
      </trkpt>
      <trkpt lat="25.226994026452303" lon="121.549110040068626">
        <ele>469.300000000000011</ele>
        <time>2025-06-16T06:09:54Z</time>
      </trkpt>
      <trkpt lat="25.226997965946794" lon="121.549087995663285">
        <ele>470</ele>
        <time>2025-06-16T06:10:05Z</time>
      </trkpt>
      <trkpt lat="25.226982040330768" lon="121.549082966521382">
        <ele>470.399999999999977</ele>
        <time>2025-06-16T06:10:24Z</time>
      </trkpt>
      <trkpt lat="25.22696896456182" lon="121.549090007320046">
        <ele>470.899999999999977</ele>
        <time>2025-06-16T06:10:35Z</time>
      </trkpt>
      <trkpt lat="25.226991008967161" lon="121.549153961241245">
        <ele>470.800000000000011</ele>
        <time>2025-06-16T06:10:46Z</time>
      </trkpt>
      <trkpt lat="25.227004000917077" lon="121.549210958182812">
        <ele>472.300000000000011</ele>
        <time>2025-06-16T06:10:57Z</time>
      </trkpt>
      <trkpt lat="25.22701196372509" lon="121.549125965684652">
        <ele>472.300000000000011</ele>
        <time>2025-06-16T06:11:08Z</time>
      </trkpt>
      <trkpt lat="25.227022022008896" lon="121.549096964299679">
        <ele>472.100000000000023</ele>
        <time>2025-06-16T06:11:41Z</time>
      </trkpt>
      <trkpt lat="25.227007018402219" lon="121.549101993441582">
        <ele>472</ele>
        <time>2025-06-16T06:11:52Z</time>
      </trkpt>
      <trkpt lat="25.227027973160148" lon="121.549111967906356">
        <ele>472.699999999999989</ele>
        <time>2025-06-16T06:12:04Z</time>
      </trkpt>
      <trkpt lat="25.227025039494038" lon="121.549140969291329">
        <ele>472.399999999999977</ele>
        <time>2025-06-16T06:12:15Z</time>
      </trkpt>
      <trkpt lat="25.226981034502387" lon="121.549190003424883">
        <ele>473</ele>
        <time>2025-06-16T06:12:26Z</time>
      </trkpt>
      <trkpt lat="25.226967958733439" lon="121.54920500703156">
        <ele>473.800000000000011</ele>
        <time>2025-06-16T06:12:37Z</time>
      </trkpt>
      <trkpt lat="25.226987991482019" lon="121.54926803894341">
        <ele>475.199999999999989</ele>
        <time>2025-06-16T06:12:48Z</time>
      </trkpt>
      <trkpt lat="25.227008024230599" lon="121.549262003973126">
        <ele>475.600000000000023</ele>
        <time>2025-06-16T06:13:01Z</time>
      </trkpt>
      <trkpt lat="25.226939041167498" lon="121.549336016178131">
        <ele>476.600000000000023</ele>
        <time>2025-06-16T06:13:12Z</time>
      </trkpt>
      <trkpt lat="25.226873997598886" lon="121.54944104142487">
        <ele>479.199999999999989</ele>
        <time>2025-06-16T06:13:22Z</time>
      </trkpt>
      <trkpt lat="25.226783975958824" lon="121.549374992027879">
        <ele>472.899999999999977</ele>
        <time>2025-06-16T06:13:33Z</time>
      </trkpt>
      <trkpt lat="25.226815994828939" lon="121.549398964270949">
        <ele>474.300000000000011</ele>
        <time>2025-06-16T06:13:44Z</time>
      </trkpt>
      <trkpt lat="25.226873997598886" lon="121.549394018948078">
        <ele>477.199999999999989</ele>
        <time>2025-06-16T06:13:55Z</time>
      </trkpt>
      <trkpt lat="25.226910961791873" lon="121.549454033374786">
        <ele>478.100000000000023</ele>
        <time>2025-06-16T06:14:06Z</time>
      </trkpt>
      <trkpt lat="25.226895958185196" lon="121.549352025613189">
        <ele>479</ele>
        <time>2025-06-16T06:14:17Z</time>
      </trkpt>
      <trkpt lat="25.226843990385532" lon="121.549322018399835">
        <ele>478.399999999999977</ele>
        <time>2025-06-16T06:14:28Z</time>
      </trkpt>
      <trkpt lat="25.226863017305732" lon="121.549340039491653">
        <ele>478.199999999999989</ele>
        <time>2025-06-16T06:14:39Z</time>
      </trkpt>
      <trkpt lat="25.226892018690705" lon="121.549364011734724">
        <ele>478</ele>
        <time>2025-06-16T06:14:50Z</time>
      </trkpt>
      <trkpt lat="25.226867040619254" lon="121.549378009513021">
        <ele>480.100000000000023</ele>
        <time>2025-06-16T06:15:21Z</time>
      </trkpt>
      <trkpt lat="25.226883972063661" lon="121.549368035048246">
        <ele>480.899999999999977</ele>
        <time>2025-06-16T06:15:31Z</time>
      </trkpt>
      <trkpt lat="25.226943986490369" lon="121.549273990094662">
        <ele>480.399999999999977</ele>
        <time>2025-06-16T06:15:42Z</time>
      </trkpt>
      <trkpt lat="25.226890007033944" lon="121.549213975667953">
        <ele>479.699999999999989</ele>
        <time>2025-06-16T06:15:53Z</time>
      </trkpt>
      <trkpt lat="25.226861005648971" lon="121.549202995374799">
        <ele>479.5</ele>
        <time>2025-06-16T06:16:04Z</time>
      </trkpt>
      <trkpt lat="25.226850025355816" lon="121.549193020910025">
        <ele>479.600000000000023</ele>
        <time>2025-06-16T06:16:15Z</time>
      </trkpt>
      <trkpt lat="25.226870980113745" lon="121.549185980111361">
        <ele>479.5</ele>
        <time>2025-06-16T06:16:27Z</time>
      </trkpt>
      <trkpt lat="25.226911967620254" lon="121.549343978986144">
        <ele>478.399999999999977</ele>
        <time>2025-06-16T06:16:38Z</time>
      </trkpt>
      <trkpt lat="25.226904004812241" lon="121.549338027834892">
        <ele>480</ele>
        <time>2025-06-16T06:16:51Z</time>
      </trkpt>
      <trkpt lat="25.22690299898386" lon="121.549359988421202">
        <ele>480.800000000000011</ele>
        <time>2025-06-16T06:17:07Z</time>
      </trkpt>
      <trkpt lat="25.226889001205564" lon="121.549380021169782">
        <ele>480</ele>
        <time>2025-06-16T06:17:18Z</time>
      </trkpt>
      <trkpt lat="25.226863017305732" lon="121.549367029219866">
        <ele>480</ele>
        <time>2025-06-16T06:17:28Z</time>
      </trkpt>
      <trkpt lat="25.226911967620254" lon="121.549402987584472">
        <ele>480</ele>
        <time>2025-06-16T06:17:39Z</time>
      </trkpt>
      <trkpt lat="25.226898975670338" lon="121.549408016726375">
        <ele>480.800000000000011</ele>
        <time>2025-06-16T06:17:50Z</time>
      </trkpt>
      <trkpt lat="25.226838961243629" lon="121.54935697093606">
        <ele>481.5</ele>
        <time>2025-06-16T06:18:04Z</time>
      </trkpt>
      <trkpt lat="25.226810965687037" lon="121.549324030056596">
        <ele>481.800000000000011</ele>
        <time>2025-06-16T06:18:15Z</time>
      </trkpt>
      <trkpt lat="25.226841978728771" lon="121.549398964270949">
        <ele>481.800000000000011</ele>
        <time>2025-06-16T06:18:26Z</time>
      </trkpt>
      <trkpt lat="25.226840972900391" lon="121.549439029768109">
        <ele>481.800000000000011</ele>
        <time>2025-06-16T06:18:37Z</time>
      </trkpt>
      <trkpt lat="25.226863017305732" lon="121.549406005069613">
        <ele>480.199999999999989</ele>
        <time>2025-06-16T06:18:48Z</time>
      </trkpt>
      <trkpt lat="25.226830998435616" lon="121.549388989806175">
        <ele>477.5</ele>
        <time>2025-06-16T06:18:59Z</time>
      </trkpt>
      <trkpt lat="25.226798979565501" lon="121.549418997019529">
        <ele>480.399999999999977</ele>
        <time>2025-06-16T06:19:10Z</time>
      </trkpt>
      <trkpt lat="25.226863017305732" lon="121.549378009513021">
        <ele>480.600000000000023</ele>
        <time>2025-06-16T06:19:21Z</time>
      </trkpt>
      <trkpt lat="25.22688003256917" lon="121.549393013119698">
        <ele>481.300000000000011</ele>
        <time>2025-06-16T06:19:31Z</time>
      </trkpt>
      <trkpt lat="25.226838039234281" lon="121.549408016726375">
        <ele>481.300000000000011</ele>
        <time>2025-06-16T06:19:42Z</time>
      </trkpt>
      <trkpt lat="25.226852037012577" lon="121.549327969551086">
        <ele>481.899999999999977</ele>
        <time>2025-06-16T06:19:53Z</time>
      </trkpt>
      <trkpt lat="25.226855976507068" lon="121.549259992316365">
        <ele>481.5</ele>
        <time>2025-06-16T06:20:04Z</time>
      </trkpt>
      <trkpt lat="25.226840972900391" lon="121.549310032278299">
        <ele>481.600000000000023</ele>
        <time>2025-06-16T06:20:15Z</time>
      </trkpt>
      <trkpt lat="25.226825969293714" lon="121.549317995086312">
        <ele>480.800000000000011</ele>
        <time>2025-06-16T06:20:26Z</time>
      </trkpt>
      <trkpt lat="25.22688296623528" lon="121.549380021169782">
        <ele>479.899999999999977</ele>
        <time>2025-06-16T06:20:37Z</time>
      </trkpt>
      <trkpt lat="25.226897969841957" lon="121.549385972321033">
        <ele>474.5</ele>
        <time>2025-06-16T06:20:48Z</time>
      </trkpt>
      <trkpt lat="25.226941974833608" lon="121.549383960664272">
        <ele>477.699999999999989</ele>
        <time>2025-06-16T06:20:59Z</time>
      </trkpt>
      <trkpt lat="25.226901993155479" lon="121.549340039491653">
        <ele>478.699999999999989</ele>
        <time>2025-06-16T06:21:10Z</time>
      </trkpt>
      <trkpt lat="25.226906016469002" lon="121.549326963722706">
        <ele>480</ele>
        <time>2025-06-16T06:21:30Z</time>
      </trkpt>
      <trkpt lat="25.226911967620254" lon="121.549306008964777">
        <ele>479.5</ele>
        <time>2025-06-16T06:21:41Z</time>
      </trkpt>
      <trkpt lat="25.226871985942125" lon="121.549310032278299">
        <ele>480</ele>
        <time>2025-06-16T06:21:52Z</time>
      </trkpt>
      <trkpt lat="25.226854970678687" lon="121.549308020621538">
        <ele>480.199999999999989</ele>
        <time>2025-06-16T06:22:03Z</time>
      </trkpt>
      <trkpt lat="25.226854970678687" lon="121.549326041713357">
        <ele>480.5</ele>
        <time>2025-06-16T06:22:14Z</time>
      </trkpt>
      <trkpt lat="25.226787999272346" lon="121.549369040876627">
        <ele>478.899999999999977</ele>
        <time>2025-06-16T06:22:25Z</time>
      </trkpt>
      <trkpt lat="25.226809959858656" lon="121.549424026161432">
        <ele>479.100000000000023</ele>
        <time>2025-06-16T06:22:36Z</time>
      </trkpt>
      <trkpt lat="25.226829992607236" lon="121.549415979534388">
        <ele>480.399999999999977</ele>
        <time>2025-06-16T06:22:47Z</time>
      </trkpt>
      <trkpt lat="25.226848013699055" lon="121.549441963434219">
        <ele>482.600000000000023</ele>
        <time>2025-06-16T06:22:57Z</time>
      </trkpt>
      <trkpt lat="25.226842984557152" lon="121.549510024487972">
        <ele>482.300000000000011</ele>
        <time>2025-06-16T06:23:08Z</time>
      </trkpt>
      <trkpt lat="25.226855976507068" lon="121.549507007002831">
        <ele>481.5</ele>
        <time>2025-06-16T06:23:19Z</time>
      </trkpt>
      <trkpt lat="25.226906016469002" lon="121.549539025872946">
        <ele>480.199999999999989</ele>
        <time>2025-06-16T06:23:30Z</time>
      </trkpt>
      <trkpt lat="25.226878020912409" lon="121.549518993124366">
        <ele>480.600000000000023</ele>
        <time>2025-06-16T06:23:40Z</time>
      </trkpt>
      <trkpt lat="25.226826975122094" lon="121.549554029479623">
        <ele>480.899999999999977</ele>
        <time>2025-06-16T06:23:51Z</time>
      </trkpt>
      <trkpt lat="25.226823035627604" lon="121.549579007551074">
        <ele>479.600000000000023</ele>
        <time>2025-06-16T06:24:02Z</time>
      </trkpt>
      <trkpt lat="25.226884977892041" lon="121.549583030864596">
        <ele>479.199999999999989</ele>
        <time>2025-06-16T06:24:13Z</time>
      </trkpt>
      <trkpt lat="25.226871985942125" lon="121.549609014764428">
        <ele>479.800000000000011</ele>
        <time>2025-06-16T06:24:24Z</time>
      </trkpt>
      <trkpt lat="25.226867040619254" lon="121.549626030027866">
        <ele>480.5</ele>
        <time>2025-06-16T06:24:35Z</time>
      </trkpt>
      <trkpt lat="25.226843990385532" lon="121.549638016149402">
        <ele>481.100000000000023</ele>
        <time>2025-06-16T06:24:46Z</time>
      </trkpt>
      <trkpt lat="25.226906016469002" lon="121.549626030027866">
        <ele>479.800000000000011</ele>
        <time>2025-06-16T06:24:57Z</time>
      </trkpt>
      <trkpt lat="25.226836027577519" lon="121.549658970907331">
        <ele>479.100000000000023</ele>
        <time>2025-06-16T06:25:08Z</time>
      </trkpt>
      <trkpt lat="25.226832004263997" lon="121.549688978120685">
        <ele>478.300000000000011</ele>
        <time>2025-06-16T06:25:19Z</time>
      </trkpt>
      <trkpt lat="25.226820018142462" lon="121.549685960635543">
        <ele>481</ele>
        <time>2025-06-16T06:25:30Z</time>
      </trkpt>
      <trkpt lat="25.226862011477351" lon="121.549690989777446">
        <ele>484.5</ele>
        <time>2025-06-16T06:25:43Z</time>
      </trkpt>
      <trkpt lat="25.226808032020926" lon="121.549761984497309">
        <ele>484.5</ele>
        <time>2025-06-16T06:25:53Z</time>
      </trkpt>
      <trkpt lat="25.226765032857656" lon="121.54984999448061">
        <ele>485.199999999999989</ele>
        <time>2025-06-16T06:26:04Z</time>
      </trkpt>
      <trkpt lat="25.22675396874547" lon="121.549881007522345">
        <ele>487.199999999999989</ele>
        <time>2025-06-16T06:26:16Z</time>
      </trkpt>
      <trkpt lat="25.226762015372515" lon="121.549918977543712">
        <ele>488.399999999999977</ele>
        <time>2025-06-16T06:26:27Z</time>
      </trkpt>
      <trkpt lat="25.22670803591609" lon="121.549897016957402">
        <ele>489.300000000000011</ele>
        <time>2025-06-16T06:26:38Z</time>
      </trkpt>
      <trkpt lat="25.226669982075691" lon="121.549900034442544">
        <ele>488.100000000000023</ele>
        <time>2025-06-16T06:26:49Z</time>
      </trkpt>
      <trkpt lat="25.226635029539466" lon="121.549889976158738">
        <ele>486.899999999999977</ele>
        <time>2025-06-16T06:27:00Z</time>
      </trkpt>
      <trkpt lat="25.226611979305744" lon="121.549897016957402">
        <ele>485.600000000000023</ele>
        <time>2025-06-16T06:27:11Z</time>
      </trkpt>
      <trkpt lat="25.226622959598899" lon="121.549863992258906">
        <ele>482.800000000000011</ele>
        <time>2025-06-16T06:27:22Z</time>
      </trkpt>
      <trkpt lat="25.226613990962505" lon="121.549915038049221">
        <ele>483.5</ele>
        <time>2025-06-16T06:27:33Z</time>
      </trkpt>
      <trkpt lat="25.226670987904072" lon="121.549975974485278">
        <ele>484.5</ele>
        <time>2025-06-16T06:27:44Z</time>
      </trkpt>
      <trkpt lat="25.226594964042306" lon="121.549986032769084">
        <ele>480.300000000000011</ele>
        <time>2025-06-16T06:27:54Z</time>
      </trkpt>
      <trkpt lat="25.226515000686049" lon="121.55000003054738">
        <ele>486.199999999999989</ele>
        <time>2025-06-16T06:28:05Z</time>
      </trkpt>
      <trkpt lat="25.226527992635965" lon="121.550039006397128">
        <ele>487.100000000000023</ele>
        <time>2025-06-16T06:28:16Z</time>
      </trkpt>
      <trkpt lat="25.226489016786218" lon="121.550015034154058">
        <ele>486.300000000000011</ele>
        <time>2025-06-16T06:28:27Z</time>
      </trkpt>
      <trkpt lat="25.226472001522779" lon="121.550060966983438">
        <ele>487.100000000000023</ele>
        <time>2025-06-16T06:28:38Z</time>
      </trkpt>
      <trkpt lat="25.226498991250992" lon="121.550016961991787">
        <ele>486.100000000000023</ele>
        <time>2025-06-16T06:28:49Z</time>
      </trkpt>
      <trkpt lat="25.226441994309425" lon="121.550014028325677">
        <ele>490.399999999999977</ele>
        <time>2025-06-16T06:29:01Z</time>
      </trkpt>
      <trkpt lat="25.226421961560845" lon="121.550012016668916">
        <ele>489.5</ele>
        <time>2025-06-16T06:29:12Z</time>
      </trkpt>
      <trkpt lat="25.226459009572864" lon="121.550018973648548">
        <ele>489.199999999999989</ele>
        <time>2025-06-16T06:29:23Z</time>
      </trkpt>
      <trkpt lat="25.226431014016271" lon="121.550030037760735">
        <ele>489.399999999999977</ele>
        <time>2025-06-16T06:29:34Z</time>
      </trkpt>
      <trkpt lat="25.226426990702748" lon="121.550019979476929">
        <ele>490.100000000000023</ele>
        <time>2025-06-16T06:29:45Z</time>
      </trkpt>
      <trkpt lat="25.22645004093647" lon="121.55000195838511">
        <ele>490</ele>
        <time>2025-06-16T06:29:56Z</time>
      </trkpt>
      <trkpt lat="25.226422967389226" lon="121.549973040819168">
        <ele>489.600000000000023</ele>
        <time>2025-06-16T06:30:06Z</time>
      </trkpt>
      <trkpt lat="25.226420033723116" lon="121.549945967271924">
        <ele>489.399999999999977</ele>
        <time>2025-06-16T06:30:17Z</time>
      </trkpt>
      <trkpt lat="25.226455992087722" lon="121.549940016120672">
        <ele>489</ele>
        <time>2025-06-16T06:30:28Z</time>
      </trkpt>
      <trkpt lat="25.226447023451328" lon="121.550011010840535">
        <ele>489.100000000000023</ele>
        <time>2025-06-16T06:30:39Z</time>
      </trkpt>
      <trkpt lat="25.226498991250992" lon="121.549911014735699">
        <ele>490</ele>
        <time>2025-06-16T06:30:50Z</time>
      </trkpt>
      <trkpt lat="25.22645004093647" lon="121.54991596005857">
        <ele>489.199999999999989</ele>
        <time>2025-06-16T06:31:01Z</time>
      </trkpt>
      <trkpt lat="25.226459009572864" lon="121.549930041655898">
        <ele>488.800000000000011</ele>
        <time>2025-06-16T06:31:12Z</time>
      </trkpt>
      <trkpt lat="25.22645297460258" lon="121.54991696588695">
        <ele>488.100000000000023</ele>
        <time>2025-06-16T06:31:23Z</time>
      </trkpt>
      <trkpt lat="25.226466972380877" lon="121.549930963665247">
        <ele>488.600000000000023</ele>
        <time>2025-06-16T06:31:34Z</time>
      </trkpt>
      <trkpt lat="25.226433025673032" lon="121.549929035827518">
        <ele>489.100000000000023</ele>
        <time>2025-06-16T06:31:47Z</time>
      </trkpt>
      <trkpt lat="25.226470995694399" lon="121.549930041655898">
        <ele>487.800000000000011</ele>
        <time>2025-06-16T06:31:57Z</time>
      </trkpt>
      <trkpt lat="25.226496979594231" lon="121.549933981150389">
        <ele>487</ele>
        <time>2025-06-16T06:32:08Z</time>
      </trkpt>
      <trkpt lat="25.226505026221275" lon="121.549927024170756">
        <ele>487.199999999999989</ele>
        <time>2025-06-16T06:32:19Z</time>
      </trkpt>
      <trkpt lat="25.226465966552496" lon="121.549896011129022">
        <ele>487.300000000000011</ele>
        <time>2025-06-16T06:32:30Z</time>
      </trkpt>
      <trkpt lat="25.226466972380877" lon="121.549930963665247">
        <ele>487.300000000000011</ele>
        <time>2025-06-16T06:32:41Z</time>
      </trkpt>
      <trkpt lat="25.226436965167522" lon="121.549885030835867">
        <ele>488</ele>
        <time>2025-06-16T06:32:52Z</time>
      </trkpt>
      <trkpt lat="25.226440988481045" lon="121.549868015572429">
        <ele>487.399999999999977</ele>
        <time>2025-06-16T06:33:03Z</time>
      </trkpt>
      <trkpt lat="25.226461021229625" lon="121.549884025007486">
        <ele>488.600000000000023</ele>
        <time>2025-06-16T06:33:14Z</time>
      </trkpt>
      <trkpt lat="25.226475019007921" lon="121.54991596005857">
        <ele>488.300000000000011</ele>
        <time>2025-06-16T06:33:26Z</time>
      </trkpt>
      <trkpt lat="25.226453980430961" lon="121.549883019179106">
        <ele>489.199999999999989</ele>
        <time>2025-06-16T06:33:37Z</time>
      </trkpt>
      <trkpt lat="25.226467978209257" lon="121.549895005300641">
        <ele>486.399999999999977</ele>
        <time>2025-06-16T06:33:48Z</time>
      </trkpt>
      <trkpt lat="25.226472001522779" lon="121.549886036664248">
        <ele>487.699999999999989</ele>
        <time>2025-06-16T06:34:07Z</time>
      </trkpt>
      <trkpt lat="25.226437970995903" lon="121.549861980602145">
        <ele>487.100000000000023</ele>
        <time>2025-06-16T06:34:18Z</time>
      </trkpt>
      <trkpt lat="25.226433025673032" lon="121.5498729608953">
        <ele>487.600000000000023</ele>
        <time>2025-06-16T06:34:29Z</time>
      </trkpt>
      <trkpt lat="25.226420033723116" lon="121.549862986430526">
        <ele>487.899999999999977</ele>
        <time>2025-06-16T06:34:40Z</time>
      </trkpt>
      <trkpt lat="25.226431014016271" lon="121.549856029450893">
        <ele>486.399999999999977</ele>
        <time>2025-06-16T06:34:51Z</time>
      </trkpt>
      <trkpt lat="25.226410981267691" lon="121.549872038885951">
        <ele>485.600000000000023</ele>
        <time>2025-06-16T06:35:02Z</time>
      </trkpt>
      <trkpt lat="25.226422967389226" lon="121.5498729608953">
        <ele>486.800000000000011</ele>
        <time>2025-06-16T06:35:13Z</time>
      </trkpt>
      <trkpt lat="25.226418022066355" lon="121.549862986430526">
        <ele>486.699999999999989</ele>
        <time>2025-06-16T06:35:25Z</time>
      </trkpt>
      <trkpt lat="25.226432019844651" lon="121.549888970330358">
        <ele>487.300000000000011</ele>
        <time>2025-06-16T06:35:36Z</time>
      </trkpt>
      <trkpt lat="25.226435959339142" lon="121.549858041107655">
        <ele>486.199999999999989</ele>
        <time>2025-06-16T06:35:47Z</time>
      </trkpt>
      <trkpt lat="25.226491028442979" lon="121.549861980602145">
        <ele>485.600000000000023</ele>
        <time>2025-06-16T06:35:58Z</time>
      </trkpt>
      <trkpt lat="25.226502008736134" lon="121.549845971167088">
        <ele>484.399999999999977</ele>
        <time>2025-06-16T06:36:09Z</time>
      </trkpt>
      <trkpt lat="25.226497985422611" lon="121.54982996173203">
        <ele>484.199999999999989</ele>
        <time>2025-06-16T06:36:19Z</time>
      </trkpt>
      <trkpt lat="25.22645297460258" lon="121.54978402890265">
        <ele>484.899999999999977</ele>
        <time>2025-06-16T06:36:30Z</time>
      </trkpt>
      <trkpt lat="25.226493962109089" lon="121.549783023074269">
        <ele>482.600000000000023</ele>
        <time>2025-06-16T06:36:41Z</time>
      </trkpt>
      <trkpt lat="25.226497985422611" lon="121.549817975610495">
        <ele>482.800000000000011</ele>
        <time>2025-06-16T06:36:52Z</time>
      </trkpt>
      <trkpt lat="25.226503014564514" lon="121.549810012802482">
        <ele>483.899999999999977</ele>
        <time>2025-06-16T06:37:06Z</time>
      </trkpt>
      <trkpt lat="25.226487005129457" lon="121.549824010580778">
        <ele>485.199999999999989</ele>
        <time>2025-06-16T06:37:17Z</time>
      </trkpt>
      <trkpt lat="25.226496979594231" lon="121.549814958125353">
        <ele>483.899999999999977</ele>
        <time>2025-06-16T06:37:28Z</time>
      </trkpt>
      <trkpt lat="25.226508965715766" lon="121.549820993095636">
        <ele>482.100000000000023</ele>
        <time>2025-06-16T06:37:39Z</time>
      </trkpt>
      <trkpt lat="25.226450962945819" lon="121.549868015572429">
        <ele>480.5</ele>
        <time>2025-06-16T06:37:50Z</time>
      </trkpt>
      <trkpt lat="25.226398995146155" lon="121.549839014187455">
        <ele>482.800000000000011</ele>
        <time>2025-06-16T06:38:01Z</time>
      </trkpt>
      <trkpt lat="25.226393966004252" lon="121.54987103305757">
        <ele>482.899999999999977</ele>
        <time>2025-06-16T06:38:11Z</time>
      </trkpt>
      <trkpt lat="25.226345015689731" lon="121.549854017794132">
        <ele>485.300000000000011</ele>
        <time>2025-06-16T06:38:22Z</time>
      </trkpt>
      <trkpt lat="25.226286007091403" lon="121.549846976995468">
        <ele>486.600000000000023</ele>
        <time>2025-06-16T06:38:33Z</time>
      </trkpt>
      <trkpt lat="25.226257005706429" lon="121.549872038885951">
        <ele>487.899999999999977</ele>
        <time>2025-06-16T06:38:44Z</time>
      </trkpt>
      <trkpt lat="25.226298999041319" lon="121.549887964501977">
        <ele>487.600000000000023</ele>
        <time>2025-06-16T06:38:55Z</time>
      </trkpt>
      <trkpt lat="25.226269997656345" lon="121.549917971715331">
        <ele>488.899999999999977</ele>
        <time>2025-06-16T06:39:06Z</time>
      </trkpt>
      <trkpt lat="25.226260023191571" lon="121.549942027777433">
        <ele>490.899999999999977</ele>
        <time>2025-06-16T06:39:17Z</time>
      </trkpt>
      <trkpt lat="25.226225992664695" lon="121.549906991422176">
        <ele>489.100000000000023</ele>
        <time>2025-06-16T06:39:28Z</time>
      </trkpt>
      <trkpt lat="25.226170001551509" lon="121.549924006685615">
        <ele>490.899999999999977</ele>
        <time>2025-06-16T06:39:39Z</time>
      </trkpt>
      <trkpt lat="25.226162960752845" lon="121.549933981150389">
        <ele>490.600000000000023</ele>
        <time>2025-06-16T06:39:49Z</time>
      </trkpt>
      <trkpt lat="25.226132031530142" lon="121.549924006685615">
        <ele>488.300000000000011</ele>
        <time>2025-06-16T06:40:00Z</time>
      </trkpt>
      <trkpt lat="25.226089032366872" lon="121.549940016120672">
        <ele>491.399999999999977</ele>
        <time>2025-06-16T06:40:11Z</time>
      </trkpt>
      <trkpt lat="25.226071011275053" lon="121.549912020564079">
        <ele>493.300000000000011</ele>
        <time>2025-06-16T06:40:22Z</time>
      </trkpt>
      <trkpt lat="25.226038992404938" lon="121.549919983372092">
        <ele>495.100000000000023</ele>
        <time>2025-06-16T06:40:32Z</time>
      </trkpt>
      <trkpt lat="25.225973026826978" lon="121.549977986142039">
        <ele>497.5</ele>
        <time>2025-06-16T06:40:43Z</time>
      </trkpt>
      <trkpt lat="25.225915024057031" lon="121.549955019727349">
        <ele>498.100000000000023</ele>
        <time>2025-06-16T06:40:54Z</time>
      </trkpt>
      <trkpt lat="25.225859032943845" lon="121.549941021949053">
        <ele>498.199999999999989</ele>
        <time>2025-06-16T06:41:05Z</time>
      </trkpt>
      <trkpt lat="25.225801030173898" lon="121.549925012513995">
        <ele>499.800000000000011</ele>
        <time>2025-06-16T06:41:16Z</time>
      </trkpt>
      <trkpt lat="25.225791977718472" lon="121.549912020564079">
        <ele>503</ele>
        <time>2025-06-16T06:41:27Z</time>
      </trkpt>
      <trkpt lat="25.225786026567221" lon="121.549888970330358">
        <ele>505.600000000000023</ele>
        <time>2025-06-16T06:41:38Z</time>
      </trkpt>
      <trkpt lat="25.225847968831658" lon="121.549847982823849">
        <ele>503.899999999999977</ele>
        <time>2025-06-16T06:41:49Z</time>
      </trkpt>
      <trkpt lat="25.225934972986579" lon="121.549810012802482">
        <ele>504.5</ele>
        <time>2025-06-16T06:42:00Z</time>
      </trkpt>
      <trkpt lat="25.225994987413287" lon="121.549771036952734">
        <ele>503.899999999999977</ele>
        <time>2025-06-16T06:42:11Z</time>
      </trkpt>
      <trkpt lat="25.226055001839995" lon="121.549744969233871">
        <ele>503.899999999999977</ele>
        <time>2025-06-16T06:42:22Z</time>
      </trkpt>
      <trkpt lat="25.226127002388239" lon="121.549680009484291">
        <ele>503.600000000000023</ele>
        <time>2025-06-16T06:42:32Z</time>
      </trkpt>
      <trkpt lat="25.226177964359522" lon="121.54959300532937">
        <ele>504.699999999999989</ele>
        <time>2025-06-16T06:42:43Z</time>
      </trkpt>
      <trkpt lat="25.226210989058018" lon="121.54952603392303">
        <ele>504.100000000000023</ele>
        <time>2025-06-16T06:42:54Z</time>
      </trkpt>
      <trkpt lat="25.226253988221288" lon="121.549460990354419">
        <ele>505.600000000000023</ele>
        <time>2025-06-16T06:43:05Z</time>
      </trkpt>
      <trkpt lat="25.226239990442991" lon="121.549422014504671">
        <ele>507.699999999999989</ele>
        <time>2025-06-16T06:43:16Z</time>
      </trkpt>
      <trkpt lat="25.226174024865031" lon="121.549417991191149">
        <ele>510.100000000000023</ele>
        <time>2025-06-16T06:43:27Z</time>
      </trkpt>
      <trkpt lat="25.226117027923465" lon="121.549451015889645">
        <ele>512.399999999999977</ele>
        <time>2025-06-16T06:43:38Z</time>
      </trkpt>
      <trkpt lat="25.226093977689743" lon="121.549475993961096">
        <ele>513.299999999999955</ele>
        <time>2025-06-16T06:43:49Z</time>
      </trkpt>
      <trkpt lat="25.22606497630477" lon="121.549489991739392">
        <ele>515.600000000000023</ele>
        <time>2025-06-16T06:43:59Z</time>
      </trkpt>
      <trkpt lat="25.22606497630477" lon="121.549500972032547">
        <ele>516</ele>
        <time>2025-06-16T06:44:12Z</time>
      </trkpt>
      <trkpt lat="25.226047961041331" lon="121.549482028931379">
        <ele>514.600000000000023</ele>
        <time>2025-06-16T06:44:23Z</time>
      </trkpt>
      <trkpt lat="25.226026000455022" lon="121.549494015052915">
        <ele>515.399999999999977</ele>
        <time>2025-06-16T06:44:33Z</time>
      </trkpt>
      <trkpt lat="25.225976966321468" lon="121.549536008387804">
        <ele>517.200000000000045</ele>
        <time>2025-06-16T06:44:44Z</time>
      </trkpt>
      <trkpt lat="25.225908989086747" lon="121.549546988680959">
        <ele>519.399999999999977</ele>
        <time>2025-06-16T06:44:55Z</time>
      </trkpt>
      <trkpt lat="25.225881999358535" lon="121.549518993124366">
        <ele>522</ele>
        <time>2025-06-16T06:45:06Z</time>
      </trkpt>
      <trkpt lat="25.225811004638672" lon="121.549523016437888">
        <ele>524.700000000000045</ele>
        <time>2025-06-16T06:45:17Z</time>
      </trkpt>
      <trkpt lat="25.225732969120145" lon="121.54952603392303">
        <ele>526</ele>
        <time>2025-06-16T06:45:28Z</time>
      </trkpt>
      <trkpt lat="25.225673038512468" lon="121.549510024487972">
        <ele>526</ele>
        <time>2025-06-16T06:45:39Z</time>
      </trkpt>
      <trkpt lat="25.225643031299114" lon="121.549502983689308">
        <ele>527.100000000000023</ele>
        <time>2025-06-16T06:45:50Z</time>
      </trkpt>
      <trkpt lat="25.225542029365897" lon="121.549501977860928">
        <ele>529.100000000000023</ele>
        <time>2025-06-16T06:46:01Z</time>
      </trkpt>
      <trkpt lat="25.225478997454047" lon="121.549480017274618">
        <ele>530.799999999999955</ele>
        <time>2025-06-16T06:46:12Z</time>
      </trkpt>
      <trkpt lat="25.225425017997622" lon="121.549494015052915">
        <ele>532.100000000000023</ele>
        <time>2025-06-16T06:46:23Z</time>
      </trkpt>
      <trkpt lat="25.225349999964237" lon="121.549498038366437">
        <ele>534.100000000000023</ele>
        <time>2025-06-16T06:46:34Z</time>
      </trkpt>
      <trkpt lat="25.225303983315825" lon="121.549481023102999">
        <ele>535.5</ele>
        <time>2025-06-16T06:46:45Z</time>
      </trkpt>
      <trkpt lat="25.225244974717498" lon="121.549471970647573">
        <ele>537.100000000000023</ele>
        <time>2025-06-16T06:46:55Z</time>
      </trkpt>
      <trkpt lat="25.225169034674764" lon="121.549460990354419">
        <ele>537.100000000000023</ele>
        <time>2025-06-16T06:47:06Z</time>
      </trkpt>
      <trkpt lat="25.225114971399307" lon="121.549476999789476">
        <ele>537.899999999999977</ele>
        <time>2025-06-16T06:47:17Z</time>
      </trkpt>
      <trkpt lat="25.22505696862936" lon="121.549507007002831">
        <ele>540.200000000000045</ele>
        <time>2025-06-16T06:47:28Z</time>
      </trkpt>
      <trkpt lat="25.224988991394639" lon="121.549490997567773">
        <ele>538.799999999999955</ele>
        <time>2025-06-16T06:47:39Z</time>
      </trkpt>
      <trkpt lat="25.224978011101484" lon="121.54948303475976">
        <ele>539.799999999999955</ele>
        <time>2025-06-16T06:47:50Z</time>
      </trkpt>
      <trkpt lat="25.224963007494807" lon="121.549482028931379">
        <ele>539.399999999999977</ele>
        <time>2025-06-16T06:48:01Z</time>
      </trkpt>
      <trkpt lat="25.22497097030282" lon="121.549497032538056">
        <ele>539.299999999999955</ele>
        <time>2025-06-16T06:48:14Z</time>
      </trkpt>
      <trkpt lat="25.224972981959581" lon="121.549479011446238">
        <ele>538.799999999999955</ele>
        <time>2025-06-16T06:48:25Z</time>
      </trkpt>
      <trkpt lat="25.22490399889648" lon="121.549497032538056">
        <ele>540.100000000000023</ele>
        <time>2025-06-16T06:48:36Z</time>
      </trkpt>
      <trkpt lat="25.224866028875113" lon="121.549459984526038">
        <ele>540</ele>
        <time>2025-06-16T06:48:46Z</time>
      </trkpt>
      <trkpt lat="25.224813977256417" lon="121.549427965655923">
        <ele>540.299999999999955</ele>
        <time>2025-06-16T06:48:57Z</time>
      </trkpt>
      <trkpt lat="25.224725967273116" lon="121.549411034211516">
        <ele>543.700000000000045</ele>
        <time>2025-06-16T06:49:08Z</time>
      </trkpt>
      <trkpt lat="25.224649021402001" lon="121.549379015341401">
        <ele>545.899999999999977</ele>
        <time>2025-06-16T06:49:19Z</time>
      </trkpt>
      <trkpt lat="25.224551036953926" lon="121.549366023391485">
        <ele>545.299999999999955</ele>
        <time>2025-06-16T06:49:30Z</time>
      </trkpt>
      <trkpt lat="25.22447501309216" lon="121.549381026998162">
        <ele>544.899999999999977</ele>
        <time>2025-06-16T06:49:41Z</time>
      </trkpt>
      <trkpt lat="25.224452968686819" lon="121.549395024776459">
        <ele>545.100000000000023</ele>
        <time>2025-06-16T06:49:52Z</time>
      </trkpt>
      <trkpt lat="25.224436037242413" lon="121.549386978149414">
        <ele>546.200000000000045</ele>
        <time>2025-06-16T06:50:03Z</time>
      </trkpt>
      <trkpt lat="25.224416004493833" lon="121.549375997856259">
        <ele>548.600000000000023</ele>
        <time>2025-06-16T06:50:13Z</time>
      </trkpt>
      <trkpt lat="25.224412987008691" lon="121.549403993412852">
        <ele>547.799999999999955</ele>
        <time>2025-06-16T06:50:24Z</time>
      </trkpt>
      <trkpt lat="25.224412987008691" lon="121.549416985362768">
        <ele>547.100000000000023</ele>
        <time>2025-06-16T06:50:45Z</time>
      </trkpt>
      <trkpt lat="25.224397983402014" lon="121.549418997019529">
        <ele>546.799999999999955</ele>
        <time>2025-06-16T06:50:55Z</time>
      </trkpt>
      <trkpt lat="25.224381973966956" lon="121.549414973706007">
        <ele>545.600000000000023</ele>
        <time>2025-06-16T06:51:06Z</time>
      </trkpt>
      <trkpt lat="25.224381973966956" lon="121.549404999241233">
        <ele>544.200000000000045</ele>
        <time>2025-06-16T06:51:18Z</time>
      </trkpt>
      <trkpt lat="25.224377028644085" lon="121.549396030604839">
        <ele>544</ele>
        <time>2025-06-16T06:51:30Z</time>
      </trkpt>
      <trkpt lat="25.224364036694169" lon="121.549397958442569">
        <ele>545.399999999999977</ele>
        <time>2025-06-16T06:51:46Z</time>
      </trkpt>
      <trkpt lat="25.224350038915873" lon="121.549400975927711">
        <ele>545.899999999999977</ele>
        <time>2025-06-16T06:51:57Z</time>
      </trkpt>
      <trkpt lat="25.224340986460447" lon="121.549402987584472">
        <ele>546.600000000000023</ele>
        <time>2025-06-16T06:52:20Z</time>
      </trkpt>
      <trkpt lat="25.224348027259111" lon="121.549394018948078">
        <ele>545.200000000000045</ele>
        <time>2025-06-16T06:52:35Z</time>
      </trkpt>
      <trkpt lat="25.224344003945589" lon="121.549402987584472">
        <ele>545.600000000000023</ele>
        <time>2025-06-16T06:52:51Z</time>
      </trkpt>
      <trkpt lat="25.224348027259111" lon="121.549412040039897">
        <ele>546.5</ele>
        <time>2025-06-16T06:53:22Z</time>
      </trkpt>
      <trkpt lat="25.224402006715536" lon="121.549393013119698">
        <ele>543.299999999999955</ele>
        <time>2025-06-16T06:53:33Z</time>
      </trkpt>
      <trkpt lat="25.224380968138576" lon="121.549362000077963">
        <ele>544.799999999999955</ele>
        <time>2025-06-16T06:53:44Z</time>
      </trkpt>
      <trkpt lat="25.224371999502182" lon="121.549365017563105">
        <ele>546.399999999999977</ele>
        <time>2025-06-16T06:53:55Z</time>
      </trkpt>
      <trkpt lat="25.224363030865788" lon="121.549360994249582">
        <ele>546.600000000000023</ele>
        <time>2025-06-16T06:54:07Z</time>
      </trkpt>
      <trkpt lat="25.224350038915873" lon="121.549371974542737">
        <ele>543.600000000000023</ele>
        <time>2025-06-16T06:54:18Z</time>
      </trkpt>
      <trkpt lat="25.224339980632067" lon="121.549367029219866">
        <ele>545.700000000000045</ele>
        <time>2025-06-16T06:54:29Z</time>
      </trkpt>
      <trkpt lat="25.224327994510531" lon="121.549351019784808">
        <ele>545</ele>
        <time>2025-06-16T06:54:39Z</time>
      </trkpt>
      <trkpt lat="25.224342998117208" lon="121.549338027834892">
        <ele>545.799999999999955</ele>
        <time>2025-06-16T06:54:49Z</time>
      </trkpt>
      <trkpt lat="25.224336041137576" lon="121.549328975379467">
        <ele>545.299999999999955</ele>
        <time>2025-06-16T06:54:59Z</time>
      </trkpt>
      <trkpt lat="25.224319025874138" lon="121.549326041713357">
        <ele>546.200000000000045</ele>
        <time>2025-06-16T06:55:09Z</time>
      </trkpt>
      <trkpt lat="25.224317014217377" lon="121.549309026449919">
        <ele>547.399999999999977</ele>
        <time>2025-06-16T06:55:20Z</time>
      </trkpt>
      <trkpt lat="25.224297987297177" lon="121.549315983429551">
        <ele>548.200000000000045</ele>
        <time>2025-06-16T06:55:31Z</time>
      </trkpt>
      <trkpt lat="25.224299998953938" lon="121.549306008964777">
        <ele>548.299999999999955</ele>
        <time>2025-06-16T06:55:43Z</time>
      </trkpt>
      <trkpt lat="25.224313996732235" lon="121.549295028671622">
        <ele>548.700000000000045</ele>
        <time>2025-06-16T06:55:54Z</time>
      </trkpt>
      <trkpt lat="25.2243020106107" lon="121.549280025064945">
        <ele>548.399999999999977</ele>
        <time>2025-06-16T06:56:05Z</time>
      </trkpt>
      <trkpt lat="25.224278038367629" lon="121.549220010638237">
        <ele>551.100000000000023</ele>
        <time>2025-06-16T06:56:45Z</time>
      </trkpt>
      <trkpt lat="25.224247025325894" lon="121.549273990094662">
        <ele>551.299999999999955</ele>
        <time>2025-06-16T06:57:24Z</time>
      </trkpt>
      <trkpt lat="25.224251970648766" lon="121.549272984266281">
        <ele>551.200000000000045</ele>
        <time>2025-06-16T06:57:26Z</time>
      </trkpt>
      <trkpt lat="25.22425901144743" lon="121.549242977052927">
        <ele>550.5</ele>
        <time>2025-06-16T06:57:36Z</time>
      </trkpt>
      <trkpt lat="25.224269991740584" lon="121.549208024516702">
        <ele>549.700000000000045</ele>
        <time>2025-06-16T06:57:46Z</time>
      </trkpt>
      <trkpt lat="25.224273009225726" lon="121.5491390414536">
        <ele>547.600000000000023</ele>
        <time>2025-06-16T06:57:56Z</time>
      </trkpt>
      <trkpt lat="25.224267980083823" lon="121.549048013985157">
        <ele>547.799999999999955</ele>
        <time>2025-06-16T06:58:06Z</time>
      </trkpt>
      <trkpt lat="25.224204026162624" lon="121.548966960981488">
        <ele>550.5</ele>
        <time>2025-06-16T06:58:16Z</time>
      </trkpt>
      <trkpt lat="25.224166978150606" lon="121.548875011503696">
        <ele>549.600000000000023</ele>
        <time>2025-06-16T06:58:26Z</time>
      </trkpt>
      <trkpt lat="25.224139988422394" lon="121.548753976821899">
        <ele>551.100000000000023</ele>
        <time>2025-06-16T06:58:37Z</time>
      </trkpt>
      <trkpt lat="25.224166978150606" lon="121.548645012080669">
        <ele>547.799999999999955</ele>
        <time>2025-06-16T06:58:47Z</time>
      </trkpt>
      <trkpt lat="25.224150968715549" lon="121.548550967127085">
        <ele>546.799999999999955</ele>
        <time>2025-06-16T06:58:57Z</time>
      </trkpt>
      <trkpt lat="25.224077962338924" lon="121.548479972407222">
        <ele>543.700000000000045</ele>
        <time>2025-06-16T06:59:07Z</time>
      </trkpt>
      <trkpt lat="25.22400101646781" lon="121.548450971022248">
        <ele>543.600000000000023</ele>
        <time>2025-06-16T06:59:17Z</time>
      </trkpt>
      <trkpt lat="25.223996993154287" lon="121.548464968800545">
        <ele>545.200000000000045</ele>
        <time>2025-06-16T06:59:27Z</time>
      </trkpt>
      <trkpt lat="25.223984001204371" lon="121.548488019034266">
        <ele>547.700000000000045</ele>
        <time>2025-06-16T06:59:37Z</time>
      </trkpt>
      <trkpt lat="25.224003028124571" lon="121.548504028469324">
        <ele>547.399999999999977</ele>
        <time>2025-06-16T06:59:48Z</time>
      </trkpt>
      <trkpt lat="25.224011996760964" lon="121.548520959913731">
        <ele>550.399999999999977</ele>
        <time>2025-06-16T07:00:07Z</time>
      </trkpt>
      <trkpt lat="25.224005039781332" lon="121.548533029854298">
        <ele>551.200000000000045</ele>
        <time>2025-06-16T07:00:35Z</time>
      </trkpt>
      <trkpt lat="25.223987018689513" lon="121.548510985448956">
        <ele>549.5</ele>
        <time>2025-06-16T07:00:47Z</time>
      </trkpt>
    </trkseg>
  </trk>
</gpx>
